ISO-10303-21;
HEADER;
FILE_DESCRIPTION(('Open CASCADE Model'),'2;1');
FILE_NAME('Open CASCADE Shape Model','2026-09-16T08:03:01',('Author'),(
    'Open CASCADE'),'Open CASCADE STEP processor 7.9','Open CASCADE 7.9'
  ,'Unknown');
FILE_SCHEMA(('AUTOMOTIVE_DESIGN { 1 0 10303 214 1 1 1 1 }'));
ENDSEC;
DATA;
#1 = APPLICATION_PROTOCOL_DEFINITION('international standard',
  'automotive_design',2000,#2);
#2 = APPLICATION_CONTEXT(
  'core data for automotive mechanical design processes');
#3 = SHAPE_DEFINITION_REPRESENTATION(#4,#10);
#4 = PRODUCT_DEFINITION_SHAPE('','',#5);
#5 = PRODUCT_DEFINITION('design','',#6,#9);
#6 = PRODUCT_DEFINITION_FORMATION('','',#7);
#7 = PRODUCT('Pi_HQ_camera_mount','Pi_HQ_camera_mount','',(#8));
#8 = PRODUCT_CONTEXT('',#2,'mechanical');
#9 = PRODUCT_DEFINITION_CONTEXT('part definition',#2,'design');
#10 = SHAPE_REPRESENTATION('',(#11,#15,#19,#23,#27,#31,#35,#39,#43,#47,
    #51),#55);
#11 = AXIS2_PLACEMENT_3D('',#12,#13,#14);
#12 = CARTESIAN_POINT('',(0.,0.,0.));
#13 = DIRECTION('',(0.,0.,1.));
#14 = DIRECTION('',(1.,0.,-0.));
#15 = AXIS2_PLACEMENT_3D('',#16,#17,#18);
#16 = CARTESIAN_POINT('',(0.,0.,0.));
#17 = DIRECTION('',(0.,0.,1.));
#18 = DIRECTION('',(1.,0.,-0.));
#19 = AXIS2_PLACEMENT_3D('',#20,#21,#22);
#20 = CARTESIAN_POINT('',(0.,0.,0.));
#21 = DIRECTION('',(0.,0.,1.));
#22 = DIRECTION('',(1.,0.,-0.));
#23 = AXIS2_PLACEMENT_3D('',#24,#25,#26);
#24 = CARTESIAN_POINT('',(0.,0.,0.));
#25 = DIRECTION('',(0.,0.,1.));
#26 = DIRECTION('',(1.,0.,-0.));
#27 = AXIS2_PLACEMENT_3D('',#28,#29,#30);
#28 = CARTESIAN_POINT('',(0.,0.,0.));
#29 = DIRECTION('',(0.,0.,1.));
#30 = DIRECTION('',(1.,0.,-0.));
#31 = AXIS2_PLACEMENT_3D('',#32,#33,#34);
#32 = CARTESIAN_POINT('',(0.,0.,0.));
#33 = DIRECTION('',(0.,0.,1.));
#34 = DIRECTION('',(1.,0.,-0.));
#35 = AXIS2_PLACEMENT_3D('',#36,#37,#38);
#36 = CARTESIAN_POINT('',(0.,0.,0.));
#37 = DIRECTION('',(0.,0.,1.));
#38 = DIRECTION('',(1.,0.,-0.));
#39 = AXIS2_PLACEMENT_3D('',#40,#41,#42);
#40 = CARTESIAN_POINT('',(0.,0.,0.));
#41 = DIRECTION('',(0.,0.,1.));
#42 = DIRECTION('',(1.,0.,-0.));
#43 = AXIS2_PLACEMENT_3D('',#44,#45,#46);
#44 = CARTESIAN_POINT('',(0.,0.,0.));
#45 = DIRECTION('',(0.,0.,1.));
#46 = DIRECTION('',(1.,0.,-0.));
#47 = AXIS2_PLACEMENT_3D('',#48,#49,#50);
#48 = CARTESIAN_POINT('',(0.,0.,0.));
#49 = DIRECTION('',(0.,0.,1.));
#50 = DIRECTION('',(1.,0.,-0.));
#51 = AXIS2_PLACEMENT_3D('',#52,#53,#54);
#52 = CARTESIAN_POINT('',(0.,0.,0.));
#53 = DIRECTION('',(0.,0.,1.));
#54 = DIRECTION('',(1.,0.,-0.));
#55 = ( GEOMETRIC_REPRESENTATION_CONTEXT(3) 
GLOBAL_UNCERTAINTY_ASSIGNED_CONTEXT((#59)) GLOBAL_UNIT_ASSIGNED_CONTEXT(
(#56,#57,#58)) REPRESENTATION_CONTEXT('Context #1',
  '3D Context with UNIT and UNCERTAINTY') );
#56 = ( LENGTH_UNIT() NAMED_UNIT(*) SI_UNIT(.MILLI.,.METRE.) );
#57 = ( NAMED_UNIT(*) PLANE_ANGLE_UNIT() SI_UNIT($,.RADIAN.) );
#58 = ( NAMED_UNIT(*) SI_UNIT($,.STERADIAN.) SOLID_ANGLE_UNIT() );
#59 = UNCERTAINTY_MEASURE_WITH_UNIT(LENGTH_MEASURE(1.E-07),#56,
  'distance_accuracy_value','confusion accuracy');
#60 = PRODUCT_RELATED_PRODUCT_CATEGORY('part',$,(#7));
#61 = SHAPE_DEFINITION_REPRESENTATION(#62,#68);
#62 = PRODUCT_DEFINITION_SHAPE('','',#63);
#63 = PRODUCT_DEFINITION('design','',#64,#67);
#64 = PRODUCT_DEFINITION_FORMATION('','',#65);
#65 = PRODUCT('rail','rail','',(#66));
#66 = PRODUCT_CONTEXT('',#2,'mechanical');
#67 = PRODUCT_DEFINITION_CONTEXT('part definition',#2,'design');
#68 = ADVANCED_BREP_SHAPE_REPRESENTATION('',(#11,#69),#3467);
#69 = MANIFOLD_SOLID_BREP('',#70);
#70 = CLOSED_SHELL('',(#71,#303,#379,#552,#747,#796,#1579,#1654,#1681,
    #1731,#1786,#1836,#1891,#1918,#1925,#1980,#2035,#2085,#2135,#2206,
    #2255,#2304,#2353,#2402,#2429,#2456,#2483,#2554,#2603,#2652,#2701,
    #2750,#2777,#2848,#2897,#2946,#2995,#3044,#3071,#3098,#3125,#3196,
    #3245,#3294,#3343,#3392,#3419,#3431,#3443,#3455));
#71 = ADVANCED_FACE('',(#72),#86,.F.);
#72 = FACE_BOUND('',#73,.F.);
#73 = EDGE_LOOP('',(#74,#109,#137,#165,#193,#221,#249,#277));
#74 = ORIENTED_EDGE('',*,*,#75,.F.);
#75 = EDGE_CURVE('',#76,#78,#80,.T.);
#76 = VERTEX_POINT('',#77);
#77 = CARTESIAN_POINT('',(0.,-32.5,0.));
#78 = VERTEX_POINT('',#79);
#79 = CARTESIAN_POINT('',(0.,-32.5,4.));
#80 = SURFACE_CURVE('',#81,(#85,#97),.PCURVE_S1.);
#81 = LINE('',#82,#83);
#82 = CARTESIAN_POINT('',(0.,-32.5,0.));
#83 = VECTOR('',#84,1.);
#84 = DIRECTION('',(0.,0.,1.));
#85 = PCURVE('',#86,#91);
#86 = PLANE('',#87);
#87 = AXIS2_PLACEMENT_3D('',#88,#89,#90);
#88 = CARTESIAN_POINT('',(0.,-32.5,0.));
#89 = DIRECTION('',(1.,0.,0.));
#90 = DIRECTION('',(0.,0.,1.));
#91 = DEFINITIONAL_REPRESENTATION('',(#92),#96);
#92 = LINE('',#93,#94);
#93 = CARTESIAN_POINT('',(0.,0.));
#94 = VECTOR('',#95,1.);
#95 = DIRECTION('',(1.,0.));
#96 = ( GEOMETRIC_REPRESENTATION_CONTEXT(2) 
PARAMETRIC_REPRESENTATION_CONTEXT() REPRESENTATION_CONTEXT('2D SPACE',''
  ) );
#97 = PCURVE('',#98,#103);
#98 = PLANE('',#99);
#99 = AXIS2_PLACEMENT_3D('',#100,#101,#102);
#100 = CARTESIAN_POINT('',(0.,-32.5,0.));
#101 = DIRECTION('',(0.,1.,0.));
#102 = DIRECTION('',(0.,0.,1.));
#103 = DEFINITIONAL_REPRESENTATION('',(#104),#108);
#104 = LINE('',#105,#106);
#105 = CARTESIAN_POINT('',(0.,0.));
#106 = VECTOR('',#107,1.);
#107 = DIRECTION('',(1.,0.));
#108 = ( GEOMETRIC_REPRESENTATION_CONTEXT(2) 
PARAMETRIC_REPRESENTATION_CONTEXT() REPRESENTATION_CONTEXT('2D SPACE',''
  ) );
#109 = ORIENTED_EDGE('',*,*,#110,.T.);
#110 = EDGE_CURVE('',#76,#111,#113,.T.);
#111 = VERTEX_POINT('',#112);
#112 = CARTESIAN_POINT('',(0.,32.5,0.));
#113 = SURFACE_CURVE('',#114,(#118,#125),.PCURVE_S1.);
#114 = LINE('',#115,#116);
#115 = CARTESIAN_POINT('',(0.,-32.5,0.));
#116 = VECTOR('',#117,1.);
#117 = DIRECTION('',(0.,1.,0.));
#118 = PCURVE('',#86,#119);
#119 = DEFINITIONAL_REPRESENTATION('',(#120),#124);
#120 = LINE('',#121,#122);
#121 = CARTESIAN_POINT('',(0.,0.));
#122 = VECTOR('',#123,1.);
#123 = DIRECTION('',(0.,-1.));
#124 = ( GEOMETRIC_REPRESENTATION_CONTEXT(2) 
PARAMETRIC_REPRESENTATION_CONTEXT() REPRESENTATION_CONTEXT('2D SPACE',''
  ) );
#125 = PCURVE('',#126,#131);
#126 = PLANE('',#127);
#127 = AXIS2_PLACEMENT_3D('',#128,#129,#130);
#128 = CARTESIAN_POINT('',(0.,-32.5,0.));
#129 = DIRECTION('',(0.,0.,1.));
#130 = DIRECTION('',(1.,0.,0.));
#131 = DEFINITIONAL_REPRESENTATION('',(#132),#136);
#132 = LINE('',#133,#134);
#133 = CARTESIAN_POINT('',(0.,0.));
#134 = VECTOR('',#135,1.);
#135 = DIRECTION('',(0.,1.));
#136 = ( GEOMETRIC_REPRESENTATION_CONTEXT(2) 
PARAMETRIC_REPRESENTATION_CONTEXT() REPRESENTATION_CONTEXT('2D SPACE',''
  ) );
#137 = ORIENTED_EDGE('',*,*,#138,.T.);
#138 = EDGE_CURVE('',#111,#139,#141,.T.);
#139 = VERTEX_POINT('',#140);
#140 = CARTESIAN_POINT('',(0.,32.5,4.));
#141 = SURFACE_CURVE('',#142,(#146,#153),.PCURVE_S1.);
#142 = LINE('',#143,#144);
#143 = CARTESIAN_POINT('',(0.,32.5,0.));
#144 = VECTOR('',#145,1.);
#145 = DIRECTION('',(0.,0.,1.));
#146 = PCURVE('',#86,#147);
#147 = DEFINITIONAL_REPRESENTATION('',(#148),#152);
#148 = LINE('',#149,#150);
#149 = CARTESIAN_POINT('',(0.,-65.));
#150 = VECTOR('',#151,1.);
#151 = DIRECTION('',(1.,0.));
#152 = ( GEOMETRIC_REPRESENTATION_CONTEXT(2) 
PARAMETRIC_REPRESENTATION_CONTEXT() REPRESENTATION_CONTEXT('2D SPACE',''
  ) );
#153 = PCURVE('',#154,#159);
#154 = PLANE('',#155);
#155 = AXIS2_PLACEMENT_3D('',#156,#157,#158);
#156 = CARTESIAN_POINT('',(0.,32.5,0.));
#157 = DIRECTION('',(0.,1.,0.));
#158 = DIRECTION('',(0.,0.,1.));
#159 = DEFINITIONAL_REPRESENTATION('',(#160),#164);
#160 = LINE('',#161,#162);
#161 = CARTESIAN_POINT('',(0.,0.));
#162 = VECTOR('',#163,1.);
#163 = DIRECTION('',(1.,0.));
#164 = ( GEOMETRIC_REPRESENTATION_CONTEXT(2) 
PARAMETRIC_REPRESENTATION_CONTEXT() REPRESENTATION_CONTEXT('2D SPACE',''
  ) );
#165 = ORIENTED_EDGE('',*,*,#166,.F.);
#166 = EDGE_CURVE('',#167,#139,#169,.T.);
#167 = VERTEX_POINT('',#168);
#168 = CARTESIAN_POINT('',(0.,12.,4.));
#169 = SURFACE_CURVE('',#170,(#174,#181),.PCURVE_S1.);
#170 = LINE('',#171,#172);
#171 = CARTESIAN_POINT('',(0.,-32.5,4.));
#172 = VECTOR('',#173,1.);
#173 = DIRECTION('',(0.,1.,0.));
#174 = PCURVE('',#86,#175);
#175 = DEFINITIONAL_REPRESENTATION('',(#176),#180);
#176 = LINE('',#177,#178);
#177 = CARTESIAN_POINT('',(4.,0.));
#178 = VECTOR('',#179,1.);
#179 = DIRECTION('',(0.,-1.));
#180 = ( GEOMETRIC_REPRESENTATION_CONTEXT(2) 
PARAMETRIC_REPRESENTATION_CONTEXT() REPRESENTATION_CONTEXT('2D SPACE',''
  ) );
#181 = PCURVE('',#182,#187);
#182 = PLANE('',#183);
#183 = AXIS2_PLACEMENT_3D('',#184,#185,#186);
#184 = CARTESIAN_POINT('',(0.,-32.5,4.));
#185 = DIRECTION('',(0.,0.,1.));
#186 = DIRECTION('',(1.,0.,0.));
#187 = DEFINITIONAL_REPRESENTATION('',(#188),#192);
#188 = LINE('',#189,#190);
#189 = CARTESIAN_POINT('',(0.,0.));
#190 = VECTOR('',#191,1.);
#191 = DIRECTION('',(0.,1.));
#192 = ( GEOMETRIC_REPRESENTATION_CONTEXT(2) 
PARAMETRIC_REPRESENTATION_CONTEXT() REPRESENTATION_CONTEXT('2D SPACE',''
  ) );
#193 = ORIENTED_EDGE('',*,*,#194,.T.);
#194 = EDGE_CURVE('',#167,#195,#197,.T.);
#195 = VERTEX_POINT('',#196);
#196 = CARTESIAN_POINT('',(0.,20.,12.));
#197 = SURFACE_CURVE('',#198,(#202,#209),.PCURVE_S1.);
#198 = LINE('',#199,#200);
#199 = CARTESIAN_POINT('',(0.,12.,4.));
#200 = VECTOR('',#201,1.);
#201 = DIRECTION('',(0.,0.707106781187,0.707106781187));
#202 = PCURVE('',#86,#203);
#203 = DEFINITIONAL_REPRESENTATION('',(#204),#208);
#204 = LINE('',#205,#206);
#205 = CARTESIAN_POINT('',(4.,-44.5));
#206 = VECTOR('',#207,1.);
#207 = DIRECTION('',(0.707106781187,-0.707106781187));
#208 = ( GEOMETRIC_REPRESENTATION_CONTEXT(2) 
PARAMETRIC_REPRESENTATION_CONTEXT() REPRESENTATION_CONTEXT('2D SPACE',''
  ) );
#209 = PCURVE('',#210,#215);
#210 = PLANE('',#211);
#211 = AXIS2_PLACEMENT_3D('',#212,#213,#214);
#212 = CARTESIAN_POINT('',(0.,12.,4.));
#213 = DIRECTION('',(0.,-0.707106781187,0.707106781187));
#214 = DIRECTION('',(0.,0.707106781187,0.707106781187));
#215 = DEFINITIONAL_REPRESENTATION('',(#216),#220);
#216 = LINE('',#217,#218);
#217 = CARTESIAN_POINT('',(0.,0.));
#218 = VECTOR('',#219,1.);
#219 = DIRECTION('',(1.,0.));
#220 = ( GEOMETRIC_REPRESENTATION_CONTEXT(2) 
PARAMETRIC_REPRESENTATION_CONTEXT() REPRESENTATION_CONTEXT('2D SPACE',''
  ) );
#221 = ORIENTED_EDGE('',*,*,#222,.T.);
#222 = EDGE_CURVE('',#195,#223,#225,.T.);
#223 = VERTEX_POINT('',#224);
#224 = CARTESIAN_POINT('',(0.,-20.,12.));
#225 = SURFACE_CURVE('',#226,(#230,#237),.PCURVE_S1.);
#226 = LINE('',#227,#228);
#227 = CARTESIAN_POINT('',(0.,20.,12.));
#228 = VECTOR('',#229,1.);
#229 = DIRECTION('',(0.,-1.,0.));
#230 = PCURVE('',#86,#231);
#231 = DEFINITIONAL_REPRESENTATION('',(#232),#236);
#232 = LINE('',#233,#234);
#233 = CARTESIAN_POINT('',(12.,-52.5));
#234 = VECTOR('',#235,1.);
#235 = DIRECTION('',(0.,1.));
#236 = ( GEOMETRIC_REPRESENTATION_CONTEXT(2) 
PARAMETRIC_REPRESENTATION_CONTEXT() REPRESENTATION_CONTEXT('2D SPACE',''
  ) );
#237 = PCURVE('',#238,#243);
#238 = PLANE('',#239);
#239 = AXIS2_PLACEMENT_3D('',#240,#241,#242);
#240 = CARTESIAN_POINT('',(0.,20.,12.));
#241 = DIRECTION('',(0.,0.,-1.));
#242 = DIRECTION('',(0.,-1.,0.));
#243 = DEFINITIONAL_REPRESENTATION('',(#244),#248);
#244 = LINE('',#245,#246);
#245 = CARTESIAN_POINT('',(0.,-0.));
#246 = VECTOR('',#247,1.);
#247 = DIRECTION('',(1.,0.));
#248 = ( GEOMETRIC_REPRESENTATION_CONTEXT(2) 
PARAMETRIC_REPRESENTATION_CONTEXT() REPRESENTATION_CONTEXT('2D SPACE',''
  ) );
#249 = ORIENTED_EDGE('',*,*,#250,.T.);
#250 = EDGE_CURVE('',#223,#251,#253,.T.);
#251 = VERTEX_POINT('',#252);
#252 = CARTESIAN_POINT('',(0.,-12.,4.));
#253 = SURFACE_CURVE('',#254,(#258,#265),.PCURVE_S1.);
#254 = LINE('',#255,#256);
#255 = CARTESIAN_POINT('',(0.,-20.,12.));
#256 = VECTOR('',#257,1.);
#257 = DIRECTION('',(0.,0.707106781187,-0.707106781187));
#258 = PCURVE('',#86,#259);
#259 = DEFINITIONAL_REPRESENTATION('',(#260),#264);
#260 = LINE('',#261,#262);
#261 = CARTESIAN_POINT('',(12.,-12.5));
#262 = VECTOR('',#263,1.);
#263 = DIRECTION('',(-0.707106781187,-0.707106781187));
#264 = ( GEOMETRIC_REPRESENTATION_CONTEXT(2) 
PARAMETRIC_REPRESENTATION_CONTEXT() REPRESENTATION_CONTEXT('2D SPACE',''
  ) );
#265 = PCURVE('',#266,#271);
#266 = PLANE('',#267);
#267 = AXIS2_PLACEMENT_3D('',#268,#269,#270);
#268 = CARTESIAN_POINT('',(0.,-20.,12.));
#269 = DIRECTION('',(-0.,0.707106781187,0.707106781187));
#270 = DIRECTION('',(0.,0.707106781187,-0.707106781187));
#271 = DEFINITIONAL_REPRESENTATION('',(#272),#276);
#272 = LINE('',#273,#274);
#273 = CARTESIAN_POINT('',(0.,0.));
#274 = VECTOR('',#275,1.);
#275 = DIRECTION('',(1.,0.));
#276 = ( GEOMETRIC_REPRESENTATION_CONTEXT(2) 
PARAMETRIC_REPRESENTATION_CONTEXT() REPRESENTATION_CONTEXT('2D SPACE',''
  ) );
#277 = ORIENTED_EDGE('',*,*,#278,.F.);
#278 = EDGE_CURVE('',#78,#251,#279,.T.);
#279 = SURFACE_CURVE('',#280,(#284,#291),.PCURVE_S1.);
#280 = LINE('',#281,#282);
#281 = CARTESIAN_POINT('',(0.,-32.5,4.));
#282 = VECTOR('',#283,1.);
#283 = DIRECTION('',(0.,1.,0.));
#284 = PCURVE('',#86,#285);
#285 = DEFINITIONAL_REPRESENTATION('',(#286),#290);
#286 = LINE('',#287,#288);
#287 = CARTESIAN_POINT('',(4.,0.));
#288 = VECTOR('',#289,1.);
#289 = DIRECTION('',(0.,-1.));
#290 = ( GEOMETRIC_REPRESENTATION_CONTEXT(2) 
PARAMETRIC_REPRESENTATION_CONTEXT() REPRESENTATION_CONTEXT('2D SPACE',''
  ) );
#291 = PCURVE('',#292,#297);
#292 = PLANE('',#293);
#293 = AXIS2_PLACEMENT_3D('',#294,#295,#296);
#294 = CARTESIAN_POINT('',(0.,-32.5,4.));
#295 = DIRECTION('',(0.,0.,1.));
#296 = DIRECTION('',(1.,0.,0.));
#297 = DEFINITIONAL_REPRESENTATION('',(#298),#302);
#298 = LINE('',#299,#300);
#299 = CARTESIAN_POINT('',(0.,0.));
#300 = VECTOR('',#301,1.);
#301 = DIRECTION('',(0.,1.));
#302 = ( GEOMETRIC_REPRESENTATION_CONTEXT(2) 
PARAMETRIC_REPRESENTATION_CONTEXT() REPRESENTATION_CONTEXT('2D SPACE',''
  ) );
#303 = ADVANCED_FACE('',(#304),#98,.F.);
#304 = FACE_BOUND('',#305,.F.);
#305 = EDGE_LOOP('',(#306,#329,#330,#353));
#306 = ORIENTED_EDGE('',*,*,#307,.F.);
#307 = EDGE_CURVE('',#76,#308,#310,.T.);
#308 = VERTEX_POINT('',#309);
#309 = CARTESIAN_POINT('',(200.,-32.5,0.));
#310 = SURFACE_CURVE('',#311,(#315,#322),.PCURVE_S1.);
#311 = LINE('',#312,#313);
#312 = CARTESIAN_POINT('',(0.,-32.5,0.));
#313 = VECTOR('',#314,1.);
#314 = DIRECTION('',(1.,0.,0.));
#315 = PCURVE('',#98,#316);
#316 = DEFINITIONAL_REPRESENTATION('',(#317),#321);
#317 = LINE('',#318,#319);
#318 = CARTESIAN_POINT('',(0.,0.));
#319 = VECTOR('',#320,1.);
#320 = DIRECTION('',(0.,1.));
#321 = ( GEOMETRIC_REPRESENTATION_CONTEXT(2) 
PARAMETRIC_REPRESENTATION_CONTEXT() REPRESENTATION_CONTEXT('2D SPACE',''
  ) );
#322 = PCURVE('',#126,#323);
#323 = DEFINITIONAL_REPRESENTATION('',(#324),#328);
#324 = LINE('',#325,#326);
#325 = CARTESIAN_POINT('',(0.,0.));
#326 = VECTOR('',#327,1.);
#327 = DIRECTION('',(1.,0.));
#328 = ( GEOMETRIC_REPRESENTATION_CONTEXT(2) 
PARAMETRIC_REPRESENTATION_CONTEXT() REPRESENTATION_CONTEXT('2D SPACE',''
  ) );
#329 = ORIENTED_EDGE('',*,*,#75,.T.);
#330 = ORIENTED_EDGE('',*,*,#331,.T.);
#331 = EDGE_CURVE('',#78,#332,#334,.T.);
#332 = VERTEX_POINT('',#333);
#333 = CARTESIAN_POINT('',(200.,-32.5,4.));
#334 = SURFACE_CURVE('',#335,(#339,#346),.PCURVE_S1.);
#335 = LINE('',#336,#337);
#336 = CARTESIAN_POINT('',(0.,-32.5,4.));
#337 = VECTOR('',#338,1.);
#338 = DIRECTION('',(1.,0.,0.));
#339 = PCURVE('',#98,#340);
#340 = DEFINITIONAL_REPRESENTATION('',(#341),#345);
#341 = LINE('',#342,#343);
#342 = CARTESIAN_POINT('',(4.,0.));
#343 = VECTOR('',#344,1.);
#344 = DIRECTION('',(0.,1.));
#345 = ( GEOMETRIC_REPRESENTATION_CONTEXT(2) 
PARAMETRIC_REPRESENTATION_CONTEXT() REPRESENTATION_CONTEXT('2D SPACE',''
  ) );
#346 = PCURVE('',#292,#347);
#347 = DEFINITIONAL_REPRESENTATION('',(#348),#352);
#348 = LINE('',#349,#350);
#349 = CARTESIAN_POINT('',(0.,0.));
#350 = VECTOR('',#351,1.);
#351 = DIRECTION('',(1.,0.));
#352 = ( GEOMETRIC_REPRESENTATION_CONTEXT(2) 
PARAMETRIC_REPRESENTATION_CONTEXT() REPRESENTATION_CONTEXT('2D SPACE',''
  ) );
#353 = ORIENTED_EDGE('',*,*,#354,.F.);
#354 = EDGE_CURVE('',#308,#332,#355,.T.);
#355 = SURFACE_CURVE('',#356,(#360,#367),.PCURVE_S1.);
#356 = LINE('',#357,#358);
#357 = CARTESIAN_POINT('',(200.,-32.5,0.));
#358 = VECTOR('',#359,1.);
#359 = DIRECTION('',(0.,0.,1.));
#360 = PCURVE('',#98,#361);
#361 = DEFINITIONAL_REPRESENTATION('',(#362),#366);
#362 = LINE('',#363,#364);
#363 = CARTESIAN_POINT('',(0.,200.));
#364 = VECTOR('',#365,1.);
#365 = DIRECTION('',(1.,0.));
#366 = ( GEOMETRIC_REPRESENTATION_CONTEXT(2) 
PARAMETRIC_REPRESENTATION_CONTEXT() REPRESENTATION_CONTEXT('2D SPACE',''
  ) );
#367 = PCURVE('',#368,#373);
#368 = PLANE('',#369);
#369 = AXIS2_PLACEMENT_3D('',#370,#371,#372);
#370 = CARTESIAN_POINT('',(200.,-32.5,0.));
#371 = DIRECTION('',(1.,0.,0.));
#372 = DIRECTION('',(0.,0.,1.));
#373 = DEFINITIONAL_REPRESENTATION('',(#374),#378);
#374 = LINE('',#375,#376);
#375 = CARTESIAN_POINT('',(0.,0.));
#376 = VECTOR('',#377,1.);
#377 = DIRECTION('',(1.,0.));
#378 = ( GEOMETRIC_REPRESENTATION_CONTEXT(2) 
PARAMETRIC_REPRESENTATION_CONTEXT() REPRESENTATION_CONTEXT('2D SPACE',''
  ) );
#379 = ADVANCED_FACE('',(#380,#428,#459,#490,#521),#292,.T.);
#380 = FACE_BOUND('',#381,.T.);
#381 = EDGE_LOOP('',(#382,#383,#384,#407));
#382 = ORIENTED_EDGE('',*,*,#278,.F.);
#383 = ORIENTED_EDGE('',*,*,#331,.T.);
#384 = ORIENTED_EDGE('',*,*,#385,.T.);
#385 = EDGE_CURVE('',#332,#386,#388,.T.);
#386 = VERTEX_POINT('',#387);
#387 = CARTESIAN_POINT('',(200.,-12.,4.));
#388 = SURFACE_CURVE('',#389,(#393,#400),.PCURVE_S1.);
#389 = LINE('',#390,#391);
#390 = CARTESIAN_POINT('',(200.,-32.5,4.));
#391 = VECTOR('',#392,1.);
#392 = DIRECTION('',(0.,1.,0.));
#393 = PCURVE('',#292,#394);
#394 = DEFINITIONAL_REPRESENTATION('',(#395),#399);
#395 = LINE('',#396,#397);
#396 = CARTESIAN_POINT('',(200.,0.));
#397 = VECTOR('',#398,1.);
#398 = DIRECTION('',(0.,1.));
#399 = ( GEOMETRIC_REPRESENTATION_CONTEXT(2) 
PARAMETRIC_REPRESENTATION_CONTEXT() REPRESENTATION_CONTEXT('2D SPACE',''
  ) );
#400 = PCURVE('',#368,#401);
#401 = DEFINITIONAL_REPRESENTATION('',(#402),#406);
#402 = LINE('',#403,#404);
#403 = CARTESIAN_POINT('',(4.,0.));
#404 = VECTOR('',#405,1.);
#405 = DIRECTION('',(0.,-1.));
#406 = ( GEOMETRIC_REPRESENTATION_CONTEXT(2) 
PARAMETRIC_REPRESENTATION_CONTEXT() REPRESENTATION_CONTEXT('2D SPACE',''
  ) );
#407 = ORIENTED_EDGE('',*,*,#408,.F.);
#408 = EDGE_CURVE('',#251,#386,#409,.T.);
#409 = SURFACE_CURVE('',#410,(#414,#421),.PCURVE_S1.);
#410 = LINE('',#411,#412);
#411 = CARTESIAN_POINT('',(0.,-12.,4.));
#412 = VECTOR('',#413,1.);
#413 = DIRECTION('',(1.,0.,0.));
#414 = PCURVE('',#292,#415);
#415 = DEFINITIONAL_REPRESENTATION('',(#416),#420);
#416 = LINE('',#417,#418);
#417 = CARTESIAN_POINT('',(0.,20.5));
#418 = VECTOR('',#419,1.);
#419 = DIRECTION('',(1.,0.));
#420 = ( GEOMETRIC_REPRESENTATION_CONTEXT(2) 
PARAMETRIC_REPRESENTATION_CONTEXT() REPRESENTATION_CONTEXT('2D SPACE',''
  ) );
#421 = PCURVE('',#266,#422);
#422 = DEFINITIONAL_REPRESENTATION('',(#423),#427);
#423 = LINE('',#424,#425);
#424 = CARTESIAN_POINT('',(11.313708498985,0.));
#425 = VECTOR('',#426,1.);
#426 = DIRECTION('',(0.,-1.));
#427 = ( GEOMETRIC_REPRESENTATION_CONTEXT(2) 
PARAMETRIC_REPRESENTATION_CONTEXT() REPRESENTATION_CONTEXT('2D SPACE',''
  ) );
#428 = FACE_BOUND('',#429,.T.);
#429 = EDGE_LOOP('',(#430));
#430 = ORIENTED_EDGE('',*,*,#431,.F.);
#431 = EDGE_CURVE('',#432,#432,#434,.T.);
#432 = VERTEX_POINT('',#433);
#433 = CARTESIAN_POINT('',(26.2,-27.,4.));
#434 = SURFACE_CURVE('',#435,(#440,#447),.PCURVE_S1.);
#435 = CIRCLE('',#436,4.2);
#436 = AXIS2_PLACEMENT_3D('',#437,#438,#439);
#437 = CARTESIAN_POINT('',(22.,-27.,4.));
#438 = DIRECTION('',(0.,0.,1.));
#439 = DIRECTION('',(1.,0.,-0.));
#440 = PCURVE('',#292,#441);
#441 = DEFINITIONAL_REPRESENTATION('',(#442),#446);
#442 = CIRCLE('',#443,4.2);
#443 = AXIS2_PLACEMENT_2D('',#444,#445);
#444 = CARTESIAN_POINT('',(22.,5.5));
#445 = DIRECTION('',(1.,0.));
#446 = ( GEOMETRIC_REPRESENTATION_CONTEXT(2) 
PARAMETRIC_REPRESENTATION_CONTEXT() REPRESENTATION_CONTEXT('2D SPACE',''
  ) );
#447 = PCURVE('',#448,#453);
#448 = CONICAL_SURFACE('',#449,2.2,0.785398163397);
#449 = AXIS2_PLACEMENT_3D('',#450,#451,#452);
#450 = CARTESIAN_POINT('',(22.,-27.,2.));
#451 = DIRECTION('',(0.,0.,1.));
#452 = DIRECTION('',(1.,0.,-0.));
#453 = DEFINITIONAL_REPRESENTATION('',(#454),#458);
#454 = LINE('',#455,#456);
#455 = CARTESIAN_POINT('',(0.,2.));
#456 = VECTOR('',#457,1.);
#457 = DIRECTION('',(1.,0.));
#458 = ( GEOMETRIC_REPRESENTATION_CONTEXT(2) 
PARAMETRIC_REPRESENTATION_CONTEXT() REPRESENTATION_CONTEXT('2D SPACE',''
  ) );
#459 = FACE_BOUND('',#460,.T.);
#460 = EDGE_LOOP('',(#461));
#461 = ORIENTED_EDGE('',*,*,#462,.F.);
#462 = EDGE_CURVE('',#463,#463,#465,.T.);
#463 = VERTEX_POINT('',#464);
#464 = CARTESIAN_POINT('',(5.7,-26.,4.));
#465 = SURFACE_CURVE('',#466,(#471,#478),.PCURVE_S1.);
#466 = CIRCLE('',#467,1.7);
#467 = AXIS2_PLACEMENT_3D('',#468,#469,#470);
#468 = CARTESIAN_POINT('',(4.,-26.,4.));
#469 = DIRECTION('',(0.,0.,1.));
#470 = DIRECTION('',(1.,0.,-0.));
#471 = PCURVE('',#292,#472);
#472 = DEFINITIONAL_REPRESENTATION('',(#473),#477);
#473 = CIRCLE('',#474,1.7);
#474 = AXIS2_PLACEMENT_2D('',#475,#476);
#475 = CARTESIAN_POINT('',(4.,6.5));
#476 = DIRECTION('',(1.,0.));
#477 = ( GEOMETRIC_REPRESENTATION_CONTEXT(2) 
PARAMETRIC_REPRESENTATION_CONTEXT() REPRESENTATION_CONTEXT('2D SPACE',''
  ) );
#478 = PCURVE('',#479,#484);
#479 = CYLINDRICAL_SURFACE('',#480,1.7);
#480 = AXIS2_PLACEMENT_3D('',#481,#482,#483);
#481 = CARTESIAN_POINT('',(4.,-26.,-1.));
#482 = DIRECTION('',(0.,0.,1.));
#483 = DIRECTION('',(1.,0.,-0.));
#484 = DEFINITIONAL_REPRESENTATION('',(#485),#489);
#485 = LINE('',#486,#487);
#486 = CARTESIAN_POINT('',(0.,5.));
#487 = VECTOR('',#488,1.);
#488 = DIRECTION('',(1.,0.));
#489 = ( GEOMETRIC_REPRESENTATION_CONTEXT(2) 
PARAMETRIC_REPRESENTATION_CONTEXT() REPRESENTATION_CONTEXT('2D SPACE',''
  ) );
#490 = FACE_BOUND('',#491,.T.);
#491 = EDGE_LOOP('',(#492));
#492 = ORIENTED_EDGE('',*,*,#493,.F.);
#493 = EDGE_CURVE('',#494,#494,#496,.T.);
#494 = VERTEX_POINT('',#495);
#495 = CARTESIAN_POINT('',(182.2,-27.,4.));
#496 = SURFACE_CURVE('',#497,(#502,#509),.PCURVE_S1.);
#497 = CIRCLE('',#498,4.2);
#498 = AXIS2_PLACEMENT_3D('',#499,#500,#501);
#499 = CARTESIAN_POINT('',(178.,-27.,4.));
#500 = DIRECTION('',(0.,0.,1.));
#501 = DIRECTION('',(1.,0.,-0.));
#502 = PCURVE('',#292,#503);
#503 = DEFINITIONAL_REPRESENTATION('',(#504),#508);
#504 = CIRCLE('',#505,4.2);
#505 = AXIS2_PLACEMENT_2D('',#506,#507);
#506 = CARTESIAN_POINT('',(178.,5.5));
#507 = DIRECTION('',(1.,0.));
#508 = ( GEOMETRIC_REPRESENTATION_CONTEXT(2) 
PARAMETRIC_REPRESENTATION_CONTEXT() REPRESENTATION_CONTEXT('2D SPACE',''
  ) );
#509 = PCURVE('',#510,#515);
#510 = CONICAL_SURFACE('',#511,2.2,0.785398163397);
#511 = AXIS2_PLACEMENT_3D('',#512,#513,#514);
#512 = CARTESIAN_POINT('',(178.,-27.,2.));
#513 = DIRECTION('',(0.,0.,1.));
#514 = DIRECTION('',(1.,0.,-0.));
#515 = DEFINITIONAL_REPRESENTATION('',(#516),#520);
#516 = LINE('',#517,#518);
#517 = CARTESIAN_POINT('',(0.,2.));
#518 = VECTOR('',#519,1.);
#519 = DIRECTION('',(1.,0.));
#520 = ( GEOMETRIC_REPRESENTATION_CONTEXT(2) 
PARAMETRIC_REPRESENTATION_CONTEXT() REPRESENTATION_CONTEXT('2D SPACE',''
  ) );
#521 = FACE_BOUND('',#522,.T.);
#522 = EDGE_LOOP('',(#523));
#523 = ORIENTED_EDGE('',*,*,#524,.F.);
#524 = EDGE_CURVE('',#525,#525,#527,.T.);
#525 = VERTEX_POINT('',#526);
#526 = CARTESIAN_POINT('',(197.7,-26.,4.));
#527 = SURFACE_CURVE('',#528,(#533,#540),.PCURVE_S1.);
#528 = CIRCLE('',#529,1.7);
#529 = AXIS2_PLACEMENT_3D('',#530,#531,#532);
#530 = CARTESIAN_POINT('',(196.,-26.,4.));
#531 = DIRECTION('',(0.,0.,1.));
#532 = DIRECTION('',(1.,0.,-0.));
#533 = PCURVE('',#292,#534);
#534 = DEFINITIONAL_REPRESENTATION('',(#535),#539);
#535 = CIRCLE('',#536,1.7);
#536 = AXIS2_PLACEMENT_2D('',#537,#538);
#537 = CARTESIAN_POINT('',(196.,6.5));
#538 = DIRECTION('',(1.,0.));
#539 = ( GEOMETRIC_REPRESENTATION_CONTEXT(2) 
PARAMETRIC_REPRESENTATION_CONTEXT() REPRESENTATION_CONTEXT('2D SPACE',''
  ) );
#540 = PCURVE('',#541,#546);
#541 = CYLINDRICAL_SURFACE('',#542,1.7);
#542 = AXIS2_PLACEMENT_3D('',#543,#544,#545);
#543 = CARTESIAN_POINT('',(196.,-26.,-1.));
#544 = DIRECTION('',(0.,0.,1.));
#545 = DIRECTION('',(1.,0.,-0.));
#546 = DEFINITIONAL_REPRESENTATION('',(#547),#551);
#547 = LINE('',#548,#549);
#548 = CARTESIAN_POINT('',(0.,5.));
#549 = VECTOR('',#550,1.);
#550 = DIRECTION('',(1.,0.));
#551 = ( GEOMETRIC_REPRESENTATION_CONTEXT(2) 
PARAMETRIC_REPRESENTATION_CONTEXT() REPRESENTATION_CONTEXT('2D SPACE',''
  ) );
#552 = ADVANCED_FACE('',(#553,#623,#654,#685,#716),#182,.T.);
#553 = FACE_BOUND('',#554,.T.);
#554 = EDGE_LOOP('',(#555,#556,#579,#602));
#555 = ORIENTED_EDGE('',*,*,#166,.F.);
#556 = ORIENTED_EDGE('',*,*,#557,.T.);
#557 = EDGE_CURVE('',#167,#558,#560,.T.);
#558 = VERTEX_POINT('',#559);
#559 = CARTESIAN_POINT('',(200.,12.,4.));
#560 = SURFACE_CURVE('',#561,(#565,#572),.PCURVE_S1.);
#561 = LINE('',#562,#563);
#562 = CARTESIAN_POINT('',(0.,12.,4.));
#563 = VECTOR('',#564,1.);
#564 = DIRECTION('',(1.,0.,0.));
#565 = PCURVE('',#182,#566);
#566 = DEFINITIONAL_REPRESENTATION('',(#567),#571);
#567 = LINE('',#568,#569);
#568 = CARTESIAN_POINT('',(0.,44.5));
#569 = VECTOR('',#570,1.);
#570 = DIRECTION('',(1.,0.));
#571 = ( GEOMETRIC_REPRESENTATION_CONTEXT(2) 
PARAMETRIC_REPRESENTATION_CONTEXT() REPRESENTATION_CONTEXT('2D SPACE',''
  ) );
#572 = PCURVE('',#210,#573);
#573 = DEFINITIONAL_REPRESENTATION('',(#574),#578);
#574 = LINE('',#575,#576);
#575 = CARTESIAN_POINT('',(0.,0.));
#576 = VECTOR('',#577,1.);
#577 = DIRECTION('',(0.,-1.));
#578 = ( GEOMETRIC_REPRESENTATION_CONTEXT(2) 
PARAMETRIC_REPRESENTATION_CONTEXT() REPRESENTATION_CONTEXT('2D SPACE',''
  ) );
#579 = ORIENTED_EDGE('',*,*,#580,.T.);
#580 = EDGE_CURVE('',#558,#581,#583,.T.);
#581 = VERTEX_POINT('',#582);
#582 = CARTESIAN_POINT('',(200.,32.5,4.));
#583 = SURFACE_CURVE('',#584,(#588,#595),.PCURVE_S1.);
#584 = LINE('',#585,#586);
#585 = CARTESIAN_POINT('',(200.,-32.5,4.));
#586 = VECTOR('',#587,1.);
#587 = DIRECTION('',(0.,1.,0.));
#588 = PCURVE('',#182,#589);
#589 = DEFINITIONAL_REPRESENTATION('',(#590),#594);
#590 = LINE('',#591,#592);
#591 = CARTESIAN_POINT('',(200.,0.));
#592 = VECTOR('',#593,1.);
#593 = DIRECTION('',(0.,1.));
#594 = ( GEOMETRIC_REPRESENTATION_CONTEXT(2) 
PARAMETRIC_REPRESENTATION_CONTEXT() REPRESENTATION_CONTEXT('2D SPACE',''
  ) );
#595 = PCURVE('',#368,#596);
#596 = DEFINITIONAL_REPRESENTATION('',(#597),#601);
#597 = LINE('',#598,#599);
#598 = CARTESIAN_POINT('',(4.,0.));
#599 = VECTOR('',#600,1.);
#600 = DIRECTION('',(0.,-1.));
#601 = ( GEOMETRIC_REPRESENTATION_CONTEXT(2) 
PARAMETRIC_REPRESENTATION_CONTEXT() REPRESENTATION_CONTEXT('2D SPACE',''
  ) );
#602 = ORIENTED_EDGE('',*,*,#603,.F.);
#603 = EDGE_CURVE('',#139,#581,#604,.T.);
#604 = SURFACE_CURVE('',#605,(#609,#616),.PCURVE_S1.);
#605 = LINE('',#606,#607);
#606 = CARTESIAN_POINT('',(0.,32.5,4.));
#607 = VECTOR('',#608,1.);
#608 = DIRECTION('',(1.,0.,0.));
#609 = PCURVE('',#182,#610);
#610 = DEFINITIONAL_REPRESENTATION('',(#611),#615);
#611 = LINE('',#612,#613);
#612 = CARTESIAN_POINT('',(0.,65.));
#613 = VECTOR('',#614,1.);
#614 = DIRECTION('',(1.,0.));
#615 = ( GEOMETRIC_REPRESENTATION_CONTEXT(2) 
PARAMETRIC_REPRESENTATION_CONTEXT() REPRESENTATION_CONTEXT('2D SPACE',''
  ) );
#616 = PCURVE('',#154,#617);
#617 = DEFINITIONAL_REPRESENTATION('',(#618),#622);
#618 = LINE('',#619,#620);
#619 = CARTESIAN_POINT('',(4.,0.));
#620 = VECTOR('',#621,1.);
#621 = DIRECTION('',(0.,1.));
#622 = ( GEOMETRIC_REPRESENTATION_CONTEXT(2) 
PARAMETRIC_REPRESENTATION_CONTEXT() REPRESENTATION_CONTEXT('2D SPACE',''
  ) );
#623 = FACE_BOUND('',#624,.T.);
#624 = EDGE_LOOP('',(#625));
#625 = ORIENTED_EDGE('',*,*,#626,.F.);
#626 = EDGE_CURVE('',#627,#627,#629,.T.);
#627 = VERTEX_POINT('',#628);
#628 = CARTESIAN_POINT('',(5.7,26.,4.));
#629 = SURFACE_CURVE('',#630,(#635,#642),.PCURVE_S1.);
#630 = CIRCLE('',#631,1.7);
#631 = AXIS2_PLACEMENT_3D('',#632,#633,#634);
#632 = CARTESIAN_POINT('',(4.,26.,4.));
#633 = DIRECTION('',(0.,0.,1.));
#634 = DIRECTION('',(1.,0.,-0.));
#635 = PCURVE('',#182,#636);
#636 = DEFINITIONAL_REPRESENTATION('',(#637),#641);
#637 = CIRCLE('',#638,1.7);
#638 = AXIS2_PLACEMENT_2D('',#639,#640);
#639 = CARTESIAN_POINT('',(4.,58.5));
#640 = DIRECTION('',(1.,0.));
#641 = ( GEOMETRIC_REPRESENTATION_CONTEXT(2) 
PARAMETRIC_REPRESENTATION_CONTEXT() REPRESENTATION_CONTEXT('2D SPACE',''
  ) );
#642 = PCURVE('',#643,#648);
#643 = CYLINDRICAL_SURFACE('',#644,1.7);
#644 = AXIS2_PLACEMENT_3D('',#645,#646,#647);
#645 = CARTESIAN_POINT('',(4.,26.,-1.));
#646 = DIRECTION('',(0.,0.,1.));
#647 = DIRECTION('',(1.,0.,-0.));
#648 = DEFINITIONAL_REPRESENTATION('',(#649),#653);
#649 = LINE('',#650,#651);
#650 = CARTESIAN_POINT('',(0.,5.));
#651 = VECTOR('',#652,1.);
#652 = DIRECTION('',(1.,0.));
#653 = ( GEOMETRIC_REPRESENTATION_CONTEXT(2) 
PARAMETRIC_REPRESENTATION_CONTEXT() REPRESENTATION_CONTEXT('2D SPACE',''
  ) );
#654 = FACE_BOUND('',#655,.T.);
#655 = EDGE_LOOP('',(#656));
#656 = ORIENTED_EDGE('',*,*,#657,.F.);
#657 = EDGE_CURVE('',#658,#658,#660,.T.);
#658 = VERTEX_POINT('',#659);
#659 = CARTESIAN_POINT('',(197.7,26.,4.));
#660 = SURFACE_CURVE('',#661,(#666,#673),.PCURVE_S1.);
#661 = CIRCLE('',#662,1.7);
#662 = AXIS2_PLACEMENT_3D('',#663,#664,#665);
#663 = CARTESIAN_POINT('',(196.,26.,4.));
#664 = DIRECTION('',(0.,0.,1.));
#665 = DIRECTION('',(1.,0.,-0.));
#666 = PCURVE('',#182,#667);
#667 = DEFINITIONAL_REPRESENTATION('',(#668),#672);
#668 = CIRCLE('',#669,1.7);
#669 = AXIS2_PLACEMENT_2D('',#670,#671);
#670 = CARTESIAN_POINT('',(196.,58.5));
#671 = DIRECTION('',(1.,0.));
#672 = ( GEOMETRIC_REPRESENTATION_CONTEXT(2) 
PARAMETRIC_REPRESENTATION_CONTEXT() REPRESENTATION_CONTEXT('2D SPACE',''
  ) );
#673 = PCURVE('',#674,#679);
#674 = CYLINDRICAL_SURFACE('',#675,1.7);
#675 = AXIS2_PLACEMENT_3D('',#676,#677,#678);
#676 = CARTESIAN_POINT('',(196.,26.,-1.));
#677 = DIRECTION('',(0.,0.,1.));
#678 = DIRECTION('',(1.,0.,-0.));
#679 = DEFINITIONAL_REPRESENTATION('',(#680),#684);
#680 = LINE('',#681,#682);
#681 = CARTESIAN_POINT('',(0.,5.));
#682 = VECTOR('',#683,1.);
#683 = DIRECTION('',(1.,0.));
#684 = ( GEOMETRIC_REPRESENTATION_CONTEXT(2) 
PARAMETRIC_REPRESENTATION_CONTEXT() REPRESENTATION_CONTEXT('2D SPACE',''
  ) );
#685 = FACE_BOUND('',#686,.T.);
#686 = EDGE_LOOP('',(#687));
#687 = ORIENTED_EDGE('',*,*,#688,.F.);
#688 = EDGE_CURVE('',#689,#689,#691,.T.);
#689 = VERTEX_POINT('',#690);
#690 = CARTESIAN_POINT('',(26.2,27.,4.));
#691 = SURFACE_CURVE('',#692,(#697,#704),.PCURVE_S1.);
#692 = CIRCLE('',#693,4.2);
#693 = AXIS2_PLACEMENT_3D('',#694,#695,#696);
#694 = CARTESIAN_POINT('',(22.,27.,4.));
#695 = DIRECTION('',(0.,0.,1.));
#696 = DIRECTION('',(1.,0.,-0.));
#697 = PCURVE('',#182,#698);
#698 = DEFINITIONAL_REPRESENTATION('',(#699),#703);
#699 = CIRCLE('',#700,4.2);
#700 = AXIS2_PLACEMENT_2D('',#701,#702);
#701 = CARTESIAN_POINT('',(22.,59.5));
#702 = DIRECTION('',(1.,0.));
#703 = ( GEOMETRIC_REPRESENTATION_CONTEXT(2) 
PARAMETRIC_REPRESENTATION_CONTEXT() REPRESENTATION_CONTEXT('2D SPACE',''
  ) );
#704 = PCURVE('',#705,#710);
#705 = CONICAL_SURFACE('',#706,2.2,0.785398163397);
#706 = AXIS2_PLACEMENT_3D('',#707,#708,#709);
#707 = CARTESIAN_POINT('',(22.,27.,2.));
#708 = DIRECTION('',(0.,0.,1.));
#709 = DIRECTION('',(1.,0.,-0.));
#710 = DEFINITIONAL_REPRESENTATION('',(#711),#715);
#711 = LINE('',#712,#713);
#712 = CARTESIAN_POINT('',(0.,2.));
#713 = VECTOR('',#714,1.);
#714 = DIRECTION('',(1.,0.));
#715 = ( GEOMETRIC_REPRESENTATION_CONTEXT(2) 
PARAMETRIC_REPRESENTATION_CONTEXT() REPRESENTATION_CONTEXT('2D SPACE',''
  ) );
#716 = FACE_BOUND('',#717,.T.);
#717 = EDGE_LOOP('',(#718));
#718 = ORIENTED_EDGE('',*,*,#719,.F.);
#719 = EDGE_CURVE('',#720,#720,#722,.T.);
#720 = VERTEX_POINT('',#721);
#721 = CARTESIAN_POINT('',(182.2,27.,4.));
#722 = SURFACE_CURVE('',#723,(#728,#735),.PCURVE_S1.);
#723 = CIRCLE('',#724,4.2);
#724 = AXIS2_PLACEMENT_3D('',#725,#726,#727);
#725 = CARTESIAN_POINT('',(178.,27.,4.));
#726 = DIRECTION('',(0.,0.,1.));
#727 = DIRECTION('',(1.,0.,-0.));
#728 = PCURVE('',#182,#729);
#729 = DEFINITIONAL_REPRESENTATION('',(#730),#734);
#730 = CIRCLE('',#731,4.2);
#731 = AXIS2_PLACEMENT_2D('',#732,#733);
#732 = CARTESIAN_POINT('',(178.,59.5));
#733 = DIRECTION('',(1.,0.));
#734 = ( GEOMETRIC_REPRESENTATION_CONTEXT(2) 
PARAMETRIC_REPRESENTATION_CONTEXT() REPRESENTATION_CONTEXT('2D SPACE',''
  ) );
#735 = PCURVE('',#736,#741);
#736 = CONICAL_SURFACE('',#737,2.2,0.785398163397);
#737 = AXIS2_PLACEMENT_3D('',#738,#739,#740);
#738 = CARTESIAN_POINT('',(178.,27.,2.));
#739 = DIRECTION('',(0.,0.,1.));
#740 = DIRECTION('',(1.,0.,-0.));
#741 = DEFINITIONAL_REPRESENTATION('',(#742),#746);
#742 = LINE('',#743,#744);
#743 = CARTESIAN_POINT('',(0.,2.));
#744 = VECTOR('',#745,1.);
#745 = DIRECTION('',(1.,0.));
#746 = ( GEOMETRIC_REPRESENTATION_CONTEXT(2) 
PARAMETRIC_REPRESENTATION_CONTEXT() REPRESENTATION_CONTEXT('2D SPACE',''
  ) );
#747 = ADVANCED_FACE('',(#748),#154,.T.);
#748 = FACE_BOUND('',#749,.T.);
#749 = EDGE_LOOP('',(#750,#773,#774,#775));
#750 = ORIENTED_EDGE('',*,*,#751,.F.);
#751 = EDGE_CURVE('',#111,#752,#754,.T.);
#752 = VERTEX_POINT('',#753);
#753 = CARTESIAN_POINT('',(200.,32.5,0.));
#754 = SURFACE_CURVE('',#755,(#759,#766),.PCURVE_S1.);
#755 = LINE('',#756,#757);
#756 = CARTESIAN_POINT('',(0.,32.5,0.));
#757 = VECTOR('',#758,1.);
#758 = DIRECTION('',(1.,0.,0.));
#759 = PCURVE('',#154,#760);
#760 = DEFINITIONAL_REPRESENTATION('',(#761),#765);
#761 = LINE('',#762,#763);
#762 = CARTESIAN_POINT('',(0.,0.));
#763 = VECTOR('',#764,1.);
#764 = DIRECTION('',(0.,1.));
#765 = ( GEOMETRIC_REPRESENTATION_CONTEXT(2) 
PARAMETRIC_REPRESENTATION_CONTEXT() REPRESENTATION_CONTEXT('2D SPACE',''
  ) );
#766 = PCURVE('',#126,#767);
#767 = DEFINITIONAL_REPRESENTATION('',(#768),#772);
#768 = LINE('',#769,#770);
#769 = CARTESIAN_POINT('',(0.,65.));
#770 = VECTOR('',#771,1.);
#771 = DIRECTION('',(1.,0.));
#772 = ( GEOMETRIC_REPRESENTATION_CONTEXT(2) 
PARAMETRIC_REPRESENTATION_CONTEXT() REPRESENTATION_CONTEXT('2D SPACE',''
  ) );
#773 = ORIENTED_EDGE('',*,*,#138,.T.);
#774 = ORIENTED_EDGE('',*,*,#603,.T.);
#775 = ORIENTED_EDGE('',*,*,#776,.F.);
#776 = EDGE_CURVE('',#752,#581,#777,.T.);
#777 = SURFACE_CURVE('',#778,(#782,#789),.PCURVE_S1.);
#778 = LINE('',#779,#780);
#779 = CARTESIAN_POINT('',(200.,32.5,0.));
#780 = VECTOR('',#781,1.);
#781 = DIRECTION('',(0.,0.,1.));
#782 = PCURVE('',#154,#783);
#783 = DEFINITIONAL_REPRESENTATION('',(#784),#788);
#784 = LINE('',#785,#786);
#785 = CARTESIAN_POINT('',(0.,200.));
#786 = VECTOR('',#787,1.);
#787 = DIRECTION('',(1.,0.));
#788 = ( GEOMETRIC_REPRESENTATION_CONTEXT(2) 
PARAMETRIC_REPRESENTATION_CONTEXT() REPRESENTATION_CONTEXT('2D SPACE',''
  ) );
#789 = PCURVE('',#368,#790);
#790 = DEFINITIONAL_REPRESENTATION('',(#791),#795);
#791 = LINE('',#792,#793);
#792 = CARTESIAN_POINT('',(0.,-65.));
#793 = VECTOR('',#794,1.);
#794 = DIRECTION('',(1.,0.));
#795 = ( GEOMETRIC_REPRESENTATION_CONTEXT(2) 
PARAMETRIC_REPRESENTATION_CONTEXT() REPRESENTATION_CONTEXT('2D SPACE',''
  ) );
#796 = ADVANCED_FACE('',(#797,#823,#981,#1012,#1043,#1201,#1359,#1390,
    #1421),#126,.F.);
#797 = FACE_BOUND('',#798,.F.);
#798 = EDGE_LOOP('',(#799,#800,#801,#822));
#799 = ORIENTED_EDGE('',*,*,#110,.F.);
#800 = ORIENTED_EDGE('',*,*,#307,.T.);
#801 = ORIENTED_EDGE('',*,*,#802,.T.);
#802 = EDGE_CURVE('',#308,#752,#803,.T.);
#803 = SURFACE_CURVE('',#804,(#808,#815),.PCURVE_S1.);
#804 = LINE('',#805,#806);
#805 = CARTESIAN_POINT('',(200.,-32.5,0.));
#806 = VECTOR('',#807,1.);
#807 = DIRECTION('',(0.,1.,0.));
#808 = PCURVE('',#126,#809);
#809 = DEFINITIONAL_REPRESENTATION('',(#810),#814);
#810 = LINE('',#811,#812);
#811 = CARTESIAN_POINT('',(200.,0.));
#812 = VECTOR('',#813,1.);
#813 = DIRECTION('',(0.,1.));
#814 = ( GEOMETRIC_REPRESENTATION_CONTEXT(2) 
PARAMETRIC_REPRESENTATION_CONTEXT() REPRESENTATION_CONTEXT('2D SPACE',''
  ) );
#815 = PCURVE('',#368,#816);
#816 = DEFINITIONAL_REPRESENTATION('',(#817),#821);
#817 = LINE('',#818,#819);
#818 = CARTESIAN_POINT('',(0.,0.));
#819 = VECTOR('',#820,1.);
#820 = DIRECTION('',(0.,-1.));
#821 = ( GEOMETRIC_REPRESENTATION_CONTEXT(2) 
PARAMETRIC_REPRESENTATION_CONTEXT() REPRESENTATION_CONTEXT('2D SPACE',''
  ) );
#822 = ORIENTED_EDGE('',*,*,#751,.F.);
#823 = FACE_BOUND('',#824,.F.);
#824 = EDGE_LOOP('',(#825,#853,#879,#905,#931,#957));
#825 = ORIENTED_EDGE('',*,*,#826,.T.);
#826 = EDGE_CURVE('',#827,#829,#831,.T.);
#827 = VERTEX_POINT('',#828);
#828 = CARTESIAN_POINT('',(1.1,-24.32568421935,0.));
#829 = VERTEX_POINT('',#830);
#830 = CARTESIAN_POINT('',(4.,-22.6513684387,0.));
#831 = SURFACE_CURVE('',#832,(#836,#842),.PCURVE_S1.);
#832 = LINE('',#833,#834);
#833 = CARTESIAN_POINT('',(0.36770871885,-24.74847278764,
    1.110223024625E-17));
#834 = VECTOR('',#835,1.);
#835 = DIRECTION('',(0.866025403784,0.5,-0.));
#836 = PCURVE('',#126,#837);
#837 = DEFINITIONAL_REPRESENTATION('',(#838),#841);
#838 = B_SPLINE_CURVE_WITH_KNOTS('',1,(#839,#840),.UNSPECIFIED.,.F.,.F.,
  (2,2),(0.845577136594,4.194208697894),.PIECEWISE_BEZIER_KNOTS.);
#839 = CARTESIAN_POINT('',(1.1,8.17431578065));
#840 = CARTESIAN_POINT('',(4.,9.8486315613));
#841 = ( GEOMETRIC_REPRESENTATION_CONTEXT(2) 
PARAMETRIC_REPRESENTATION_CONTEXT() REPRESENTATION_CONTEXT('2D SPACE',''
  ) );
#842 = PCURVE('',#843,#848);
#843 = PLANE('',#844);
#844 = AXIS2_PLACEMENT_3D('',#845,#846,#847);
#845 = CARTESIAN_POINT('',(4.,-22.6513684387,-0.1));
#846 = DIRECTION('',(0.5,-0.866025403784,0.));
#847 = DIRECTION('',(-0.866025403784,-0.5,0.));
#848 = DEFINITIONAL_REPRESENTATION('',(#849),#852);
#849 = B_SPLINE_CURVE_WITH_KNOTS('',1,(#850,#851),.UNSPECIFIED.,.F.,.F.,
  (2,2),(0.845577136594,4.194208697894),.PIECEWISE_BEZIER_KNOTS.);
#850 = CARTESIAN_POINT('',(3.3486315613,-0.1));
#851 = CARTESIAN_POINT('',(0.,-0.1));
#852 = ( GEOMETRIC_REPRESENTATION_CONTEXT(2) 
PARAMETRIC_REPRESENTATION_CONTEXT() REPRESENTATION_CONTEXT('2D SPACE',''
  ) );
#853 = ORIENTED_EDGE('',*,*,#854,.T.);
#854 = EDGE_CURVE('',#829,#855,#857,.T.);
#855 = VERTEX_POINT('',#856);
#856 = CARTESIAN_POINT('',(6.9,-24.32568421935,0.));
#857 = SURFACE_CURVE('',#858,(#862,#868),.PCURVE_S1.);
#858 = LINE('',#859,#860);
#859 = CARTESIAN_POINT('',(6.08229128115,-23.8535798704,
    1.110223024625E-17));
#860 = VECTOR('',#861,1.);
#861 = DIRECTION('',(0.866025403784,-0.5,0.));
#862 = PCURVE('',#126,#863);
#863 = DEFINITIONAL_REPRESENTATION('',(#864),#867);
#864 = B_SPLINE_CURVE_WITH_KNOTS('',1,(#865,#866),.UNSPECIFIED.,.F.,.F.,
  (2,2),(-2.404422863406,0.944208697894),.PIECEWISE_BEZIER_KNOTS.);
#865 = CARTESIAN_POINT('',(4.,9.8486315613));
#866 = CARTESIAN_POINT('',(6.9,8.17431578065));
#867 = ( GEOMETRIC_REPRESENTATION_CONTEXT(2) 
PARAMETRIC_REPRESENTATION_CONTEXT() REPRESENTATION_CONTEXT('2D SPACE',''
  ) );
#868 = PCURVE('',#869,#874);
#869 = PLANE('',#870);
#870 = AXIS2_PLACEMENT_3D('',#871,#872,#873);
#871 = CARTESIAN_POINT('',(6.9,-24.32568421935,-0.1));
#872 = DIRECTION('',(-0.5,-0.866025403784,0.));
#873 = DIRECTION('',(-0.866025403784,0.5,0.));
#874 = DEFINITIONAL_REPRESENTATION('',(#875),#878);
#875 = B_SPLINE_CURVE_WITH_KNOTS('',1,(#876,#877),.UNSPECIFIED.,.F.,.F.,
  (2,2),(-2.404422863406,0.944208697894),.PIECEWISE_BEZIER_KNOTS.);
#876 = CARTESIAN_POINT('',(3.3486315613,-0.1));
#877 = CARTESIAN_POINT('',(0.,-0.1));
#878 = ( GEOMETRIC_REPRESENTATION_CONTEXT(2) 
PARAMETRIC_REPRESENTATION_CONTEXT() REPRESENTATION_CONTEXT('2D SPACE',''
  ) );
#879 = ORIENTED_EDGE('',*,*,#880,.T.);
#880 = EDGE_CURVE('',#855,#881,#883,.T.);
#881 = VERTEX_POINT('',#882);
#882 = CARTESIAN_POINT('',(6.9,-27.67431578065,0.));
#883 = SURFACE_CURVE('',#884,(#888,#894),.PCURVE_S1.);
#884 = LINE('',#885,#886);
#885 = CARTESIAN_POINT('',(6.9,-30.08715789032,0.));
#886 = VECTOR('',#887,1.);
#887 = DIRECTION('',(-3.978543489069E-16,-1.,0.));
#888 = PCURVE('',#126,#889);
#889 = DEFINITIONAL_REPRESENTATION('',(#890),#893);
#890 = B_SPLINE_CURVE_WITH_KNOTS('',1,(#891,#892),.UNSPECIFIED.,.F.,.F.,
  (2,2),(-5.761473670975,-2.412842109675),.PIECEWISE_BEZIER_KNOTS.);
#891 = CARTESIAN_POINT('',(6.9,8.17431578065));
#892 = CARTESIAN_POINT('',(6.9,4.82568421935));
#893 = ( GEOMETRIC_REPRESENTATION_CONTEXT(2) 
PARAMETRIC_REPRESENTATION_CONTEXT() REPRESENTATION_CONTEXT('2D SPACE',''
  ) );
#894 = PCURVE('',#895,#900);
#895 = PLANE('',#896);
#896 = AXIS2_PLACEMENT_3D('',#897,#898,#899);
#897 = CARTESIAN_POINT('',(6.9,-27.67431578065,-0.1));
#898 = DIRECTION('',(-1.,3.978543489069E-16,0.));
#899 = DIRECTION('',(3.978543489069E-16,1.,0.));
#900 = DEFINITIONAL_REPRESENTATION('',(#901),#904);
#901 = B_SPLINE_CURVE_WITH_KNOTS('',1,(#902,#903),.UNSPECIFIED.,.F.,.F.,
  (2,2),(-5.761473670975,-2.412842109675),.PIECEWISE_BEZIER_KNOTS.);
#902 = CARTESIAN_POINT('',(3.3486315613,-0.1));
#903 = CARTESIAN_POINT('',(0.,-0.1));
#904 = ( GEOMETRIC_REPRESENTATION_CONTEXT(2) 
PARAMETRIC_REPRESENTATION_CONTEXT() REPRESENTATION_CONTEXT('2D SPACE',''
  ) );
#905 = ORIENTED_EDGE('',*,*,#906,.T.);
#906 = EDGE_CURVE('',#881,#907,#909,.T.);
#907 = VERTEX_POINT('',#908);
#908 = CARTESIAN_POINT('',(4.,-29.3486315613,0.));
#909 = SURFACE_CURVE('',#910,(#914,#920),.PCURVE_S1.);
#910 = LINE('',#911,#912);
#911 = CARTESIAN_POINT('',(1.81770871885,-30.60857801992,0.));
#912 = VECTOR('',#913,1.);
#913 = DIRECTION('',(-0.866025403784,-0.5,0.));
#914 = PCURVE('',#126,#915);
#915 = DEFINITIONAL_REPRESENTATION('',(#916),#919);
#916 = B_SPLINE_CURVE_WITH_KNOTS('',1,(#917,#918),.UNSPECIFIED.,.F.,.F.,
  (2,2),(-5.868524478544,-2.519892917244),.PIECEWISE_BEZIER_KNOTS.);
#917 = CARTESIAN_POINT('',(6.9,4.82568421935));
#918 = CARTESIAN_POINT('',(4.,3.1513684387));
#919 = ( GEOMETRIC_REPRESENTATION_CONTEXT(2) 
PARAMETRIC_REPRESENTATION_CONTEXT() REPRESENTATION_CONTEXT('2D SPACE',''
  ) );
#920 = PCURVE('',#921,#926);
#921 = PLANE('',#922);
#922 = AXIS2_PLACEMENT_3D('',#923,#924,#925);
#923 = CARTESIAN_POINT('',(4.,-29.3486315613,-0.1));
#924 = DIRECTION('',(-0.5,0.866025403784,0.));
#925 = DIRECTION('',(0.866025403784,0.5,0.));
#926 = DEFINITIONAL_REPRESENTATION('',(#927),#930);
#927 = B_SPLINE_CURVE_WITH_KNOTS('',1,(#928,#929),.UNSPECIFIED.,.F.,.F.,
  (2,2),(-5.868524478544,-2.519892917244),.PIECEWISE_BEZIER_KNOTS.);
#928 = CARTESIAN_POINT('',(3.3486315613,-0.1));
#929 = CARTESIAN_POINT('',(0.,-0.1));
#930 = ( GEOMETRIC_REPRESENTATION_CONTEXT(2) 
PARAMETRIC_REPRESENTATION_CONTEXT() REPRESENTATION_CONTEXT('2D SPACE',''
  ) );
#931 = ORIENTED_EDGE('',*,*,#932,.T.);
#932 = EDGE_CURVE('',#907,#933,#935,.T.);
#933 = VERTEX_POINT('',#934);
#934 = CARTESIAN_POINT('',(1.1,-27.67431578065,0.));
#935 = SURFACE_CURVE('',#936,(#940,#946),.PCURVE_S1.);
#936 = LINE('',#937,#938);
#937 = CARTESIAN_POINT('',(1.73229128115,-28.03936932202,0.));
#938 = VECTOR('',#939,1.);
#939 = DIRECTION('',(-0.866025403784,0.5,0.));
#940 = PCURVE('',#126,#941);
#941 = DEFINITIONAL_REPRESENTATION('',(#942),#945);
#942 = B_SPLINE_CURVE_WITH_KNOTS('',1,(#943,#944),.UNSPECIFIED.,.F.,.F.,
  (2,2),(-2.618524478544,0.730107082756),.PIECEWISE_BEZIER_KNOTS.);
#943 = CARTESIAN_POINT('',(4.,3.1513684387));
#944 = CARTESIAN_POINT('',(1.1,4.82568421935));
#945 = ( GEOMETRIC_REPRESENTATION_CONTEXT(2) 
PARAMETRIC_REPRESENTATION_CONTEXT() REPRESENTATION_CONTEXT('2D SPACE',''
  ) );
#946 = PCURVE('',#947,#952);
#947 = PLANE('',#948);
#948 = AXIS2_PLACEMENT_3D('',#949,#950,#951);
#949 = CARTESIAN_POINT('',(1.1,-27.67431578065,-0.1));
#950 = DIRECTION('',(0.5,0.866025403784,-0.));
#951 = DIRECTION('',(0.866025403784,-0.5,0.));
#952 = DEFINITIONAL_REPRESENTATION('',(#953),#956);
#953 = B_SPLINE_CURVE_WITH_KNOTS('',1,(#954,#955),.UNSPECIFIED.,.F.,.F.,
  (2,2),(-2.618524478544,0.730107082756),.PIECEWISE_BEZIER_KNOTS.);
#954 = CARTESIAN_POINT('',(3.3486315613,-0.1));
#955 = CARTESIAN_POINT('',(0.,-0.1));
#956 = ( GEOMETRIC_REPRESENTATION_CONTEXT(2) 
PARAMETRIC_REPRESENTATION_CONTEXT() REPRESENTATION_CONTEXT('2D SPACE',''
  ) );
#957 = ORIENTED_EDGE('',*,*,#958,.T.);
#958 = EDGE_CURVE('',#933,#827,#959,.T.);
#959 = SURFACE_CURVE('',#960,(#964,#970),.PCURVE_S1.);
#960 = LINE('',#961,#962);
#961 = CARTESIAN_POINT('',(1.1,-28.41284210967,0.));
#962 = VECTOR('',#963,1.);
#963 = DIRECTION('',(-1.326181163023E-16,1.,0.));
#964 = PCURVE('',#126,#965);
#965 = DEFINITIONAL_REPRESENTATION('',(#966),#969);
#966 = B_SPLINE_CURVE_WITH_KNOTS('',1,(#967,#968),.UNSPECIFIED.,.F.,.F.,
  (2,2),(0.738526329025,4.087157890325),.PIECEWISE_BEZIER_KNOTS.);
#967 = CARTESIAN_POINT('',(1.1,4.82568421935));
#968 = CARTESIAN_POINT('',(1.1,8.17431578065));
#969 = ( GEOMETRIC_REPRESENTATION_CONTEXT(2) 
PARAMETRIC_REPRESENTATION_CONTEXT() REPRESENTATION_CONTEXT('2D SPACE',''
  ) );
#970 = PCURVE('',#971,#976);
#971 = PLANE('',#972);
#972 = AXIS2_PLACEMENT_3D('',#973,#974,#975);
#973 = CARTESIAN_POINT('',(1.1,-24.32568421935,-0.1));
#974 = DIRECTION('',(1.,1.326181163023E-16,-0.));
#975 = DIRECTION('',(1.326181163023E-16,-1.,0.));
#976 = DEFINITIONAL_REPRESENTATION('',(#977),#980);
#977 = B_SPLINE_CURVE_WITH_KNOTS('',1,(#978,#979),.UNSPECIFIED.,.F.,.F.,
  (2,2),(0.738526329025,4.087157890325),.PIECEWISE_BEZIER_KNOTS.);
#978 = CARTESIAN_POINT('',(3.3486315613,-0.1));
#979 = CARTESIAN_POINT('',(0.,-0.1));
#980 = ( GEOMETRIC_REPRESENTATION_CONTEXT(2) 
PARAMETRIC_REPRESENTATION_CONTEXT() REPRESENTATION_CONTEXT('2D SPACE',''
  ) );
#981 = FACE_BOUND('',#982,.F.);
#982 = EDGE_LOOP('',(#983));
#983 = ORIENTED_EDGE('',*,*,#984,.F.);
#984 = EDGE_CURVE('',#985,#985,#987,.T.);
#985 = VERTEX_POINT('',#986);
#986 = CARTESIAN_POINT('',(24.2,-27.,0.));
#987 = SURFACE_CURVE('',#988,(#993,#1000),.PCURVE_S1.);
#988 = CIRCLE('',#989,2.2);
#989 = AXIS2_PLACEMENT_3D('',#990,#991,#992);
#990 = CARTESIAN_POINT('',(22.,-27.,0.));
#991 = DIRECTION('',(0.,0.,1.));
#992 = DIRECTION('',(1.,0.,-0.));
#993 = PCURVE('',#126,#994);
#994 = DEFINITIONAL_REPRESENTATION('',(#995),#999);
#995 = CIRCLE('',#996,2.2);
#996 = AXIS2_PLACEMENT_2D('',#997,#998);
#997 = CARTESIAN_POINT('',(22.,5.5));
#998 = DIRECTION('',(1.,0.));
#999 = ( GEOMETRIC_REPRESENTATION_CONTEXT(2) 
PARAMETRIC_REPRESENTATION_CONTEXT() REPRESENTATION_CONTEXT('2D SPACE',''
  ) );
#1000 = PCURVE('',#1001,#1006);
#1001 = CYLINDRICAL_SURFACE('',#1002,2.2);
#1002 = AXIS2_PLACEMENT_3D('',#1003,#1004,#1005);
#1003 = CARTESIAN_POINT('',(22.,-27.,-1.));
#1004 = DIRECTION('',(0.,0.,1.));
#1005 = DIRECTION('',(1.,0.,-0.));
#1006 = DEFINITIONAL_REPRESENTATION('',(#1007),#1011);
#1007 = LINE('',#1008,#1009);
#1008 = CARTESIAN_POINT('',(0.,1.));
#1009 = VECTOR('',#1010,1.);
#1010 = DIRECTION('',(1.,0.));
#1011 = ( GEOMETRIC_REPRESENTATION_CONTEXT(2) 
PARAMETRIC_REPRESENTATION_CONTEXT() REPRESENTATION_CONTEXT('2D SPACE',''
  ) );
#1012 = FACE_BOUND('',#1013,.F.);
#1013 = EDGE_LOOP('',(#1014));
#1014 = ORIENTED_EDGE('',*,*,#1015,.F.);
#1015 = EDGE_CURVE('',#1016,#1016,#1018,.T.);
#1016 = VERTEX_POINT('',#1017);
#1017 = CARTESIAN_POINT('',(180.2,-27.,0.));
#1018 = SURFACE_CURVE('',#1019,(#1024,#1031),.PCURVE_S1.);
#1019 = CIRCLE('',#1020,2.2);
#1020 = AXIS2_PLACEMENT_3D('',#1021,#1022,#1023);
#1021 = CARTESIAN_POINT('',(178.,-27.,0.));
#1022 = DIRECTION('',(0.,0.,1.));
#1023 = DIRECTION('',(1.,0.,-0.));
#1024 = PCURVE('',#126,#1025);
#1025 = DEFINITIONAL_REPRESENTATION('',(#1026),#1030);
#1026 = CIRCLE('',#1027,2.2);
#1027 = AXIS2_PLACEMENT_2D('',#1028,#1029);
#1028 = CARTESIAN_POINT('',(178.,5.5));
#1029 = DIRECTION('',(1.,0.));
#1030 = ( GEOMETRIC_REPRESENTATION_CONTEXT(2) 
PARAMETRIC_REPRESENTATION_CONTEXT() REPRESENTATION_CONTEXT('2D SPACE',''
  ) );
#1031 = PCURVE('',#1032,#1037);
#1032 = CYLINDRICAL_SURFACE('',#1033,2.2);
#1033 = AXIS2_PLACEMENT_3D('',#1034,#1035,#1036);
#1034 = CARTESIAN_POINT('',(178.,-27.,-1.));
#1035 = DIRECTION('',(0.,0.,1.));
#1036 = DIRECTION('',(1.,0.,-0.));
#1037 = DEFINITIONAL_REPRESENTATION('',(#1038),#1042);
#1038 = LINE('',#1039,#1040);
#1039 = CARTESIAN_POINT('',(0.,1.));
#1040 = VECTOR('',#1041,1.);
#1041 = DIRECTION('',(1.,0.));
#1042 = ( GEOMETRIC_REPRESENTATION_CONTEXT(2) 
PARAMETRIC_REPRESENTATION_CONTEXT() REPRESENTATION_CONTEXT('2D SPACE',''
  ) );
#1043 = FACE_BOUND('',#1044,.F.);
#1044 = EDGE_LOOP('',(#1045,#1073,#1099,#1125,#1151,#1177));
#1045 = ORIENTED_EDGE('',*,*,#1046,.T.);
#1046 = EDGE_CURVE('',#1047,#1049,#1051,.T.);
#1047 = VERTEX_POINT('',#1048);
#1048 = CARTESIAN_POINT('',(193.1,-24.32568421935,0.));
#1049 = VERTEX_POINT('',#1050);
#1050 = CARTESIAN_POINT('',(196.,-22.6513684387,0.));
#1051 = SURFACE_CURVE('',#1052,(#1056,#1062),.PCURVE_S1.);
#1052 = LINE('',#1053,#1054);
#1053 = CARTESIAN_POINT('',(120.36770871885,-66.3176921693,
    1.110223024625E-17));
#1054 = VECTOR('',#1055,1.);
#1055 = DIRECTION('',(0.866025403784,0.5,-0.));
#1056 = PCURVE('',#126,#1057);
#1057 = DEFINITIONAL_REPRESENTATION('',(#1058),#1061);
#1058 = B_SPLINE_CURVE_WITH_KNOTS('',1,(#1059,#1060),.UNSPECIFIED.,.F.,
  .F.,(2,2),(83.9840158999,87.3326474612),.PIECEWISE_BEZIER_KNOTS.);
#1059 = CARTESIAN_POINT('',(193.1,8.17431578065));
#1060 = CARTESIAN_POINT('',(196.,9.8486315613));
#1061 = ( GEOMETRIC_REPRESENTATION_CONTEXT(2) 
PARAMETRIC_REPRESENTATION_CONTEXT() REPRESENTATION_CONTEXT('2D SPACE',''
  ) );
#1062 = PCURVE('',#1063,#1068);
#1063 = PLANE('',#1064);
#1064 = AXIS2_PLACEMENT_3D('',#1065,#1066,#1067);
#1065 = CARTESIAN_POINT('',(196.,-22.6513684387,-0.1));
#1066 = DIRECTION('',(0.5,-0.866025403784,0.));
#1067 = DIRECTION('',(-0.866025403784,-0.5,0.));
#1068 = DEFINITIONAL_REPRESENTATION('',(#1069),#1072);
#1069 = B_SPLINE_CURVE_WITH_KNOTS('',1,(#1070,#1071),.UNSPECIFIED.,.F.,
  .F.,(2,2),(83.9840158999,87.3326474612),.PIECEWISE_BEZIER_KNOTS.);
#1070 = CARTESIAN_POINT('',(3.3486315613,-0.1));
#1071 = CARTESIAN_POINT('',(0.,-0.1));
#1072 = ( GEOMETRIC_REPRESENTATION_CONTEXT(2) 
PARAMETRIC_REPRESENTATION_CONTEXT() REPRESENTATION_CONTEXT('2D SPACE',''
  ) );
#1073 = ORIENTED_EDGE('',*,*,#1074,.T.);
#1074 = EDGE_CURVE('',#1049,#1075,#1077,.T.);
#1075 = VERTEX_POINT('',#1076);
#1076 = CARTESIAN_POINT('',(198.9,-24.32568421935,0.));
#1077 = SURFACE_CURVE('',#1078,(#1082,#1088),.PCURVE_S1.);
#1078 = LINE('',#1079,#1080);
#1079 = CARTESIAN_POINT('',(126.08229128115,17.71563951125,
    1.110223024625E-17));
#1080 = VECTOR('',#1081,1.);
#1081 = DIRECTION('',(0.866025403784,-0.5,0.));
#1082 = PCURVE('',#126,#1083);
#1083 = DEFINITIONAL_REPRESENTATION('',(#1084),#1087);
#1084 = B_SPLINE_CURVE_WITH_KNOTS('',1,(#1085,#1086),.UNSPECIFIED.,.F.,
  .F.,(2,2),(80.7340158999,84.0826474612),.PIECEWISE_BEZIER_KNOTS.);
#1085 = CARTESIAN_POINT('',(196.,9.8486315613));
#1086 = CARTESIAN_POINT('',(198.9,8.17431578065));
#1087 = ( GEOMETRIC_REPRESENTATION_CONTEXT(2) 
PARAMETRIC_REPRESENTATION_CONTEXT() REPRESENTATION_CONTEXT('2D SPACE',''
  ) );
#1088 = PCURVE('',#1089,#1094);
#1089 = PLANE('',#1090);
#1090 = AXIS2_PLACEMENT_3D('',#1091,#1092,#1093);
#1091 = CARTESIAN_POINT('',(198.9,-24.32568421935,-0.1));
#1092 = DIRECTION('',(-0.5,-0.866025403784,0.));
#1093 = DIRECTION('',(-0.866025403784,0.5,0.));
#1094 = DEFINITIONAL_REPRESENTATION('',(#1095),#1098);
#1095 = B_SPLINE_CURVE_WITH_KNOTS('',1,(#1096,#1097),.UNSPECIFIED.,.F.,
  .F.,(2,2),(80.7340158999,84.0826474612),.PIECEWISE_BEZIER_KNOTS.);
#1096 = CARTESIAN_POINT('',(3.3486315613,-0.1));
#1097 = CARTESIAN_POINT('',(0.,-0.1));
#1098 = ( GEOMETRIC_REPRESENTATION_CONTEXT(2) 
PARAMETRIC_REPRESENTATION_CONTEXT() REPRESENTATION_CONTEXT('2D SPACE',''
  ) );
#1099 = ORIENTED_EDGE('',*,*,#1100,.T.);
#1100 = EDGE_CURVE('',#1075,#1101,#1103,.T.);
#1101 = VERTEX_POINT('',#1102);
#1102 = CARTESIAN_POINT('',(198.9,-27.67431578065,0.));
#1103 = SURFACE_CURVE('',#1104,(#1108,#1114),.PCURVE_S1.);
#1104 = LINE('',#1105,#1106);
#1105 = CARTESIAN_POINT('',(198.9,-30.08715789032,0.));
#1106 = VECTOR('',#1107,1.);
#1107 = DIRECTION('',(-3.978543489069E-16,-1.,0.));
#1108 = PCURVE('',#126,#1109);
#1109 = DEFINITIONAL_REPRESENTATION('',(#1110),#1113);
#1110 = B_SPLINE_CURVE_WITH_KNOTS('',1,(#1111,#1112),.UNSPECIFIED.,.F.,
  .F.,(2,2),(-5.761473670975,-2.412842109675),.PIECEWISE_BEZIER_KNOTS.);
#1111 = CARTESIAN_POINT('',(198.9,8.17431578065));
#1112 = CARTESIAN_POINT('',(198.9,4.82568421935));
#1113 = ( GEOMETRIC_REPRESENTATION_CONTEXT(2) 
PARAMETRIC_REPRESENTATION_CONTEXT() REPRESENTATION_CONTEXT('2D SPACE',''
  ) );
#1114 = PCURVE('',#1115,#1120);
#1115 = PLANE('',#1116);
#1116 = AXIS2_PLACEMENT_3D('',#1117,#1118,#1119);
#1117 = CARTESIAN_POINT('',(198.9,-27.67431578065,-0.1));
#1118 = DIRECTION('',(-1.,3.978543489069E-16,0.));
#1119 = DIRECTION('',(3.978543489069E-16,1.,0.));
#1120 = DEFINITIONAL_REPRESENTATION('',(#1121),#1124);
#1121 = B_SPLINE_CURVE_WITH_KNOTS('',1,(#1122,#1123),.UNSPECIFIED.,.F.,
  .F.,(2,2),(-5.761473670975,-2.412842109675),.PIECEWISE_BEZIER_KNOTS.);
#1122 = CARTESIAN_POINT('',(3.3486315613,-0.1));
#1123 = CARTESIAN_POINT('',(0.,-0.1));
#1124 = ( GEOMETRIC_REPRESENTATION_CONTEXT(2) 
PARAMETRIC_REPRESENTATION_CONTEXT() REPRESENTATION_CONTEXT('2D SPACE',''
  ) );
#1125 = ORIENTED_EDGE('',*,*,#1126,.T.);
#1126 = EDGE_CURVE('',#1101,#1127,#1129,.T.);
#1127 = VERTEX_POINT('',#1128);
#1128 = CARTESIAN_POINT('',(196.,-29.3486315613,0.));
#1129 = SURFACE_CURVE('',#1130,(#1134,#1140),.PCURVE_S1.);
#1130 = LINE('',#1131,#1132);
#1131 = CARTESIAN_POINT('',(121.81770871885,-72.17779740157,0.));
#1132 = VECTOR('',#1133,1.);
#1133 = DIRECTION('',(-0.866025403784,-0.5,0.));
#1134 = PCURVE('',#126,#1135);
#1135 = DEFINITIONAL_REPRESENTATION('',(#1136),#1139);
#1136 = B_SPLINE_CURVE_WITH_KNOTS('',1,(#1137,#1138),.UNSPECIFIED.,.F.,
  .F.,(2,2),(-89.00696324185,-85.65833168055),.PIECEWISE_BEZIER_KNOTS.);
#1137 = CARTESIAN_POINT('',(198.9,4.82568421935));
#1138 = CARTESIAN_POINT('',(196.,3.1513684387));
#1139 = ( GEOMETRIC_REPRESENTATION_CONTEXT(2) 
PARAMETRIC_REPRESENTATION_CONTEXT() REPRESENTATION_CONTEXT('2D SPACE',''
  ) );
#1140 = PCURVE('',#1141,#1146);
#1141 = PLANE('',#1142);
#1142 = AXIS2_PLACEMENT_3D('',#1143,#1144,#1145);
#1143 = CARTESIAN_POINT('',(196.,-29.3486315613,-0.1));
#1144 = DIRECTION('',(-0.5,0.866025403784,0.));
#1145 = DIRECTION('',(0.866025403784,0.5,0.));
#1146 = DEFINITIONAL_REPRESENTATION('',(#1147),#1150);
#1147 = B_SPLINE_CURVE_WITH_KNOTS('',1,(#1148,#1149),.UNSPECIFIED.,.F.,
  .F.,(2,2),(-89.00696324185,-85.65833168055),.PIECEWISE_BEZIER_KNOTS.);
#1148 = CARTESIAN_POINT('',(3.3486315613,-0.1));
#1149 = CARTESIAN_POINT('',(0.,-0.1));
#1150 = ( GEOMETRIC_REPRESENTATION_CONTEXT(2) 
PARAMETRIC_REPRESENTATION_CONTEXT() REPRESENTATION_CONTEXT('2D SPACE',''
  ) );
#1151 = ORIENTED_EDGE('',*,*,#1152,.T.);
#1152 = EDGE_CURVE('',#1127,#1153,#1155,.T.);
#1153 = VERTEX_POINT('',#1154);
#1154 = CARTESIAN_POINT('',(193.1,-27.67431578065,0.));
#1155 = SURFACE_CURVE('',#1156,(#1160,#1166),.PCURVE_S1.);
#1156 = LINE('',#1157,#1158);
#1157 = CARTESIAN_POINT('',(121.73229128115,13.529850059625,0.));
#1158 = VECTOR('',#1159,1.);
#1159 = DIRECTION('',(-0.866025403784,0.5,0.));
#1160 = PCURVE('',#126,#1161);
#1161 = DEFINITIONAL_REPRESENTATION('',(#1162),#1165);
#1162 = B_SPLINE_CURVE_WITH_KNOTS('',1,(#1163,#1164),.UNSPECIFIED.,.F.,
  .F.,(2,2),(-85.75696324185,-82.40833168055),.PIECEWISE_BEZIER_KNOTS.);
#1163 = CARTESIAN_POINT('',(196.,3.1513684387));
#1164 = CARTESIAN_POINT('',(193.1,4.82568421935));
#1165 = ( GEOMETRIC_REPRESENTATION_CONTEXT(2) 
PARAMETRIC_REPRESENTATION_CONTEXT() REPRESENTATION_CONTEXT('2D SPACE',''
  ) );
#1166 = PCURVE('',#1167,#1172);
#1167 = PLANE('',#1168);
#1168 = AXIS2_PLACEMENT_3D('',#1169,#1170,#1171);
#1169 = CARTESIAN_POINT('',(193.1,-27.67431578065,-0.1));
#1170 = DIRECTION('',(0.5,0.866025403784,-0.));
#1171 = DIRECTION('',(0.866025403784,-0.5,0.));
#1172 = DEFINITIONAL_REPRESENTATION('',(#1173),#1176);
#1173 = B_SPLINE_CURVE_WITH_KNOTS('',1,(#1174,#1175),.UNSPECIFIED.,.F.,
  .F.,(2,2),(-85.75696324185,-82.40833168055),.PIECEWISE_BEZIER_KNOTS.);
#1174 = CARTESIAN_POINT('',(3.3486315613,-0.1));
#1175 = CARTESIAN_POINT('',(0.,-0.1));
#1176 = ( GEOMETRIC_REPRESENTATION_CONTEXT(2) 
PARAMETRIC_REPRESENTATION_CONTEXT() REPRESENTATION_CONTEXT('2D SPACE',''
  ) );
#1177 = ORIENTED_EDGE('',*,*,#1178,.T.);
#1178 = EDGE_CURVE('',#1153,#1047,#1179,.T.);
#1179 = SURFACE_CURVE('',#1180,(#1184,#1190),.PCURVE_S1.);
#1180 = LINE('',#1181,#1182);
#1181 = CARTESIAN_POINT('',(193.1,-28.41284210967,0.));
#1182 = VECTOR('',#1183,1.);
#1183 = DIRECTION('',(-1.326181163023E-16,1.,0.));
#1184 = PCURVE('',#126,#1185);
#1185 = DEFINITIONAL_REPRESENTATION('',(#1186),#1189);
#1186 = B_SPLINE_CURVE_WITH_KNOTS('',1,(#1187,#1188),.UNSPECIFIED.,.F.,
  .F.,(2,2),(0.738526329025,4.087157890325),.PIECEWISE_BEZIER_KNOTS.);
#1187 = CARTESIAN_POINT('',(193.1,4.82568421935));
#1188 = CARTESIAN_POINT('',(193.1,8.17431578065));
#1189 = ( GEOMETRIC_REPRESENTATION_CONTEXT(2) 
PARAMETRIC_REPRESENTATION_CONTEXT() REPRESENTATION_CONTEXT('2D SPACE',''
  ) );
#1190 = PCURVE('',#1191,#1196);
#1191 = PLANE('',#1192);
#1192 = AXIS2_PLACEMENT_3D('',#1193,#1194,#1195);
#1193 = CARTESIAN_POINT('',(193.1,-24.32568421935,-0.1));
#1194 = DIRECTION('',(1.,1.326181163023E-16,-0.));
#1195 = DIRECTION('',(1.326181163023E-16,-1.,0.));
#1196 = DEFINITIONAL_REPRESENTATION('',(#1197),#1200);
#1197 = B_SPLINE_CURVE_WITH_KNOTS('',1,(#1198,#1199),.UNSPECIFIED.,.F.,
  .F.,(2,2),(0.738526329025,4.087157890325),.PIECEWISE_BEZIER_KNOTS.);
#1198 = CARTESIAN_POINT('',(3.3486315613,-0.1));
#1199 = CARTESIAN_POINT('',(0.,-0.1));
#1200 = ( GEOMETRIC_REPRESENTATION_CONTEXT(2) 
PARAMETRIC_REPRESENTATION_CONTEXT() REPRESENTATION_CONTEXT('2D SPACE',''
  ) );
#1201 = FACE_BOUND('',#1202,.F.);
#1202 = EDGE_LOOP('',(#1203,#1231,#1257,#1283,#1309,#1335));
#1203 = ORIENTED_EDGE('',*,*,#1204,.T.);
#1204 = EDGE_CURVE('',#1205,#1207,#1209,.T.);
#1205 = VERTEX_POINT('',#1206);
#1206 = CARTESIAN_POINT('',(1.1,27.67431578065,0.));
#1207 = VERTEX_POINT('',#1208);
#1208 = CARTESIAN_POINT('',(4.,29.3486315613,0.));
#1209 = SURFACE_CURVE('',#1210,(#1214,#1220),.PCURVE_S1.);
#1210 = LINE('',#1211,#1212);
#1211 = CARTESIAN_POINT('',(-10.89062153034,20.751527212353,
    1.110223024625E-17));
#1212 = VECTOR('',#1213,1.);
#1213 = DIRECTION('',(0.866025403784,0.5,-0.));
#1214 = PCURVE('',#126,#1215);
#1215 = DEFINITIONAL_REPRESENTATION('',(#1216),#1219);
#1216 = B_SPLINE_CURVE_WITH_KNOTS('',1,(#1217,#1218),.UNSPECIFIED.,.F.,
  .F.,(2,2),(13.845577136594,17.194208697894),.PIECEWISE_BEZIER_KNOTS.);
#1217 = CARTESIAN_POINT('',(1.1,60.17431578065));
#1218 = CARTESIAN_POINT('',(4.,61.8486315613));
#1219 = ( GEOMETRIC_REPRESENTATION_CONTEXT(2) 
PARAMETRIC_REPRESENTATION_CONTEXT() REPRESENTATION_CONTEXT('2D SPACE',''
  ) );
#1220 = PCURVE('',#1221,#1226);
#1221 = PLANE('',#1222);
#1222 = AXIS2_PLACEMENT_3D('',#1223,#1224,#1225);
#1223 = CARTESIAN_POINT('',(4.,29.3486315613,-0.1));
#1224 = DIRECTION('',(0.5,-0.866025403784,0.));
#1225 = DIRECTION('',(-0.866025403784,-0.5,0.));
#1226 = DEFINITIONAL_REPRESENTATION('',(#1227),#1230);
#1227 = B_SPLINE_CURVE_WITH_KNOTS('',1,(#1228,#1229),.UNSPECIFIED.,.F.,
  .F.,(2,2),(13.845577136594,17.194208697894),.PIECEWISE_BEZIER_KNOTS.);
#1228 = CARTESIAN_POINT('',(3.3486315613,-0.1));
#1229 = CARTESIAN_POINT('',(0.,-0.1));
#1230 = ( GEOMETRIC_REPRESENTATION_CONTEXT(2) 
PARAMETRIC_REPRESENTATION_CONTEXT() REPRESENTATION_CONTEXT('2D SPACE',''
  ) );
#1231 = ORIENTED_EDGE('',*,*,#1232,.T.);
#1232 = EDGE_CURVE('',#1207,#1233,#1235,.T.);
#1233 = VERTEX_POINT('',#1234);
#1234 = CARTESIAN_POINT('',(6.9,27.67431578065,0.));
#1235 = SURFACE_CURVE('',#1236,(#1240,#1246),.PCURVE_S1.);
#1236 = LINE('',#1237,#1238);
#1237 = CARTESIAN_POINT('',(17.340621530347,21.646420129597,
    1.110223024625E-17));
#1238 = VECTOR('',#1239,1.);
#1239 = DIRECTION('',(0.866025403784,-0.5,0.));
#1240 = PCURVE('',#126,#1241);
#1241 = DEFINITIONAL_REPRESENTATION('',(#1242),#1245);
#1242 = B_SPLINE_CURVE_WITH_KNOTS('',1,(#1243,#1244),.UNSPECIFIED.,.F.,
  .F.,(2,2),(-15.4044228634,-12.0557913021),.PIECEWISE_BEZIER_KNOTS.);
#1243 = CARTESIAN_POINT('',(4.,61.8486315613));
#1244 = CARTESIAN_POINT('',(6.9,60.17431578065));
#1245 = ( GEOMETRIC_REPRESENTATION_CONTEXT(2) 
PARAMETRIC_REPRESENTATION_CONTEXT() REPRESENTATION_CONTEXT('2D SPACE',''
  ) );
#1246 = PCURVE('',#1247,#1252);
#1247 = PLANE('',#1248);
#1248 = AXIS2_PLACEMENT_3D('',#1249,#1250,#1251);
#1249 = CARTESIAN_POINT('',(6.9,27.67431578065,-0.1));
#1250 = DIRECTION('',(-0.5,-0.866025403784,0.));
#1251 = DIRECTION('',(-0.866025403784,0.5,0.));
#1252 = DEFINITIONAL_REPRESENTATION('',(#1253),#1256);
#1253 = B_SPLINE_CURVE_WITH_KNOTS('',1,(#1254,#1255),.UNSPECIFIED.,.F.,
  .F.,(2,2),(-15.4044228634,-12.0557913021),.PIECEWISE_BEZIER_KNOTS.);
#1254 = CARTESIAN_POINT('',(3.3486315613,-0.1));
#1255 = CARTESIAN_POINT('',(0.,-0.1));
#1256 = ( GEOMETRIC_REPRESENTATION_CONTEXT(2) 
PARAMETRIC_REPRESENTATION_CONTEXT() REPRESENTATION_CONTEXT('2D SPACE',''
  ) );
#1257 = ORIENTED_EDGE('',*,*,#1258,.T.);
#1258 = EDGE_CURVE('',#1233,#1259,#1261,.T.);
#1259 = VERTEX_POINT('',#1260);
#1260 = CARTESIAN_POINT('',(6.9,24.32568421935,0.));
#1261 = SURFACE_CURVE('',#1262,(#1266,#1272),.PCURVE_S1.);
#1262 = LINE('',#1263,#1264);
#1263 = CARTESIAN_POINT('',(6.9,-4.087157890325,0.));
#1264 = VECTOR('',#1265,1.);
#1265 = DIRECTION('',(-3.978543489069E-16,-1.,0.));
#1266 = PCURVE('',#126,#1267);
#1267 = DEFINITIONAL_REPRESENTATION('',(#1268),#1271);
#1268 = B_SPLINE_CURVE_WITH_KNOTS('',1,(#1269,#1270),.UNSPECIFIED.,.F.,
  .F.,(2,2),(-31.76147367097,-28.41284210967),.PIECEWISE_BEZIER_KNOTS.);
#1269 = CARTESIAN_POINT('',(6.9,60.17431578065));
#1270 = CARTESIAN_POINT('',(6.9,56.82568421935));
#1271 = ( GEOMETRIC_REPRESENTATION_CONTEXT(2) 
PARAMETRIC_REPRESENTATION_CONTEXT() REPRESENTATION_CONTEXT('2D SPACE',''
  ) );
#1272 = PCURVE('',#1273,#1278);
#1273 = PLANE('',#1274);
#1274 = AXIS2_PLACEMENT_3D('',#1275,#1276,#1277);
#1275 = CARTESIAN_POINT('',(6.9,24.32568421935,-0.1));
#1276 = DIRECTION('',(-1.,3.978543489069E-16,0.));
#1277 = DIRECTION('',(3.978543489069E-16,1.,0.));
#1278 = DEFINITIONAL_REPRESENTATION('',(#1279),#1282);
#1279 = B_SPLINE_CURVE_WITH_KNOTS('',1,(#1280,#1281),.UNSPECIFIED.,.F.,
  .F.,(2,2),(-31.76147367097,-28.41284210967),.PIECEWISE_BEZIER_KNOTS.);
#1280 = CARTESIAN_POINT('',(3.3486315613,-0.1));
#1281 = CARTESIAN_POINT('',(0.,-0.1));
#1282 = ( GEOMETRIC_REPRESENTATION_CONTEXT(2) 
PARAMETRIC_REPRESENTATION_CONTEXT() REPRESENTATION_CONTEXT('2D SPACE',''
  ) );
#1283 = ORIENTED_EDGE('',*,*,#1284,.T.);
#1284 = EDGE_CURVE('',#1259,#1285,#1287,.T.);
#1285 = VERTEX_POINT('',#1286);
#1286 = CARTESIAN_POINT('',(4.,22.6513684387,0.));
#1287 = SURFACE_CURVE('',#1288,(#1292,#1298),.PCURVE_S1.);
#1288 = LINE('',#1289,#1290);
#1289 = CARTESIAN_POINT('',(-9.440621530347,14.891421980078,0.));
#1290 = VECTOR('',#1291,1.);
#1291 = DIRECTION('',(-0.866025403784,-0.5,0.));
#1292 = PCURVE('',#126,#1293);
#1293 = DEFINITIONAL_REPRESENTATION('',(#1294),#1297);
#1294 = B_SPLINE_CURVE_WITH_KNOTS('',1,(#1295,#1296),.UNSPECIFIED.,.F.,
  .F.,(2,2),(-18.86852447854,-15.51989291724),.PIECEWISE_BEZIER_KNOTS.);
#1295 = CARTESIAN_POINT('',(6.9,56.82568421935));
#1296 = CARTESIAN_POINT('',(4.,55.1513684387));
#1297 = ( GEOMETRIC_REPRESENTATION_CONTEXT(2) 
PARAMETRIC_REPRESENTATION_CONTEXT() REPRESENTATION_CONTEXT('2D SPACE',''
  ) );
#1298 = PCURVE('',#1299,#1304);
#1299 = PLANE('',#1300);
#1300 = AXIS2_PLACEMENT_3D('',#1301,#1302,#1303);
#1301 = CARTESIAN_POINT('',(4.,22.6513684387,-0.1));
#1302 = DIRECTION('',(-0.5,0.866025403784,0.));
#1303 = DIRECTION('',(0.866025403784,0.5,0.));
#1304 = DEFINITIONAL_REPRESENTATION('',(#1305),#1308);
#1305 = B_SPLINE_CURVE_WITH_KNOTS('',1,(#1306,#1307),.UNSPECIFIED.,.F.,
  .F.,(2,2),(-18.86852447854,-15.51989291724),.PIECEWISE_BEZIER_KNOTS.);
#1306 = CARTESIAN_POINT('',(3.3486315613,-0.1));
#1307 = CARTESIAN_POINT('',(0.,-0.1));
#1308 = ( GEOMETRIC_REPRESENTATION_CONTEXT(2) 
PARAMETRIC_REPRESENTATION_CONTEXT() REPRESENTATION_CONTEXT('2D SPACE',''
  ) );
#1309 = ORIENTED_EDGE('',*,*,#1310,.T.);
#1310 = EDGE_CURVE('',#1285,#1311,#1313,.T.);
#1311 = VERTEX_POINT('',#1312);
#1312 = CARTESIAN_POINT('',(1.1,24.32568421935,0.));
#1313 = SURFACE_CURVE('',#1314,(#1318,#1324),.PCURVE_S1.);
#1314 = LINE('',#1315,#1316);
#1315 = CARTESIAN_POINT('',(12.990621530347,17.460630677972,0.));
#1316 = VECTOR('',#1317,1.);
#1317 = DIRECTION('',(-0.866025403784,0.5,0.));
#1318 = PCURVE('',#126,#1319);
#1319 = DEFINITIONAL_REPRESENTATION('',(#1320),#1323);
#1320 = B_SPLINE_CURVE_WITH_KNOTS('',1,(#1321,#1322),.UNSPECIFIED.,.F.,
  .F.,(2,2),(10.381475521456,13.730107082756),.PIECEWISE_BEZIER_KNOTS.);
#1321 = CARTESIAN_POINT('',(4.,55.1513684387));
#1322 = CARTESIAN_POINT('',(1.1,56.82568421935));
#1323 = ( GEOMETRIC_REPRESENTATION_CONTEXT(2) 
PARAMETRIC_REPRESENTATION_CONTEXT() REPRESENTATION_CONTEXT('2D SPACE',''
  ) );
#1324 = PCURVE('',#1325,#1330);
#1325 = PLANE('',#1326);
#1326 = AXIS2_PLACEMENT_3D('',#1327,#1328,#1329);
#1327 = CARTESIAN_POINT('',(1.1,24.32568421935,-0.1));
#1328 = DIRECTION('',(0.5,0.866025403784,-0.));
#1329 = DIRECTION('',(0.866025403784,-0.5,0.));
#1330 = DEFINITIONAL_REPRESENTATION('',(#1331),#1334);
#1331 = B_SPLINE_CURVE_WITH_KNOTS('',1,(#1332,#1333),.UNSPECIFIED.,.F.,
  .F.,(2,2),(10.381475521456,13.730107082756),.PIECEWISE_BEZIER_KNOTS.);
#1332 = CARTESIAN_POINT('',(3.3486315613,-0.1));
#1333 = CARTESIAN_POINT('',(0.,-0.1));
#1334 = ( GEOMETRIC_REPRESENTATION_CONTEXT(2) 
PARAMETRIC_REPRESENTATION_CONTEXT() REPRESENTATION_CONTEXT('2D SPACE',''
  ) );
#1335 = ORIENTED_EDGE('',*,*,#1336,.T.);
#1336 = EDGE_CURVE('',#1311,#1205,#1337,.T.);
#1337 = SURFACE_CURVE('',#1338,(#1342,#1348),.PCURVE_S1.);
#1338 = LINE('',#1339,#1340);
#1339 = CARTESIAN_POINT('',(1.1,-2.412842109675,0.));
#1340 = VECTOR('',#1341,1.);
#1341 = DIRECTION('',(-1.326181163023E-16,1.,0.));
#1342 = PCURVE('',#126,#1343);
#1343 = DEFINITIONAL_REPRESENTATION('',(#1344),#1347);
#1344 = B_SPLINE_CURVE_WITH_KNOTS('',1,(#1345,#1346),.UNSPECIFIED.,.F.,
  .F.,(2,2),(26.738526329025,30.087157890325),.PIECEWISE_BEZIER_KNOTS.);
#1345 = CARTESIAN_POINT('',(1.1,56.82568421935));
#1346 = CARTESIAN_POINT('',(1.1,60.17431578065));
#1347 = ( GEOMETRIC_REPRESENTATION_CONTEXT(2) 
PARAMETRIC_REPRESENTATION_CONTEXT() REPRESENTATION_CONTEXT('2D SPACE',''
  ) );
#1348 = PCURVE('',#1349,#1354);
#1349 = PLANE('',#1350);
#1350 = AXIS2_PLACEMENT_3D('',#1351,#1352,#1353);
#1351 = CARTESIAN_POINT('',(1.1,27.67431578065,-0.1));
#1352 = DIRECTION('',(1.,1.326181163023E-16,-0.));
#1353 = DIRECTION('',(1.326181163023E-16,-1.,0.));
#1354 = DEFINITIONAL_REPRESENTATION('',(#1355),#1358);
#1355 = B_SPLINE_CURVE_WITH_KNOTS('',1,(#1356,#1357),.UNSPECIFIED.,.F.,
  .F.,(2,2),(26.738526329025,30.087157890325),.PIECEWISE_BEZIER_KNOTS.);
#1356 = CARTESIAN_POINT('',(3.3486315613,-0.1));
#1357 = CARTESIAN_POINT('',(0.,-0.1));
#1358 = ( GEOMETRIC_REPRESENTATION_CONTEXT(2) 
PARAMETRIC_REPRESENTATION_CONTEXT() REPRESENTATION_CONTEXT('2D SPACE',''
  ) );
#1359 = FACE_BOUND('',#1360,.F.);
#1360 = EDGE_LOOP('',(#1361));
#1361 = ORIENTED_EDGE('',*,*,#1362,.F.);
#1362 = EDGE_CURVE('',#1363,#1363,#1365,.T.);
#1363 = VERTEX_POINT('',#1364);
#1364 = CARTESIAN_POINT('',(24.2,27.,0.));
#1365 = SURFACE_CURVE('',#1366,(#1371,#1378),.PCURVE_S1.);
#1366 = CIRCLE('',#1367,2.2);
#1367 = AXIS2_PLACEMENT_3D('',#1368,#1369,#1370);
#1368 = CARTESIAN_POINT('',(22.,27.,0.));
#1369 = DIRECTION('',(0.,0.,1.));
#1370 = DIRECTION('',(1.,0.,-0.));
#1371 = PCURVE('',#126,#1372);
#1372 = DEFINITIONAL_REPRESENTATION('',(#1373),#1377);
#1373 = CIRCLE('',#1374,2.2);
#1374 = AXIS2_PLACEMENT_2D('',#1375,#1376);
#1375 = CARTESIAN_POINT('',(22.,59.5));
#1376 = DIRECTION('',(1.,0.));
#1377 = ( GEOMETRIC_REPRESENTATION_CONTEXT(2) 
PARAMETRIC_REPRESENTATION_CONTEXT() REPRESENTATION_CONTEXT('2D SPACE',''
  ) );
#1378 = PCURVE('',#1379,#1384);
#1379 = CYLINDRICAL_SURFACE('',#1380,2.2);
#1380 = AXIS2_PLACEMENT_3D('',#1381,#1382,#1383);
#1381 = CARTESIAN_POINT('',(22.,27.,-1.));
#1382 = DIRECTION('',(0.,0.,1.));
#1383 = DIRECTION('',(1.,0.,-0.));
#1384 = DEFINITIONAL_REPRESENTATION('',(#1385),#1389);
#1385 = LINE('',#1386,#1387);
#1386 = CARTESIAN_POINT('',(0.,1.));
#1387 = VECTOR('',#1388,1.);
#1388 = DIRECTION('',(1.,0.));
#1389 = ( GEOMETRIC_REPRESENTATION_CONTEXT(2) 
PARAMETRIC_REPRESENTATION_CONTEXT() REPRESENTATION_CONTEXT('2D SPACE',''
  ) );
#1390 = FACE_BOUND('',#1391,.F.);
#1391 = EDGE_LOOP('',(#1392));
#1392 = ORIENTED_EDGE('',*,*,#1393,.F.);
#1393 = EDGE_CURVE('',#1394,#1394,#1396,.T.);
#1394 = VERTEX_POINT('',#1395);
#1395 = CARTESIAN_POINT('',(180.2,27.,0.));
#1396 = SURFACE_CURVE('',#1397,(#1402,#1409),.PCURVE_S1.);
#1397 = CIRCLE('',#1398,2.2);
#1398 = AXIS2_PLACEMENT_3D('',#1399,#1400,#1401);
#1399 = CARTESIAN_POINT('',(178.,27.,0.));
#1400 = DIRECTION('',(0.,0.,1.));
#1401 = DIRECTION('',(1.,0.,-0.));
#1402 = PCURVE('',#126,#1403);
#1403 = DEFINITIONAL_REPRESENTATION('',(#1404),#1408);
#1404 = CIRCLE('',#1405,2.2);
#1405 = AXIS2_PLACEMENT_2D('',#1406,#1407);
#1406 = CARTESIAN_POINT('',(178.,59.5));
#1407 = DIRECTION('',(1.,0.));
#1408 = ( GEOMETRIC_REPRESENTATION_CONTEXT(2) 
PARAMETRIC_REPRESENTATION_CONTEXT() REPRESENTATION_CONTEXT('2D SPACE',''
  ) );
#1409 = PCURVE('',#1410,#1415);
#1410 = CYLINDRICAL_SURFACE('',#1411,2.2);
#1411 = AXIS2_PLACEMENT_3D('',#1412,#1413,#1414);
#1412 = CARTESIAN_POINT('',(178.,27.,-1.));
#1413 = DIRECTION('',(0.,0.,1.));
#1414 = DIRECTION('',(1.,0.,-0.));
#1415 = DEFINITIONAL_REPRESENTATION('',(#1416),#1420);
#1416 = LINE('',#1417,#1418);
#1417 = CARTESIAN_POINT('',(0.,1.));
#1418 = VECTOR('',#1419,1.);
#1419 = DIRECTION('',(1.,0.));
#1420 = ( GEOMETRIC_REPRESENTATION_CONTEXT(2) 
PARAMETRIC_REPRESENTATION_CONTEXT() REPRESENTATION_CONTEXT('2D SPACE',''
  ) );
#1421 = FACE_BOUND('',#1422,.F.);
#1422 = EDGE_LOOP('',(#1423,#1451,#1477,#1503,#1529,#1555));
#1423 = ORIENTED_EDGE('',*,*,#1424,.T.);
#1424 = EDGE_CURVE('',#1425,#1427,#1429,.T.);
#1425 = VERTEX_POINT('',#1426);
#1426 = CARTESIAN_POINT('',(193.1,27.67431578065,0.));
#1427 = VERTEX_POINT('',#1428);
#1428 = CARTESIAN_POINT('',(196.,29.3486315613,0.));
#1429 = SURFACE_CURVE('',#1430,(#1434,#1440),.PCURVE_S1.);
#1430 = LINE('',#1431,#1432);
#1431 = CARTESIAN_POINT('',(109.10937846965,-20.8176921693,
    1.110223024625E-17));
#1432 = VECTOR('',#1433,1.);
#1433 = DIRECTION('',(0.866025403784,0.5,-0.));
#1434 = PCURVE('',#126,#1435);
#1435 = DEFINITIONAL_REPRESENTATION('',(#1436),#1439);
#1436 = B_SPLINE_CURVE_WITH_KNOTS('',1,(#1437,#1438),.UNSPECIFIED.,.F.,
  .F.,(2,2),(96.9840158999,100.3326474612),.PIECEWISE_BEZIER_KNOTS.);
#1437 = CARTESIAN_POINT('',(193.1,60.17431578065));
#1438 = CARTESIAN_POINT('',(196.,61.8486315613));
#1439 = ( GEOMETRIC_REPRESENTATION_CONTEXT(2) 
PARAMETRIC_REPRESENTATION_CONTEXT() REPRESENTATION_CONTEXT('2D SPACE',''
  ) );
#1440 = PCURVE('',#1441,#1446);
#1441 = PLANE('',#1442);
#1442 = AXIS2_PLACEMENT_3D('',#1443,#1444,#1445);
#1443 = CARTESIAN_POINT('',(196.,29.3486315613,-0.1));
#1444 = DIRECTION('',(0.5,-0.866025403784,0.));
#1445 = DIRECTION('',(-0.866025403784,-0.5,0.));
#1446 = DEFINITIONAL_REPRESENTATION('',(#1447),#1450);
#1447 = B_SPLINE_CURVE_WITH_KNOTS('',1,(#1448,#1449),.UNSPECIFIED.,.F.,
  .F.,(2,2),(96.9840158999,100.3326474612),.PIECEWISE_BEZIER_KNOTS.);
#1448 = CARTESIAN_POINT('',(3.3486315613,-0.1));
#1449 = CARTESIAN_POINT('',(0.,-0.1));
#1450 = ( GEOMETRIC_REPRESENTATION_CONTEXT(2) 
PARAMETRIC_REPRESENTATION_CONTEXT() REPRESENTATION_CONTEXT('2D SPACE',''
  ) );
#1451 = ORIENTED_EDGE('',*,*,#1452,.T.);
#1452 = EDGE_CURVE('',#1427,#1453,#1455,.T.);
#1453 = VERTEX_POINT('',#1454);
#1454 = CARTESIAN_POINT('',(198.9,27.67431578065,0.));
#1455 = SURFACE_CURVE('',#1456,(#1460,#1466),.PCURVE_S1.);
#1456 = LINE('',#1457,#1458);
#1457 = CARTESIAN_POINT('',(137.34062153034,63.21563951125,
    1.110223024625E-17));
#1458 = VECTOR('',#1459,1.);
#1459 = DIRECTION('',(0.866025403784,-0.5,0.));
#1460 = PCURVE('',#126,#1461);
#1461 = DEFINITIONAL_REPRESENTATION('',(#1462),#1465);
#1462 = B_SPLINE_CURVE_WITH_KNOTS('',1,(#1463,#1464),.UNSPECIFIED.,.F.,
  .F.,(2,2),(67.7340158999,71.0826474612),.PIECEWISE_BEZIER_KNOTS.);
#1463 = CARTESIAN_POINT('',(196.,61.8486315613));
#1464 = CARTESIAN_POINT('',(198.9,60.17431578065));
#1465 = ( GEOMETRIC_REPRESENTATION_CONTEXT(2) 
PARAMETRIC_REPRESENTATION_CONTEXT() REPRESENTATION_CONTEXT('2D SPACE',''
  ) );
#1466 = PCURVE('',#1467,#1472);
#1467 = PLANE('',#1468);
#1468 = AXIS2_PLACEMENT_3D('',#1469,#1470,#1471);
#1469 = CARTESIAN_POINT('',(198.9,27.67431578065,-0.1));
#1470 = DIRECTION('',(-0.5,-0.866025403784,0.));
#1471 = DIRECTION('',(-0.866025403784,0.5,0.));
#1472 = DEFINITIONAL_REPRESENTATION('',(#1473),#1476);
#1473 = B_SPLINE_CURVE_WITH_KNOTS('',1,(#1474,#1475),.UNSPECIFIED.,.F.,
  .F.,(2,2),(67.7340158999,71.0826474612),.PIECEWISE_BEZIER_KNOTS.);
#1474 = CARTESIAN_POINT('',(3.3486315613,-0.1));
#1475 = CARTESIAN_POINT('',(0.,-0.1));
#1476 = ( GEOMETRIC_REPRESENTATION_CONTEXT(2) 
PARAMETRIC_REPRESENTATION_CONTEXT() REPRESENTATION_CONTEXT('2D SPACE',''
  ) );
#1477 = ORIENTED_EDGE('',*,*,#1478,.T.);
#1478 = EDGE_CURVE('',#1453,#1479,#1481,.T.);
#1479 = VERTEX_POINT('',#1480);
#1480 = CARTESIAN_POINT('',(198.9,24.32568421935,0.));
#1481 = SURFACE_CURVE('',#1482,(#1486,#1492),.PCURVE_S1.);
#1482 = LINE('',#1483,#1484);
#1483 = CARTESIAN_POINT('',(198.9,-4.087157890325,0.));
#1484 = VECTOR('',#1485,1.);
#1485 = DIRECTION('',(-3.978543489069E-16,-1.,0.));
#1486 = PCURVE('',#126,#1487);
#1487 = DEFINITIONAL_REPRESENTATION('',(#1488),#1491);
#1488 = B_SPLINE_CURVE_WITH_KNOTS('',1,(#1489,#1490),.UNSPECIFIED.,.F.,
  .F.,(2,2),(-31.76147367097,-28.41284210967),.PIECEWISE_BEZIER_KNOTS.);
#1489 = CARTESIAN_POINT('',(198.9,60.17431578065));
#1490 = CARTESIAN_POINT('',(198.9,56.82568421935));
#1491 = ( GEOMETRIC_REPRESENTATION_CONTEXT(2) 
PARAMETRIC_REPRESENTATION_CONTEXT() REPRESENTATION_CONTEXT('2D SPACE',''
  ) );
#1492 = PCURVE('',#1493,#1498);
#1493 = PLANE('',#1494);
#1494 = AXIS2_PLACEMENT_3D('',#1495,#1496,#1497);
#1495 = CARTESIAN_POINT('',(198.9,24.32568421935,-0.1));
#1496 = DIRECTION('',(-1.,3.978543489069E-16,0.));
#1497 = DIRECTION('',(3.978543489069E-16,1.,0.));
#1498 = DEFINITIONAL_REPRESENTATION('',(#1499),#1502);
#1499 = B_SPLINE_CURVE_WITH_KNOTS('',1,(#1500,#1501),.UNSPECIFIED.,.F.,
  .F.,(2,2),(-31.76147367097,-28.41284210967),.PIECEWISE_BEZIER_KNOTS.);
#1500 = CARTESIAN_POINT('',(3.3486315613,-0.1));
#1501 = CARTESIAN_POINT('',(0.,-0.1));
#1502 = ( GEOMETRIC_REPRESENTATION_CONTEXT(2) 
PARAMETRIC_REPRESENTATION_CONTEXT() REPRESENTATION_CONTEXT('2D SPACE',''
  ) );
#1503 = ORIENTED_EDGE('',*,*,#1504,.T.);
#1504 = EDGE_CURVE('',#1479,#1505,#1507,.T.);
#1505 = VERTEX_POINT('',#1506);
#1506 = CARTESIAN_POINT('',(196.,22.6513684387,0.));
#1507 = SURFACE_CURVE('',#1508,(#1512,#1518),.PCURVE_S1.);
#1508 = LINE('',#1509,#1510);
#1509 = CARTESIAN_POINT('',(110.55937846965,-26.67779740157,0.));
#1510 = VECTOR('',#1511,1.);
#1511 = DIRECTION('',(-0.866025403784,-0.5,0.));
#1512 = PCURVE('',#126,#1513);
#1513 = DEFINITIONAL_REPRESENTATION('',(#1514),#1517);
#1514 = B_SPLINE_CURVE_WITH_KNOTS('',1,(#1515,#1516),.UNSPECIFIED.,.F.,
  .F.,(2,2),(-102.0069632418,-98.65833168055),.PIECEWISE_BEZIER_KNOTS.);
#1515 = CARTESIAN_POINT('',(198.9,56.82568421935));
#1516 = CARTESIAN_POINT('',(196.,55.1513684387));
#1517 = ( GEOMETRIC_REPRESENTATION_CONTEXT(2) 
PARAMETRIC_REPRESENTATION_CONTEXT() REPRESENTATION_CONTEXT('2D SPACE',''
  ) );
#1518 = PCURVE('',#1519,#1524);
#1519 = PLANE('',#1520);
#1520 = AXIS2_PLACEMENT_3D('',#1521,#1522,#1523);
#1521 = CARTESIAN_POINT('',(196.,22.6513684387,-0.1));
#1522 = DIRECTION('',(-0.5,0.866025403784,0.));
#1523 = DIRECTION('',(0.866025403784,0.5,0.));
#1524 = DEFINITIONAL_REPRESENTATION('',(#1525),#1528);
#1525 = B_SPLINE_CURVE_WITH_KNOTS('',1,(#1526,#1527),.UNSPECIFIED.,.F.,
  .F.,(2,2),(-102.0069632418,-98.65833168055),.PIECEWISE_BEZIER_KNOTS.);
#1526 = CARTESIAN_POINT('',(3.3486315613,-0.1));
#1527 = CARTESIAN_POINT('',(0.,-0.1));
#1528 = ( GEOMETRIC_REPRESENTATION_CONTEXT(2) 
PARAMETRIC_REPRESENTATION_CONTEXT() REPRESENTATION_CONTEXT('2D SPACE',''
  ) );
#1529 = ORIENTED_EDGE('',*,*,#1530,.T.);
#1530 = EDGE_CURVE('',#1505,#1531,#1533,.T.);
#1531 = VERTEX_POINT('',#1532);
#1532 = CARTESIAN_POINT('',(193.1,24.32568421935,0.));
#1533 = SURFACE_CURVE('',#1534,(#1538,#1544),.PCURVE_S1.);
#1534 = LINE('',#1535,#1536);
#1535 = CARTESIAN_POINT('',(132.99062153034,59.029850059625,0.));
#1536 = VECTOR('',#1537,1.);
#1537 = DIRECTION('',(-0.866025403784,0.5,0.));
#1538 = PCURVE('',#126,#1539);
#1539 = DEFINITIONAL_REPRESENTATION('',(#1540),#1543);
#1540 = B_SPLINE_CURVE_WITH_KNOTS('',1,(#1541,#1542),.UNSPECIFIED.,.F.,
  .F.,(2,2),(-72.75696324185,-69.40833168055),.PIECEWISE_BEZIER_KNOTS.);
#1541 = CARTESIAN_POINT('',(196.,55.1513684387));
#1542 = CARTESIAN_POINT('',(193.1,56.82568421935));
#1543 = ( GEOMETRIC_REPRESENTATION_CONTEXT(2) 
PARAMETRIC_REPRESENTATION_CONTEXT() REPRESENTATION_CONTEXT('2D SPACE',''
  ) );
#1544 = PCURVE('',#1545,#1550);
#1545 = PLANE('',#1546);
#1546 = AXIS2_PLACEMENT_3D('',#1547,#1548,#1549);
#1547 = CARTESIAN_POINT('',(193.1,24.32568421935,-0.1));
#1548 = DIRECTION('',(0.5,0.866025403784,-0.));
#1549 = DIRECTION('',(0.866025403784,-0.5,0.));
#1550 = DEFINITIONAL_REPRESENTATION('',(#1551),#1554);
#1551 = B_SPLINE_CURVE_WITH_KNOTS('',1,(#1552,#1553),.UNSPECIFIED.,.F.,
  .F.,(2,2),(-72.75696324185,-69.40833168055),.PIECEWISE_BEZIER_KNOTS.);
#1552 = CARTESIAN_POINT('',(3.3486315613,-0.1));
#1553 = CARTESIAN_POINT('',(0.,-0.1));
#1554 = ( GEOMETRIC_REPRESENTATION_CONTEXT(2) 
PARAMETRIC_REPRESENTATION_CONTEXT() REPRESENTATION_CONTEXT('2D SPACE',''
  ) );
#1555 = ORIENTED_EDGE('',*,*,#1556,.T.);
#1556 = EDGE_CURVE('',#1531,#1425,#1557,.T.);
#1557 = SURFACE_CURVE('',#1558,(#1562,#1568),.PCURVE_S1.);
#1558 = LINE('',#1559,#1560);
#1559 = CARTESIAN_POINT('',(193.1,-2.412842109675,0.));
#1560 = VECTOR('',#1561,1.);
#1561 = DIRECTION('',(-1.326181163023E-16,1.,0.));
#1562 = PCURVE('',#126,#1563);
#1563 = DEFINITIONAL_REPRESENTATION('',(#1564),#1567);
#1564 = B_SPLINE_CURVE_WITH_KNOTS('',1,(#1565,#1566),.UNSPECIFIED.,.F.,
  .F.,(2,2),(26.738526329025,30.087157890325),.PIECEWISE_BEZIER_KNOTS.);
#1565 = CARTESIAN_POINT('',(193.1,56.82568421935));
#1566 = CARTESIAN_POINT('',(193.1,60.17431578065));
#1567 = ( GEOMETRIC_REPRESENTATION_CONTEXT(2) 
PARAMETRIC_REPRESENTATION_CONTEXT() REPRESENTATION_CONTEXT('2D SPACE',''
  ) );
#1568 = PCURVE('',#1569,#1574);
#1569 = PLANE('',#1570);
#1570 = AXIS2_PLACEMENT_3D('',#1571,#1572,#1573);
#1571 = CARTESIAN_POINT('',(193.1,27.67431578065,-0.1));
#1572 = DIRECTION('',(1.,1.326181163023E-16,-0.));
#1573 = DIRECTION('',(1.326181163023E-16,-1.,0.));
#1574 = DEFINITIONAL_REPRESENTATION('',(#1575),#1578);
#1575 = B_SPLINE_CURVE_WITH_KNOTS('',1,(#1576,#1577),.UNSPECIFIED.,.F.,
  .F.,(2,2),(26.738526329025,30.087157890325),.PIECEWISE_BEZIER_KNOTS.);
#1576 = CARTESIAN_POINT('',(3.3486315613,-0.1));
#1577 = CARTESIAN_POINT('',(0.,-0.1));
#1578 = ( GEOMETRIC_REPRESENTATION_CONTEXT(2) 
PARAMETRIC_REPRESENTATION_CONTEXT() REPRESENTATION_CONTEXT('2D SPACE',''
  ) );
#1579 = ADVANCED_FACE('',(#1580),#368,.T.);
#1580 = FACE_BOUND('',#1581,.T.);
#1581 = EDGE_LOOP('',(#1582,#1583,#1584,#1585,#1586,#1609,#1632,#1653));
#1582 = ORIENTED_EDGE('',*,*,#354,.F.);
#1583 = ORIENTED_EDGE('',*,*,#802,.T.);
#1584 = ORIENTED_EDGE('',*,*,#776,.T.);
#1585 = ORIENTED_EDGE('',*,*,#580,.F.);
#1586 = ORIENTED_EDGE('',*,*,#1587,.T.);
#1587 = EDGE_CURVE('',#558,#1588,#1590,.T.);
#1588 = VERTEX_POINT('',#1589);
#1589 = CARTESIAN_POINT('',(200.,20.,12.));
#1590 = SURFACE_CURVE('',#1591,(#1595,#1602),.PCURVE_S1.);
#1591 = LINE('',#1592,#1593);
#1592 = CARTESIAN_POINT('',(200.,12.,4.));
#1593 = VECTOR('',#1594,1.);
#1594 = DIRECTION('',(0.,0.707106781187,0.707106781187));
#1595 = PCURVE('',#368,#1596);
#1596 = DEFINITIONAL_REPRESENTATION('',(#1597),#1601);
#1597 = LINE('',#1598,#1599);
#1598 = CARTESIAN_POINT('',(4.,-44.5));
#1599 = VECTOR('',#1600,1.);
#1600 = DIRECTION('',(0.707106781187,-0.707106781187));
#1601 = ( GEOMETRIC_REPRESENTATION_CONTEXT(2) 
PARAMETRIC_REPRESENTATION_CONTEXT() REPRESENTATION_CONTEXT('2D SPACE',''
  ) );
#1602 = PCURVE('',#210,#1603);
#1603 = DEFINITIONAL_REPRESENTATION('',(#1604),#1608);
#1604 = LINE('',#1605,#1606);
#1605 = CARTESIAN_POINT('',(0.,-200.));
#1606 = VECTOR('',#1607,1.);
#1607 = DIRECTION('',(1.,0.));
#1608 = ( GEOMETRIC_REPRESENTATION_CONTEXT(2) 
PARAMETRIC_REPRESENTATION_CONTEXT() REPRESENTATION_CONTEXT('2D SPACE',''
  ) );
#1609 = ORIENTED_EDGE('',*,*,#1610,.T.);
#1610 = EDGE_CURVE('',#1588,#1611,#1613,.T.);
#1611 = VERTEX_POINT('',#1612);
#1612 = CARTESIAN_POINT('',(200.,-20.,12.));
#1613 = SURFACE_CURVE('',#1614,(#1618,#1625),.PCURVE_S1.);
#1614 = LINE('',#1615,#1616);
#1615 = CARTESIAN_POINT('',(200.,20.,12.));
#1616 = VECTOR('',#1617,1.);
#1617 = DIRECTION('',(0.,-1.,0.));
#1618 = PCURVE('',#368,#1619);
#1619 = DEFINITIONAL_REPRESENTATION('',(#1620),#1624);
#1620 = LINE('',#1621,#1622);
#1621 = CARTESIAN_POINT('',(12.,-52.5));
#1622 = VECTOR('',#1623,1.);
#1623 = DIRECTION('',(0.,1.));
#1624 = ( GEOMETRIC_REPRESENTATION_CONTEXT(2) 
PARAMETRIC_REPRESENTATION_CONTEXT() REPRESENTATION_CONTEXT('2D SPACE',''
  ) );
#1625 = PCURVE('',#238,#1626);
#1626 = DEFINITIONAL_REPRESENTATION('',(#1627),#1631);
#1627 = LINE('',#1628,#1629);
#1628 = CARTESIAN_POINT('',(0.,-200.));
#1629 = VECTOR('',#1630,1.);
#1630 = DIRECTION('',(1.,0.));
#1631 = ( GEOMETRIC_REPRESENTATION_CONTEXT(2) 
PARAMETRIC_REPRESENTATION_CONTEXT() REPRESENTATION_CONTEXT('2D SPACE',''
  ) );
#1632 = ORIENTED_EDGE('',*,*,#1633,.T.);
#1633 = EDGE_CURVE('',#1611,#386,#1634,.T.);
#1634 = SURFACE_CURVE('',#1635,(#1639,#1646),.PCURVE_S1.);
#1635 = LINE('',#1636,#1637);
#1636 = CARTESIAN_POINT('',(200.,-20.,12.));
#1637 = VECTOR('',#1638,1.);
#1638 = DIRECTION('',(0.,0.707106781187,-0.707106781187));
#1639 = PCURVE('',#368,#1640);
#1640 = DEFINITIONAL_REPRESENTATION('',(#1641),#1645);
#1641 = LINE('',#1642,#1643);
#1642 = CARTESIAN_POINT('',(12.,-12.5));
#1643 = VECTOR('',#1644,1.);
#1644 = DIRECTION('',(-0.707106781187,-0.707106781187));
#1645 = ( GEOMETRIC_REPRESENTATION_CONTEXT(2) 
PARAMETRIC_REPRESENTATION_CONTEXT() REPRESENTATION_CONTEXT('2D SPACE',''
  ) );
#1646 = PCURVE('',#266,#1647);
#1647 = DEFINITIONAL_REPRESENTATION('',(#1648),#1652);
#1648 = LINE('',#1649,#1650);
#1649 = CARTESIAN_POINT('',(0.,-200.));
#1650 = VECTOR('',#1651,1.);
#1651 = DIRECTION('',(1.,0.));
#1652 = ( GEOMETRIC_REPRESENTATION_CONTEXT(2) 
PARAMETRIC_REPRESENTATION_CONTEXT() REPRESENTATION_CONTEXT('2D SPACE',''
  ) );
#1653 = ORIENTED_EDGE('',*,*,#385,.F.);
#1654 = ADVANCED_FACE('',(#1655),#266,.F.);
#1655 = FACE_BOUND('',#1656,.F.);
#1656 = EDGE_LOOP('',(#1657,#1678,#1679,#1680));
#1657 = ORIENTED_EDGE('',*,*,#1658,.T.);
#1658 = EDGE_CURVE('',#223,#1611,#1659,.T.);
#1659 = SURFACE_CURVE('',#1660,(#1664,#1671),.PCURVE_S1.);
#1660 = LINE('',#1661,#1662);
#1661 = CARTESIAN_POINT('',(0.,-20.,12.));
#1662 = VECTOR('',#1663,1.);
#1663 = DIRECTION('',(1.,0.,0.));
#1664 = PCURVE('',#266,#1665);
#1665 = DEFINITIONAL_REPRESENTATION('',(#1666),#1670);
#1666 = LINE('',#1667,#1668);
#1667 = CARTESIAN_POINT('',(0.,0.));
#1668 = VECTOR('',#1669,1.);
#1669 = DIRECTION('',(0.,-1.));
#1670 = ( GEOMETRIC_REPRESENTATION_CONTEXT(2) 
PARAMETRIC_REPRESENTATION_CONTEXT() REPRESENTATION_CONTEXT('2D SPACE',''
  ) );
#1671 = PCURVE('',#238,#1672);
#1672 = DEFINITIONAL_REPRESENTATION('',(#1673),#1677);
#1673 = LINE('',#1674,#1675);
#1674 = CARTESIAN_POINT('',(40.,0.));
#1675 = VECTOR('',#1676,1.);
#1676 = DIRECTION('',(0.,-1.));
#1677 = ( GEOMETRIC_REPRESENTATION_CONTEXT(2) 
PARAMETRIC_REPRESENTATION_CONTEXT() REPRESENTATION_CONTEXT('2D SPACE',''
  ) );
#1678 = ORIENTED_EDGE('',*,*,#1633,.T.);
#1679 = ORIENTED_EDGE('',*,*,#408,.F.);
#1680 = ORIENTED_EDGE('',*,*,#250,.F.);
#1681 = ADVANCED_FACE('',(#1682),#448,.F.);
#1682 = FACE_BOUND('',#1683,.F.);
#1683 = EDGE_LOOP('',(#1684,#1685,#1708,#1730));
#1684 = ORIENTED_EDGE('',*,*,#431,.F.);
#1685 = ORIENTED_EDGE('',*,*,#1686,.F.);
#1686 = EDGE_CURVE('',#1687,#432,#1689,.T.);
#1687 = VERTEX_POINT('',#1688);
#1688 = CARTESIAN_POINT('',(24.2,-27.,2.));
#1689 = SEAM_CURVE('',#1690,(#1694,#1701),.PCURVE_S1.);
#1690 = LINE('',#1691,#1692);
#1691 = CARTESIAN_POINT('',(24.2,-27.,2.));
#1692 = VECTOR('',#1693,1.);
#1693 = DIRECTION('',(0.707106781187,-1.731912112471E-16,0.707106781187)
  );
#1694 = PCURVE('',#448,#1695);
#1695 = DEFINITIONAL_REPRESENTATION('',(#1696),#1700);
#1696 = LINE('',#1697,#1698);
#1697 = CARTESIAN_POINT('',(6.28318530718,-0.));
#1698 = VECTOR('',#1699,1.);
#1699 = DIRECTION('',(0.,1.));
#1700 = ( GEOMETRIC_REPRESENTATION_CONTEXT(2) 
PARAMETRIC_REPRESENTATION_CONTEXT() REPRESENTATION_CONTEXT('2D SPACE',''
  ) );
#1701 = PCURVE('',#448,#1702);
#1702 = DEFINITIONAL_REPRESENTATION('',(#1703),#1707);
#1703 = LINE('',#1704,#1705);
#1704 = CARTESIAN_POINT('',(0.,-0.));
#1705 = VECTOR('',#1706,1.);
#1706 = DIRECTION('',(0.,1.));
#1707 = ( GEOMETRIC_REPRESENTATION_CONTEXT(2) 
PARAMETRIC_REPRESENTATION_CONTEXT() REPRESENTATION_CONTEXT('2D SPACE',''
  ) );
#1708 = ORIENTED_EDGE('',*,*,#1709,.T.);
#1709 = EDGE_CURVE('',#1687,#1687,#1710,.T.);
#1710 = SURFACE_CURVE('',#1711,(#1716,#1723),.PCURVE_S1.);
#1711 = CIRCLE('',#1712,2.2);
#1712 = AXIS2_PLACEMENT_3D('',#1713,#1714,#1715);
#1713 = CARTESIAN_POINT('',(22.,-27.,2.));
#1714 = DIRECTION('',(0.,0.,1.));
#1715 = DIRECTION('',(1.,0.,-0.));
#1716 = PCURVE('',#448,#1717);
#1717 = DEFINITIONAL_REPRESENTATION('',(#1718),#1722);
#1718 = LINE('',#1719,#1720);
#1719 = CARTESIAN_POINT('',(0.,0.));
#1720 = VECTOR('',#1721,1.);
#1721 = DIRECTION('',(1.,0.));
#1722 = ( GEOMETRIC_REPRESENTATION_CONTEXT(2) 
PARAMETRIC_REPRESENTATION_CONTEXT() REPRESENTATION_CONTEXT('2D SPACE',''
  ) );
#1723 = PCURVE('',#1001,#1724);
#1724 = DEFINITIONAL_REPRESENTATION('',(#1725),#1729);
#1725 = LINE('',#1726,#1727);
#1726 = CARTESIAN_POINT('',(0.,3.));
#1727 = VECTOR('',#1728,1.);
#1728 = DIRECTION('',(1.,0.));
#1729 = ( GEOMETRIC_REPRESENTATION_CONTEXT(2) 
PARAMETRIC_REPRESENTATION_CONTEXT() REPRESENTATION_CONTEXT('2D SPACE',''
  ) );
#1730 = ORIENTED_EDGE('',*,*,#1686,.T.);
#1731 = ADVANCED_FACE('',(#1732),#479,.F.);
#1732 = FACE_BOUND('',#1733,.F.);
#1733 = EDGE_LOOP('',(#1734,#1757,#1758,#1759));
#1734 = ORIENTED_EDGE('',*,*,#1735,.T.);
#1735 = EDGE_CURVE('',#1736,#463,#1738,.T.);
#1736 = VERTEX_POINT('',#1737);
#1737 = CARTESIAN_POINT('',(5.7,-26.,2.6));
#1738 = SEAM_CURVE('',#1739,(#1743,#1750),.PCURVE_S1.);
#1739 = LINE('',#1740,#1741);
#1740 = CARTESIAN_POINT('',(5.7,-26.,-1.));
#1741 = VECTOR('',#1742,1.);
#1742 = DIRECTION('',(0.,0.,1.));
#1743 = PCURVE('',#479,#1744);
#1744 = DEFINITIONAL_REPRESENTATION('',(#1745),#1749);
#1745 = LINE('',#1746,#1747);
#1746 = CARTESIAN_POINT('',(6.28318530718,-0.));
#1747 = VECTOR('',#1748,1.);
#1748 = DIRECTION('',(0.,1.));
#1749 = ( GEOMETRIC_REPRESENTATION_CONTEXT(2) 
PARAMETRIC_REPRESENTATION_CONTEXT() REPRESENTATION_CONTEXT('2D SPACE',''
  ) );
#1750 = PCURVE('',#479,#1751);
#1751 = DEFINITIONAL_REPRESENTATION('',(#1752),#1756);
#1752 = LINE('',#1753,#1754);
#1753 = CARTESIAN_POINT('',(0.,-0.));
#1754 = VECTOR('',#1755,1.);
#1755 = DIRECTION('',(0.,1.));
#1756 = ( GEOMETRIC_REPRESENTATION_CONTEXT(2) 
PARAMETRIC_REPRESENTATION_CONTEXT() REPRESENTATION_CONTEXT('2D SPACE',''
  ) );
#1757 = ORIENTED_EDGE('',*,*,#462,.F.);
#1758 = ORIENTED_EDGE('',*,*,#1735,.F.);
#1759 = ORIENTED_EDGE('',*,*,#1760,.T.);
#1760 = EDGE_CURVE('',#1736,#1736,#1761,.T.);
#1761 = SURFACE_CURVE('',#1762,(#1767,#1774),.PCURVE_S1.);
#1762 = CIRCLE('',#1763,1.7);
#1763 = AXIS2_PLACEMENT_3D('',#1764,#1765,#1766);
#1764 = CARTESIAN_POINT('',(4.,-26.,2.6));
#1765 = DIRECTION('',(0.,0.,1.));
#1766 = DIRECTION('',(1.,0.,-0.));
#1767 = PCURVE('',#479,#1768);
#1768 = DEFINITIONAL_REPRESENTATION('',(#1769),#1773);
#1769 = LINE('',#1770,#1771);
#1770 = CARTESIAN_POINT('',(0.,3.6));
#1771 = VECTOR('',#1772,1.);
#1772 = DIRECTION('',(1.,0.));
#1773 = ( GEOMETRIC_REPRESENTATION_CONTEXT(2) 
PARAMETRIC_REPRESENTATION_CONTEXT() REPRESENTATION_CONTEXT('2D SPACE',''
  ) );
#1774 = PCURVE('',#1775,#1780);
#1775 = PLANE('',#1776);
#1776 = AXIS2_PLACEMENT_3D('',#1777,#1778,#1779);
#1777 = CARTESIAN_POINT('',(4.,-26.,2.6));
#1778 = DIRECTION('',(0.,0.,1.));
#1779 = DIRECTION('',(1.,0.,-0.));
#1780 = DEFINITIONAL_REPRESENTATION('',(#1781),#1785);
#1781 = CIRCLE('',#1782,1.7);
#1782 = AXIS2_PLACEMENT_2D('',#1783,#1784);
#1783 = CARTESIAN_POINT('',(4.440892098501E-16,0.));
#1784 = DIRECTION('',(1.,0.));
#1785 = ( GEOMETRIC_REPRESENTATION_CONTEXT(2) 
PARAMETRIC_REPRESENTATION_CONTEXT() REPRESENTATION_CONTEXT('2D SPACE',''
  ) );
#1786 = ADVANCED_FACE('',(#1787),#510,.F.);
#1787 = FACE_BOUND('',#1788,.F.);
#1788 = EDGE_LOOP('',(#1789,#1790,#1813,#1835));
#1789 = ORIENTED_EDGE('',*,*,#493,.F.);
#1790 = ORIENTED_EDGE('',*,*,#1791,.F.);
#1791 = EDGE_CURVE('',#1792,#494,#1794,.T.);
#1792 = VERTEX_POINT('',#1793);
#1793 = CARTESIAN_POINT('',(180.2,-27.,2.));
#1794 = SEAM_CURVE('',#1795,(#1799,#1806),.PCURVE_S1.);
#1795 = LINE('',#1796,#1797);
#1796 = CARTESIAN_POINT('',(180.2,-27.,2.));
#1797 = VECTOR('',#1798,1.);
#1798 = DIRECTION('',(0.707106781187,-1.731912112471E-16,0.707106781187)
  );
#1799 = PCURVE('',#510,#1800);
#1800 = DEFINITIONAL_REPRESENTATION('',(#1801),#1805);
#1801 = LINE('',#1802,#1803);
#1802 = CARTESIAN_POINT('',(6.28318530718,-0.));
#1803 = VECTOR('',#1804,1.);
#1804 = DIRECTION('',(0.,1.));
#1805 = ( GEOMETRIC_REPRESENTATION_CONTEXT(2) 
PARAMETRIC_REPRESENTATION_CONTEXT() REPRESENTATION_CONTEXT('2D SPACE',''
  ) );
#1806 = PCURVE('',#510,#1807);
#1807 = DEFINITIONAL_REPRESENTATION('',(#1808),#1812);
#1808 = LINE('',#1809,#1810);
#1809 = CARTESIAN_POINT('',(0.,-0.));
#1810 = VECTOR('',#1811,1.);
#1811 = DIRECTION('',(0.,1.));
#1812 = ( GEOMETRIC_REPRESENTATION_CONTEXT(2) 
PARAMETRIC_REPRESENTATION_CONTEXT() REPRESENTATION_CONTEXT('2D SPACE',''
  ) );
#1813 = ORIENTED_EDGE('',*,*,#1814,.T.);
#1814 = EDGE_CURVE('',#1792,#1792,#1815,.T.);
#1815 = SURFACE_CURVE('',#1816,(#1821,#1828),.PCURVE_S1.);
#1816 = CIRCLE('',#1817,2.2);
#1817 = AXIS2_PLACEMENT_3D('',#1818,#1819,#1820);
#1818 = CARTESIAN_POINT('',(178.,-27.,2.));
#1819 = DIRECTION('',(0.,0.,1.));
#1820 = DIRECTION('',(1.,0.,-0.));
#1821 = PCURVE('',#510,#1822);
#1822 = DEFINITIONAL_REPRESENTATION('',(#1823),#1827);
#1823 = LINE('',#1824,#1825);
#1824 = CARTESIAN_POINT('',(0.,0.));
#1825 = VECTOR('',#1826,1.);
#1826 = DIRECTION('',(1.,0.));
#1827 = ( GEOMETRIC_REPRESENTATION_CONTEXT(2) 
PARAMETRIC_REPRESENTATION_CONTEXT() REPRESENTATION_CONTEXT('2D SPACE',''
  ) );
#1828 = PCURVE('',#1032,#1829);
#1829 = DEFINITIONAL_REPRESENTATION('',(#1830),#1834);
#1830 = LINE('',#1831,#1832);
#1831 = CARTESIAN_POINT('',(0.,3.));
#1832 = VECTOR('',#1833,1.);
#1833 = DIRECTION('',(1.,0.));
#1834 = ( GEOMETRIC_REPRESENTATION_CONTEXT(2) 
PARAMETRIC_REPRESENTATION_CONTEXT() REPRESENTATION_CONTEXT('2D SPACE',''
  ) );
#1835 = ORIENTED_EDGE('',*,*,#1791,.T.);
#1836 = ADVANCED_FACE('',(#1837),#541,.F.);
#1837 = FACE_BOUND('',#1838,.F.);
#1838 = EDGE_LOOP('',(#1839,#1862,#1863,#1864));
#1839 = ORIENTED_EDGE('',*,*,#1840,.T.);
#1840 = EDGE_CURVE('',#1841,#525,#1843,.T.);
#1841 = VERTEX_POINT('',#1842);
#1842 = CARTESIAN_POINT('',(197.7,-26.,2.6));
#1843 = SEAM_CURVE('',#1844,(#1848,#1855),.PCURVE_S1.);
#1844 = LINE('',#1845,#1846);
#1845 = CARTESIAN_POINT('',(197.7,-26.,-1.));
#1846 = VECTOR('',#1847,1.);
#1847 = DIRECTION('',(0.,0.,1.));
#1848 = PCURVE('',#541,#1849);
#1849 = DEFINITIONAL_REPRESENTATION('',(#1850),#1854);
#1850 = LINE('',#1851,#1852);
#1851 = CARTESIAN_POINT('',(6.28318530718,-0.));
#1852 = VECTOR('',#1853,1.);
#1853 = DIRECTION('',(0.,1.));
#1854 = ( GEOMETRIC_REPRESENTATION_CONTEXT(2) 
PARAMETRIC_REPRESENTATION_CONTEXT() REPRESENTATION_CONTEXT('2D SPACE',''
  ) );
#1855 = PCURVE('',#541,#1856);
#1856 = DEFINITIONAL_REPRESENTATION('',(#1857),#1861);
#1857 = LINE('',#1858,#1859);
#1858 = CARTESIAN_POINT('',(0.,-0.));
#1859 = VECTOR('',#1860,1.);
#1860 = DIRECTION('',(0.,1.));
#1861 = ( GEOMETRIC_REPRESENTATION_CONTEXT(2) 
PARAMETRIC_REPRESENTATION_CONTEXT() REPRESENTATION_CONTEXT('2D SPACE',''
  ) );
#1862 = ORIENTED_EDGE('',*,*,#524,.F.);
#1863 = ORIENTED_EDGE('',*,*,#1840,.F.);
#1864 = ORIENTED_EDGE('',*,*,#1865,.T.);
#1865 = EDGE_CURVE('',#1841,#1841,#1866,.T.);
#1866 = SURFACE_CURVE('',#1867,(#1872,#1879),.PCURVE_S1.);
#1867 = CIRCLE('',#1868,1.7);
#1868 = AXIS2_PLACEMENT_3D('',#1869,#1870,#1871);
#1869 = CARTESIAN_POINT('',(196.,-26.,2.6));
#1870 = DIRECTION('',(0.,0.,1.));
#1871 = DIRECTION('',(1.,0.,-0.));
#1872 = PCURVE('',#541,#1873);
#1873 = DEFINITIONAL_REPRESENTATION('',(#1874),#1878);
#1874 = LINE('',#1875,#1876);
#1875 = CARTESIAN_POINT('',(0.,3.6));
#1876 = VECTOR('',#1877,1.);
#1877 = DIRECTION('',(1.,0.));
#1878 = ( GEOMETRIC_REPRESENTATION_CONTEXT(2) 
PARAMETRIC_REPRESENTATION_CONTEXT() REPRESENTATION_CONTEXT('2D SPACE',''
  ) );
#1879 = PCURVE('',#1880,#1885);
#1880 = PLANE('',#1881);
#1881 = AXIS2_PLACEMENT_3D('',#1882,#1883,#1884);
#1882 = CARTESIAN_POINT('',(196.,-26.,2.6));
#1883 = DIRECTION('',(0.,0.,1.));
#1884 = DIRECTION('',(1.,0.,-0.));
#1885 = DEFINITIONAL_REPRESENTATION('',(#1886),#1890);
#1886 = CIRCLE('',#1887,1.7);
#1887 = AXIS2_PLACEMENT_2D('',#1888,#1889);
#1888 = CARTESIAN_POINT('',(0.,0.));
#1889 = DIRECTION('',(1.,0.));
#1890 = ( GEOMETRIC_REPRESENTATION_CONTEXT(2) 
PARAMETRIC_REPRESENTATION_CONTEXT() REPRESENTATION_CONTEXT('2D SPACE',''
  ) );
#1891 = ADVANCED_FACE('',(#1892),#210,.F.);
#1892 = FACE_BOUND('',#1893,.F.);
#1893 = EDGE_LOOP('',(#1894,#1895,#1896,#1917));
#1894 = ORIENTED_EDGE('',*,*,#557,.T.);
#1895 = ORIENTED_EDGE('',*,*,#1587,.T.);
#1896 = ORIENTED_EDGE('',*,*,#1897,.F.);
#1897 = EDGE_CURVE('',#195,#1588,#1898,.T.);
#1898 = SURFACE_CURVE('',#1899,(#1903,#1910),.PCURVE_S1.);
#1899 = LINE('',#1900,#1901);
#1900 = CARTESIAN_POINT('',(0.,20.,12.));
#1901 = VECTOR('',#1902,1.);
#1902 = DIRECTION('',(1.,0.,0.));
#1903 = PCURVE('',#210,#1904);
#1904 = DEFINITIONAL_REPRESENTATION('',(#1905),#1909);
#1905 = LINE('',#1906,#1907);
#1906 = CARTESIAN_POINT('',(11.313708498985,0.));
#1907 = VECTOR('',#1908,1.);
#1908 = DIRECTION('',(0.,-1.));
#1909 = ( GEOMETRIC_REPRESENTATION_CONTEXT(2) 
PARAMETRIC_REPRESENTATION_CONTEXT() REPRESENTATION_CONTEXT('2D SPACE',''
  ) );
#1910 = PCURVE('',#238,#1911);
#1911 = DEFINITIONAL_REPRESENTATION('',(#1912),#1916);
#1912 = LINE('',#1913,#1914);
#1913 = CARTESIAN_POINT('',(0.,-0.));
#1914 = VECTOR('',#1915,1.);
#1915 = DIRECTION('',(0.,-1.));
#1916 = ( GEOMETRIC_REPRESENTATION_CONTEXT(2) 
PARAMETRIC_REPRESENTATION_CONTEXT() REPRESENTATION_CONTEXT('2D SPACE',''
  ) );
#1917 = ORIENTED_EDGE('',*,*,#194,.F.);
#1918 = ADVANCED_FACE('',(#1919),#238,.F.);
#1919 = FACE_BOUND('',#1920,.F.);
#1920 = EDGE_LOOP('',(#1921,#1922,#1923,#1924));
#1921 = ORIENTED_EDGE('',*,*,#1897,.T.);
#1922 = ORIENTED_EDGE('',*,*,#1610,.T.);
#1923 = ORIENTED_EDGE('',*,*,#1658,.F.);
#1924 = ORIENTED_EDGE('',*,*,#222,.F.);
#1925 = ADVANCED_FACE('',(#1926),#643,.F.);
#1926 = FACE_BOUND('',#1927,.F.);
#1927 = EDGE_LOOP('',(#1928,#1951,#1952,#1953));
#1928 = ORIENTED_EDGE('',*,*,#1929,.T.);
#1929 = EDGE_CURVE('',#1930,#627,#1932,.T.);
#1930 = VERTEX_POINT('',#1931);
#1931 = CARTESIAN_POINT('',(5.7,26.,2.6));
#1932 = SEAM_CURVE('',#1933,(#1937,#1944),.PCURVE_S1.);
#1933 = LINE('',#1934,#1935);
#1934 = CARTESIAN_POINT('',(5.7,26.,-1.));
#1935 = VECTOR('',#1936,1.);
#1936 = DIRECTION('',(0.,0.,1.));
#1937 = PCURVE('',#643,#1938);
#1938 = DEFINITIONAL_REPRESENTATION('',(#1939),#1943);
#1939 = LINE('',#1940,#1941);
#1940 = CARTESIAN_POINT('',(6.28318530718,-0.));
#1941 = VECTOR('',#1942,1.);
#1942 = DIRECTION('',(0.,1.));
#1943 = ( GEOMETRIC_REPRESENTATION_CONTEXT(2) 
PARAMETRIC_REPRESENTATION_CONTEXT() REPRESENTATION_CONTEXT('2D SPACE',''
  ) );
#1944 = PCURVE('',#643,#1945);
#1945 = DEFINITIONAL_REPRESENTATION('',(#1946),#1950);
#1946 = LINE('',#1947,#1948);
#1947 = CARTESIAN_POINT('',(0.,-0.));
#1948 = VECTOR('',#1949,1.);
#1949 = DIRECTION('',(0.,1.));
#1950 = ( GEOMETRIC_REPRESENTATION_CONTEXT(2) 
PARAMETRIC_REPRESENTATION_CONTEXT() REPRESENTATION_CONTEXT('2D SPACE',''
  ) );
#1951 = ORIENTED_EDGE('',*,*,#626,.F.);
#1952 = ORIENTED_EDGE('',*,*,#1929,.F.);
#1953 = ORIENTED_EDGE('',*,*,#1954,.T.);
#1954 = EDGE_CURVE('',#1930,#1930,#1955,.T.);
#1955 = SURFACE_CURVE('',#1956,(#1961,#1968),.PCURVE_S1.);
#1956 = CIRCLE('',#1957,1.7);
#1957 = AXIS2_PLACEMENT_3D('',#1958,#1959,#1960);
#1958 = CARTESIAN_POINT('',(4.,26.,2.6));
#1959 = DIRECTION('',(0.,0.,1.));
#1960 = DIRECTION('',(1.,0.,-0.));
#1961 = PCURVE('',#643,#1962);
#1962 = DEFINITIONAL_REPRESENTATION('',(#1963),#1967);
#1963 = LINE('',#1964,#1965);
#1964 = CARTESIAN_POINT('',(0.,3.6));
#1965 = VECTOR('',#1966,1.);
#1966 = DIRECTION('',(1.,0.));
#1967 = ( GEOMETRIC_REPRESENTATION_CONTEXT(2) 
PARAMETRIC_REPRESENTATION_CONTEXT() REPRESENTATION_CONTEXT('2D SPACE',''
  ) );
#1968 = PCURVE('',#1969,#1974);
#1969 = PLANE('',#1970);
#1970 = AXIS2_PLACEMENT_3D('',#1971,#1972,#1973);
#1971 = CARTESIAN_POINT('',(4.,26.,2.6));
#1972 = DIRECTION('',(0.,0.,1.));
#1973 = DIRECTION('',(1.,0.,-0.));
#1974 = DEFINITIONAL_REPRESENTATION('',(#1975),#1979);
#1975 = CIRCLE('',#1976,1.7);
#1976 = AXIS2_PLACEMENT_2D('',#1977,#1978);
#1977 = CARTESIAN_POINT('',(4.440892098501E-16,0.));
#1978 = DIRECTION('',(1.,0.));
#1979 = ( GEOMETRIC_REPRESENTATION_CONTEXT(2) 
PARAMETRIC_REPRESENTATION_CONTEXT() REPRESENTATION_CONTEXT('2D SPACE',''
  ) );
#1980 = ADVANCED_FACE('',(#1981),#674,.F.);
#1981 = FACE_BOUND('',#1982,.F.);
#1982 = EDGE_LOOP('',(#1983,#2006,#2007,#2008));
#1983 = ORIENTED_EDGE('',*,*,#1984,.T.);
#1984 = EDGE_CURVE('',#1985,#658,#1987,.T.);
#1985 = VERTEX_POINT('',#1986);
#1986 = CARTESIAN_POINT('',(197.7,26.,2.6));
#1987 = SEAM_CURVE('',#1988,(#1992,#1999),.PCURVE_S1.);
#1988 = LINE('',#1989,#1990);
#1989 = CARTESIAN_POINT('',(197.7,26.,-1.));
#1990 = VECTOR('',#1991,1.);
#1991 = DIRECTION('',(0.,0.,1.));
#1992 = PCURVE('',#674,#1993);
#1993 = DEFINITIONAL_REPRESENTATION('',(#1994),#1998);
#1994 = LINE('',#1995,#1996);
#1995 = CARTESIAN_POINT('',(6.28318530718,-0.));
#1996 = VECTOR('',#1997,1.);
#1997 = DIRECTION('',(0.,1.));
#1998 = ( GEOMETRIC_REPRESENTATION_CONTEXT(2) 
PARAMETRIC_REPRESENTATION_CONTEXT() REPRESENTATION_CONTEXT('2D SPACE',''
  ) );
#1999 = PCURVE('',#674,#2000);
#2000 = DEFINITIONAL_REPRESENTATION('',(#2001),#2005);
#2001 = LINE('',#2002,#2003);
#2002 = CARTESIAN_POINT('',(0.,-0.));
#2003 = VECTOR('',#2004,1.);
#2004 = DIRECTION('',(0.,1.));
#2005 = ( GEOMETRIC_REPRESENTATION_CONTEXT(2) 
PARAMETRIC_REPRESENTATION_CONTEXT() REPRESENTATION_CONTEXT('2D SPACE',''
  ) );
#2006 = ORIENTED_EDGE('',*,*,#657,.F.);
#2007 = ORIENTED_EDGE('',*,*,#1984,.F.);
#2008 = ORIENTED_EDGE('',*,*,#2009,.T.);
#2009 = EDGE_CURVE('',#1985,#1985,#2010,.T.);
#2010 = SURFACE_CURVE('',#2011,(#2016,#2023),.PCURVE_S1.);
#2011 = CIRCLE('',#2012,1.7);
#2012 = AXIS2_PLACEMENT_3D('',#2013,#2014,#2015);
#2013 = CARTESIAN_POINT('',(196.,26.,2.6));
#2014 = DIRECTION('',(0.,0.,1.));
#2015 = DIRECTION('',(1.,0.,-0.));
#2016 = PCURVE('',#674,#2017);
#2017 = DEFINITIONAL_REPRESENTATION('',(#2018),#2022);
#2018 = LINE('',#2019,#2020);
#2019 = CARTESIAN_POINT('',(0.,3.6));
#2020 = VECTOR('',#2021,1.);
#2021 = DIRECTION('',(1.,0.));
#2022 = ( GEOMETRIC_REPRESENTATION_CONTEXT(2) 
PARAMETRIC_REPRESENTATION_CONTEXT() REPRESENTATION_CONTEXT('2D SPACE',''
  ) );
#2023 = PCURVE('',#2024,#2029);
#2024 = PLANE('',#2025);
#2025 = AXIS2_PLACEMENT_3D('',#2026,#2027,#2028);
#2026 = CARTESIAN_POINT('',(196.,26.,2.6));
#2027 = DIRECTION('',(0.,0.,1.));
#2028 = DIRECTION('',(1.,0.,-0.));
#2029 = DEFINITIONAL_REPRESENTATION('',(#2030),#2034);
#2030 = CIRCLE('',#2031,1.7);
#2031 = AXIS2_PLACEMENT_2D('',#2032,#2033);
#2032 = CARTESIAN_POINT('',(0.,0.));
#2033 = DIRECTION('',(1.,0.));
#2034 = ( GEOMETRIC_REPRESENTATION_CONTEXT(2) 
PARAMETRIC_REPRESENTATION_CONTEXT() REPRESENTATION_CONTEXT('2D SPACE',''
  ) );
#2035 = ADVANCED_FACE('',(#2036),#705,.F.);
#2036 = FACE_BOUND('',#2037,.F.);
#2037 = EDGE_LOOP('',(#2038,#2039,#2062,#2084));
#2038 = ORIENTED_EDGE('',*,*,#688,.F.);
#2039 = ORIENTED_EDGE('',*,*,#2040,.F.);
#2040 = EDGE_CURVE('',#2041,#689,#2043,.T.);
#2041 = VERTEX_POINT('',#2042);
#2042 = CARTESIAN_POINT('',(24.2,27.,2.));
#2043 = SEAM_CURVE('',#2044,(#2048,#2055),.PCURVE_S1.);
#2044 = LINE('',#2045,#2046);
#2045 = CARTESIAN_POINT('',(24.2,27.,2.));
#2046 = VECTOR('',#2047,1.);
#2047 = DIRECTION('',(0.707106781187,-1.731912112471E-16,0.707106781187)
  );
#2048 = PCURVE('',#705,#2049);
#2049 = DEFINITIONAL_REPRESENTATION('',(#2050),#2054);
#2050 = LINE('',#2051,#2052);
#2051 = CARTESIAN_POINT('',(6.28318530718,-0.));
#2052 = VECTOR('',#2053,1.);
#2053 = DIRECTION('',(0.,1.));
#2054 = ( GEOMETRIC_REPRESENTATION_CONTEXT(2) 
PARAMETRIC_REPRESENTATION_CONTEXT() REPRESENTATION_CONTEXT('2D SPACE',''
  ) );
#2055 = PCURVE('',#705,#2056);
#2056 = DEFINITIONAL_REPRESENTATION('',(#2057),#2061);
#2057 = LINE('',#2058,#2059);
#2058 = CARTESIAN_POINT('',(0.,-0.));
#2059 = VECTOR('',#2060,1.);
#2060 = DIRECTION('',(0.,1.));
#2061 = ( GEOMETRIC_REPRESENTATION_CONTEXT(2) 
PARAMETRIC_REPRESENTATION_CONTEXT() REPRESENTATION_CONTEXT('2D SPACE',''
  ) );
#2062 = ORIENTED_EDGE('',*,*,#2063,.T.);
#2063 = EDGE_CURVE('',#2041,#2041,#2064,.T.);
#2064 = SURFACE_CURVE('',#2065,(#2070,#2077),.PCURVE_S1.);
#2065 = CIRCLE('',#2066,2.2);
#2066 = AXIS2_PLACEMENT_3D('',#2067,#2068,#2069);
#2067 = CARTESIAN_POINT('',(22.,27.,2.));
#2068 = DIRECTION('',(0.,0.,1.));
#2069 = DIRECTION('',(1.,0.,-0.));
#2070 = PCURVE('',#705,#2071);
#2071 = DEFINITIONAL_REPRESENTATION('',(#2072),#2076);
#2072 = LINE('',#2073,#2074);
#2073 = CARTESIAN_POINT('',(0.,0.));
#2074 = VECTOR('',#2075,1.);
#2075 = DIRECTION('',(1.,0.));
#2076 = ( GEOMETRIC_REPRESENTATION_CONTEXT(2) 
PARAMETRIC_REPRESENTATION_CONTEXT() REPRESENTATION_CONTEXT('2D SPACE',''
  ) );
#2077 = PCURVE('',#1379,#2078);
#2078 = DEFINITIONAL_REPRESENTATION('',(#2079),#2083);
#2079 = LINE('',#2080,#2081);
#2080 = CARTESIAN_POINT('',(0.,3.));
#2081 = VECTOR('',#2082,1.);
#2082 = DIRECTION('',(1.,0.));
#2083 = ( GEOMETRIC_REPRESENTATION_CONTEXT(2) 
PARAMETRIC_REPRESENTATION_CONTEXT() REPRESENTATION_CONTEXT('2D SPACE',''
  ) );
#2084 = ORIENTED_EDGE('',*,*,#2040,.T.);
#2085 = ADVANCED_FACE('',(#2086),#736,.F.);
#2086 = FACE_BOUND('',#2087,.F.);
#2087 = EDGE_LOOP('',(#2088,#2089,#2112,#2134));
#2088 = ORIENTED_EDGE('',*,*,#719,.F.);
#2089 = ORIENTED_EDGE('',*,*,#2090,.F.);
#2090 = EDGE_CURVE('',#2091,#720,#2093,.T.);
#2091 = VERTEX_POINT('',#2092);
#2092 = CARTESIAN_POINT('',(180.2,27.,2.));
#2093 = SEAM_CURVE('',#2094,(#2098,#2105),.PCURVE_S1.);
#2094 = LINE('',#2095,#2096);
#2095 = CARTESIAN_POINT('',(180.2,27.,2.));
#2096 = VECTOR('',#2097,1.);
#2097 = DIRECTION('',(0.707106781187,-1.731912112471E-16,0.707106781187)
  );
#2098 = PCURVE('',#736,#2099);
#2099 = DEFINITIONAL_REPRESENTATION('',(#2100),#2104);
#2100 = LINE('',#2101,#2102);
#2101 = CARTESIAN_POINT('',(6.28318530718,-0.));
#2102 = VECTOR('',#2103,1.);
#2103 = DIRECTION('',(0.,1.));
#2104 = ( GEOMETRIC_REPRESENTATION_CONTEXT(2) 
PARAMETRIC_REPRESENTATION_CONTEXT() REPRESENTATION_CONTEXT('2D SPACE',''
  ) );
#2105 = PCURVE('',#736,#2106);
#2106 = DEFINITIONAL_REPRESENTATION('',(#2107),#2111);
#2107 = LINE('',#2108,#2109);
#2108 = CARTESIAN_POINT('',(0.,-0.));
#2109 = VECTOR('',#2110,1.);
#2110 = DIRECTION('',(0.,1.));
#2111 = ( GEOMETRIC_REPRESENTATION_CONTEXT(2) 
PARAMETRIC_REPRESENTATION_CONTEXT() REPRESENTATION_CONTEXT('2D SPACE',''
  ) );
#2112 = ORIENTED_EDGE('',*,*,#2113,.T.);
#2113 = EDGE_CURVE('',#2091,#2091,#2114,.T.);
#2114 = SURFACE_CURVE('',#2115,(#2120,#2127),.PCURVE_S1.);
#2115 = CIRCLE('',#2116,2.2);
#2116 = AXIS2_PLACEMENT_3D('',#2117,#2118,#2119);
#2117 = CARTESIAN_POINT('',(178.,27.,2.));
#2118 = DIRECTION('',(0.,0.,1.));
#2119 = DIRECTION('',(1.,0.,-0.));
#2120 = PCURVE('',#736,#2121);
#2121 = DEFINITIONAL_REPRESENTATION('',(#2122),#2126);
#2122 = LINE('',#2123,#2124);
#2123 = CARTESIAN_POINT('',(0.,0.));
#2124 = VECTOR('',#2125,1.);
#2125 = DIRECTION('',(1.,0.));
#2126 = ( GEOMETRIC_REPRESENTATION_CONTEXT(2) 
PARAMETRIC_REPRESENTATION_CONTEXT() REPRESENTATION_CONTEXT('2D SPACE',''
  ) );
#2127 = PCURVE('',#1410,#2128);
#2128 = DEFINITIONAL_REPRESENTATION('',(#2129),#2133);
#2129 = LINE('',#2130,#2131);
#2130 = CARTESIAN_POINT('',(0.,3.));
#2131 = VECTOR('',#2132,1.);
#2132 = DIRECTION('',(1.,0.));
#2133 = ( GEOMETRIC_REPRESENTATION_CONTEXT(2) 
PARAMETRIC_REPRESENTATION_CONTEXT() REPRESENTATION_CONTEXT('2D SPACE',''
  ) );
#2134 = ORIENTED_EDGE('',*,*,#2090,.T.);
#2135 = ADVANCED_FACE('',(#2136),#843,.T.);
#2136 = FACE_BOUND('',#2137,.T.);
#2137 = EDGE_LOOP('',(#2138,#2139,#2162,#2185));
#2138 = ORIENTED_EDGE('',*,*,#826,.T.);
#2139 = ORIENTED_EDGE('',*,*,#2140,.T.);
#2140 = EDGE_CURVE('',#829,#2141,#2143,.T.);
#2141 = VERTEX_POINT('',#2142);
#2142 = CARTESIAN_POINT('',(4.,-22.6513684387,2.6));
#2143 = SURFACE_CURVE('',#2144,(#2148,#2155),.PCURVE_S1.);
#2144 = LINE('',#2145,#2146);
#2145 = CARTESIAN_POINT('',(4.,-22.6513684387,-0.1));
#2146 = VECTOR('',#2147,1.);
#2147 = DIRECTION('',(0.,0.,1.));
#2148 = PCURVE('',#843,#2149);
#2149 = DEFINITIONAL_REPRESENTATION('',(#2150),#2154);
#2150 = LINE('',#2151,#2152);
#2151 = CARTESIAN_POINT('',(0.,0.));
#2152 = VECTOR('',#2153,1.);
#2153 = DIRECTION('',(0.,-1.));
#2154 = ( GEOMETRIC_REPRESENTATION_CONTEXT(2) 
PARAMETRIC_REPRESENTATION_CONTEXT() REPRESENTATION_CONTEXT('2D SPACE',''
  ) );
#2155 = PCURVE('',#869,#2156);
#2156 = DEFINITIONAL_REPRESENTATION('',(#2157),#2161);
#2157 = LINE('',#2158,#2159);
#2158 = CARTESIAN_POINT('',(3.3486315613,0.));
#2159 = VECTOR('',#2160,1.);
#2160 = DIRECTION('',(0.,-1.));
#2161 = ( GEOMETRIC_REPRESENTATION_CONTEXT(2) 
PARAMETRIC_REPRESENTATION_CONTEXT() REPRESENTATION_CONTEXT('2D SPACE',''
  ) );
#2162 = ORIENTED_EDGE('',*,*,#2163,.T.);
#2163 = EDGE_CURVE('',#2141,#2164,#2166,.T.);
#2164 = VERTEX_POINT('',#2165);
#2165 = CARTESIAN_POINT('',(1.1,-24.32568421935,2.6));
#2166 = SURFACE_CURVE('',#2167,(#2171,#2178),.PCURVE_S1.);
#2167 = LINE('',#2168,#2169);
#2168 = CARTESIAN_POINT('',(4.,-22.6513684387,2.6));
#2169 = VECTOR('',#2170,1.);
#2170 = DIRECTION('',(-0.866025403784,-0.5,0.));
#2171 = PCURVE('',#843,#2172);
#2172 = DEFINITIONAL_REPRESENTATION('',(#2173),#2177);
#2173 = LINE('',#2174,#2175);
#2174 = CARTESIAN_POINT('',(0.,-2.7));
#2175 = VECTOR('',#2176,1.);
#2176 = DIRECTION('',(1.,0.));
#2177 = ( GEOMETRIC_REPRESENTATION_CONTEXT(2) 
PARAMETRIC_REPRESENTATION_CONTEXT() REPRESENTATION_CONTEXT('2D SPACE',''
  ) );
#2178 = PCURVE('',#1775,#2179);
#2179 = DEFINITIONAL_REPRESENTATION('',(#2180),#2184);
#2180 = LINE('',#2181,#2182);
#2181 = CARTESIAN_POINT('',(4.440892098501E-16,3.3486315613));
#2182 = VECTOR('',#2183,1.);
#2183 = DIRECTION('',(-0.866025403784,-0.5));
#2184 = ( GEOMETRIC_REPRESENTATION_CONTEXT(2) 
PARAMETRIC_REPRESENTATION_CONTEXT() REPRESENTATION_CONTEXT('2D SPACE',''
  ) );
#2185 = ORIENTED_EDGE('',*,*,#2186,.F.);
#2186 = EDGE_CURVE('',#827,#2164,#2187,.T.);
#2187 = SURFACE_CURVE('',#2188,(#2192,#2199),.PCURVE_S1.);
#2188 = LINE('',#2189,#2190);
#2189 = CARTESIAN_POINT('',(1.1,-24.32568421935,-0.1));
#2190 = VECTOR('',#2191,1.);
#2191 = DIRECTION('',(0.,0.,1.));
#2192 = PCURVE('',#843,#2193);
#2193 = DEFINITIONAL_REPRESENTATION('',(#2194),#2198);
#2194 = LINE('',#2195,#2196);
#2195 = CARTESIAN_POINT('',(3.3486315613,0.));
#2196 = VECTOR('',#2197,1.);
#2197 = DIRECTION('',(0.,-1.));
#2198 = ( GEOMETRIC_REPRESENTATION_CONTEXT(2) 
PARAMETRIC_REPRESENTATION_CONTEXT() REPRESENTATION_CONTEXT('2D SPACE',''
  ) );
#2199 = PCURVE('',#971,#2200);
#2200 = DEFINITIONAL_REPRESENTATION('',(#2201),#2205);
#2201 = LINE('',#2202,#2203);
#2202 = CARTESIAN_POINT('',(0.,0.));
#2203 = VECTOR('',#2204,1.);
#2204 = DIRECTION('',(0.,-1.));
#2205 = ( GEOMETRIC_REPRESENTATION_CONTEXT(2) 
PARAMETRIC_REPRESENTATION_CONTEXT() REPRESENTATION_CONTEXT('2D SPACE',''
  ) );
#2206 = ADVANCED_FACE('',(#2207),#971,.T.);
#2207 = FACE_BOUND('',#2208,.T.);
#2208 = EDGE_LOOP('',(#2209,#2210,#2211,#2234));
#2209 = ORIENTED_EDGE('',*,*,#958,.T.);
#2210 = ORIENTED_EDGE('',*,*,#2186,.T.);
#2211 = ORIENTED_EDGE('',*,*,#2212,.T.);
#2212 = EDGE_CURVE('',#2164,#2213,#2215,.T.);
#2213 = VERTEX_POINT('',#2214);
#2214 = CARTESIAN_POINT('',(1.1,-27.67431578065,2.6));
#2215 = SURFACE_CURVE('',#2216,(#2220,#2227),.PCURVE_S1.);
#2216 = LINE('',#2217,#2218);
#2217 = CARTESIAN_POINT('',(1.1,-24.32568421935,2.6));
#2218 = VECTOR('',#2219,1.);
#2219 = DIRECTION('',(1.326181163023E-16,-1.,0.));
#2220 = PCURVE('',#971,#2221);
#2221 = DEFINITIONAL_REPRESENTATION('',(#2222),#2226);
#2222 = LINE('',#2223,#2224);
#2223 = CARTESIAN_POINT('',(0.,-2.7));
#2224 = VECTOR('',#2225,1.);
#2225 = DIRECTION('',(1.,0.));
#2226 = ( GEOMETRIC_REPRESENTATION_CONTEXT(2) 
PARAMETRIC_REPRESENTATION_CONTEXT() REPRESENTATION_CONTEXT('2D SPACE',''
  ) );
#2227 = PCURVE('',#1775,#2228);
#2228 = DEFINITIONAL_REPRESENTATION('',(#2229),#2233);
#2229 = LINE('',#2230,#2231);
#2230 = CARTESIAN_POINT('',(-2.9,1.67431578065));
#2231 = VECTOR('',#2232,1.);
#2232 = DIRECTION('',(1.326181163023E-16,-1.));
#2233 = ( GEOMETRIC_REPRESENTATION_CONTEXT(2) 
PARAMETRIC_REPRESENTATION_CONTEXT() REPRESENTATION_CONTEXT('2D SPACE',''
  ) );
#2234 = ORIENTED_EDGE('',*,*,#2235,.F.);
#2235 = EDGE_CURVE('',#933,#2213,#2236,.T.);
#2236 = SURFACE_CURVE('',#2237,(#2241,#2248),.PCURVE_S1.);
#2237 = LINE('',#2238,#2239);
#2238 = CARTESIAN_POINT('',(1.1,-27.67431578065,-0.1));
#2239 = VECTOR('',#2240,1.);
#2240 = DIRECTION('',(0.,0.,1.));
#2241 = PCURVE('',#971,#2242);
#2242 = DEFINITIONAL_REPRESENTATION('',(#2243),#2247);
#2243 = LINE('',#2244,#2245);
#2244 = CARTESIAN_POINT('',(3.3486315613,0.));
#2245 = VECTOR('',#2246,1.);
#2246 = DIRECTION('',(0.,-1.));
#2247 = ( GEOMETRIC_REPRESENTATION_CONTEXT(2) 
PARAMETRIC_REPRESENTATION_CONTEXT() REPRESENTATION_CONTEXT('2D SPACE',''
  ) );
#2248 = PCURVE('',#947,#2249);
#2249 = DEFINITIONAL_REPRESENTATION('',(#2250),#2254);
#2250 = LINE('',#2251,#2252);
#2251 = CARTESIAN_POINT('',(0.,0.));
#2252 = VECTOR('',#2253,1.);
#2253 = DIRECTION('',(0.,-1.));
#2254 = ( GEOMETRIC_REPRESENTATION_CONTEXT(2) 
PARAMETRIC_REPRESENTATION_CONTEXT() REPRESENTATION_CONTEXT('2D SPACE',''
  ) );
#2255 = ADVANCED_FACE('',(#2256),#869,.T.);
#2256 = FACE_BOUND('',#2257,.T.);
#2257 = EDGE_LOOP('',(#2258,#2259,#2282,#2303));
#2258 = ORIENTED_EDGE('',*,*,#854,.T.);
#2259 = ORIENTED_EDGE('',*,*,#2260,.T.);
#2260 = EDGE_CURVE('',#855,#2261,#2263,.T.);
#2261 = VERTEX_POINT('',#2262);
#2262 = CARTESIAN_POINT('',(6.9,-24.32568421935,2.6));
#2263 = SURFACE_CURVE('',#2264,(#2268,#2275),.PCURVE_S1.);
#2264 = LINE('',#2265,#2266);
#2265 = CARTESIAN_POINT('',(6.9,-24.32568421935,-0.1));
#2266 = VECTOR('',#2267,1.);
#2267 = DIRECTION('',(0.,0.,1.));
#2268 = PCURVE('',#869,#2269);
#2269 = DEFINITIONAL_REPRESENTATION('',(#2270),#2274);
#2270 = LINE('',#2271,#2272);
#2271 = CARTESIAN_POINT('',(0.,0.));
#2272 = VECTOR('',#2273,1.);
#2273 = DIRECTION('',(0.,-1.));
#2274 = ( GEOMETRIC_REPRESENTATION_CONTEXT(2) 
PARAMETRIC_REPRESENTATION_CONTEXT() REPRESENTATION_CONTEXT('2D SPACE',''
  ) );
#2275 = PCURVE('',#895,#2276);
#2276 = DEFINITIONAL_REPRESENTATION('',(#2277),#2281);
#2277 = LINE('',#2278,#2279);
#2278 = CARTESIAN_POINT('',(3.3486315613,0.));
#2279 = VECTOR('',#2280,1.);
#2280 = DIRECTION('',(0.,-1.));
#2281 = ( GEOMETRIC_REPRESENTATION_CONTEXT(2) 
PARAMETRIC_REPRESENTATION_CONTEXT() REPRESENTATION_CONTEXT('2D SPACE',''
  ) );
#2282 = ORIENTED_EDGE('',*,*,#2283,.T.);
#2283 = EDGE_CURVE('',#2261,#2141,#2284,.T.);
#2284 = SURFACE_CURVE('',#2285,(#2289,#2296),.PCURVE_S1.);
#2285 = LINE('',#2286,#2287);
#2286 = CARTESIAN_POINT('',(6.9,-24.32568421935,2.6));
#2287 = VECTOR('',#2288,1.);
#2288 = DIRECTION('',(-0.866025403784,0.5,0.));
#2289 = PCURVE('',#869,#2290);
#2290 = DEFINITIONAL_REPRESENTATION('',(#2291),#2295);
#2291 = LINE('',#2292,#2293);
#2292 = CARTESIAN_POINT('',(0.,-2.7));
#2293 = VECTOR('',#2294,1.);
#2294 = DIRECTION('',(1.,0.));
#2295 = ( GEOMETRIC_REPRESENTATION_CONTEXT(2) 
PARAMETRIC_REPRESENTATION_CONTEXT() REPRESENTATION_CONTEXT('2D SPACE',''
  ) );
#2296 = PCURVE('',#1775,#2297);
#2297 = DEFINITIONAL_REPRESENTATION('',(#2298),#2302);
#2298 = LINE('',#2299,#2300);
#2299 = CARTESIAN_POINT('',(2.9,1.67431578065));
#2300 = VECTOR('',#2301,1.);
#2301 = DIRECTION('',(-0.866025403784,0.5));
#2302 = ( GEOMETRIC_REPRESENTATION_CONTEXT(2) 
PARAMETRIC_REPRESENTATION_CONTEXT() REPRESENTATION_CONTEXT('2D SPACE',''
  ) );
#2303 = ORIENTED_EDGE('',*,*,#2140,.F.);
#2304 = ADVANCED_FACE('',(#2305),#947,.T.);
#2305 = FACE_BOUND('',#2306,.T.);
#2306 = EDGE_LOOP('',(#2307,#2308,#2309,#2332));
#2307 = ORIENTED_EDGE('',*,*,#932,.T.);
#2308 = ORIENTED_EDGE('',*,*,#2235,.T.);
#2309 = ORIENTED_EDGE('',*,*,#2310,.T.);
#2310 = EDGE_CURVE('',#2213,#2311,#2313,.T.);
#2311 = VERTEX_POINT('',#2312);
#2312 = CARTESIAN_POINT('',(4.,-29.3486315613,2.6));
#2313 = SURFACE_CURVE('',#2314,(#2318,#2325),.PCURVE_S1.);
#2314 = LINE('',#2315,#2316);
#2315 = CARTESIAN_POINT('',(1.1,-27.67431578065,2.6));
#2316 = VECTOR('',#2317,1.);
#2317 = DIRECTION('',(0.866025403784,-0.5,0.));
#2318 = PCURVE('',#947,#2319);
#2319 = DEFINITIONAL_REPRESENTATION('',(#2320),#2324);
#2320 = LINE('',#2321,#2322);
#2321 = CARTESIAN_POINT('',(0.,-2.7));
#2322 = VECTOR('',#2323,1.);
#2323 = DIRECTION('',(1.,0.));
#2324 = ( GEOMETRIC_REPRESENTATION_CONTEXT(2) 
PARAMETRIC_REPRESENTATION_CONTEXT() REPRESENTATION_CONTEXT('2D SPACE',''
  ) );
#2325 = PCURVE('',#1775,#2326);
#2326 = DEFINITIONAL_REPRESENTATION('',(#2327),#2331);
#2327 = LINE('',#2328,#2329);
#2328 = CARTESIAN_POINT('',(-2.9,-1.67431578065));
#2329 = VECTOR('',#2330,1.);
#2330 = DIRECTION('',(0.866025403784,-0.5));
#2331 = ( GEOMETRIC_REPRESENTATION_CONTEXT(2) 
PARAMETRIC_REPRESENTATION_CONTEXT() REPRESENTATION_CONTEXT('2D SPACE',''
  ) );
#2332 = ORIENTED_EDGE('',*,*,#2333,.F.);
#2333 = EDGE_CURVE('',#907,#2311,#2334,.T.);
#2334 = SURFACE_CURVE('',#2335,(#2339,#2346),.PCURVE_S1.);
#2335 = LINE('',#2336,#2337);
#2336 = CARTESIAN_POINT('',(4.,-29.3486315613,-0.1));
#2337 = VECTOR('',#2338,1.);
#2338 = DIRECTION('',(0.,0.,1.));
#2339 = PCURVE('',#947,#2340);
#2340 = DEFINITIONAL_REPRESENTATION('',(#2341),#2345);
#2341 = LINE('',#2342,#2343);
#2342 = CARTESIAN_POINT('',(3.3486315613,0.));
#2343 = VECTOR('',#2344,1.);
#2344 = DIRECTION('',(0.,-1.));
#2345 = ( GEOMETRIC_REPRESENTATION_CONTEXT(2) 
PARAMETRIC_REPRESENTATION_CONTEXT() REPRESENTATION_CONTEXT('2D SPACE',''
  ) );
#2346 = PCURVE('',#921,#2347);
#2347 = DEFINITIONAL_REPRESENTATION('',(#2348),#2352);
#2348 = LINE('',#2349,#2350);
#2349 = CARTESIAN_POINT('',(0.,0.));
#2350 = VECTOR('',#2351,1.);
#2351 = DIRECTION('',(0.,-1.));
#2352 = ( GEOMETRIC_REPRESENTATION_CONTEXT(2) 
PARAMETRIC_REPRESENTATION_CONTEXT() REPRESENTATION_CONTEXT('2D SPACE',''
  ) );
#2353 = ADVANCED_FACE('',(#2354),#895,.T.);
#2354 = FACE_BOUND('',#2355,.T.);
#2355 = EDGE_LOOP('',(#2356,#2357,#2380,#2401));
#2356 = ORIENTED_EDGE('',*,*,#880,.T.);
#2357 = ORIENTED_EDGE('',*,*,#2358,.T.);
#2358 = EDGE_CURVE('',#881,#2359,#2361,.T.);
#2359 = VERTEX_POINT('',#2360);
#2360 = CARTESIAN_POINT('',(6.9,-27.67431578065,2.6));
#2361 = SURFACE_CURVE('',#2362,(#2366,#2373),.PCURVE_S1.);
#2362 = LINE('',#2363,#2364);
#2363 = CARTESIAN_POINT('',(6.9,-27.67431578065,-0.1));
#2364 = VECTOR('',#2365,1.);
#2365 = DIRECTION('',(0.,0.,1.));
#2366 = PCURVE('',#895,#2367);
#2367 = DEFINITIONAL_REPRESENTATION('',(#2368),#2372);
#2368 = LINE('',#2369,#2370);
#2369 = CARTESIAN_POINT('',(0.,0.));
#2370 = VECTOR('',#2371,1.);
#2371 = DIRECTION('',(0.,-1.));
#2372 = ( GEOMETRIC_REPRESENTATION_CONTEXT(2) 
PARAMETRIC_REPRESENTATION_CONTEXT() REPRESENTATION_CONTEXT('2D SPACE',''
  ) );
#2373 = PCURVE('',#921,#2374);
#2374 = DEFINITIONAL_REPRESENTATION('',(#2375),#2379);
#2375 = LINE('',#2376,#2377);
#2376 = CARTESIAN_POINT('',(3.3486315613,0.));
#2377 = VECTOR('',#2378,1.);
#2378 = DIRECTION('',(0.,-1.));
#2379 = ( GEOMETRIC_REPRESENTATION_CONTEXT(2) 
PARAMETRIC_REPRESENTATION_CONTEXT() REPRESENTATION_CONTEXT('2D SPACE',''
  ) );
#2380 = ORIENTED_EDGE('',*,*,#2381,.T.);
#2381 = EDGE_CURVE('',#2359,#2261,#2382,.T.);
#2382 = SURFACE_CURVE('',#2383,(#2387,#2394),.PCURVE_S1.);
#2383 = LINE('',#2384,#2385);
#2384 = CARTESIAN_POINT('',(6.9,-27.67431578065,2.6));
#2385 = VECTOR('',#2386,1.);
#2386 = DIRECTION('',(3.978543489069E-16,1.,0.));
#2387 = PCURVE('',#895,#2388);
#2388 = DEFINITIONAL_REPRESENTATION('',(#2389),#2393);
#2389 = LINE('',#2390,#2391);
#2390 = CARTESIAN_POINT('',(0.,-2.7));
#2391 = VECTOR('',#2392,1.);
#2392 = DIRECTION('',(1.,0.));
#2393 = ( GEOMETRIC_REPRESENTATION_CONTEXT(2) 
PARAMETRIC_REPRESENTATION_CONTEXT() REPRESENTATION_CONTEXT('2D SPACE',''
  ) );
#2394 = PCURVE('',#1775,#2395);
#2395 = DEFINITIONAL_REPRESENTATION('',(#2396),#2400);
#2396 = LINE('',#2397,#2398);
#2397 = CARTESIAN_POINT('',(2.9,-1.67431578065));
#2398 = VECTOR('',#2399,1.);
#2399 = DIRECTION('',(3.978543489069E-16,1.));
#2400 = ( GEOMETRIC_REPRESENTATION_CONTEXT(2) 
PARAMETRIC_REPRESENTATION_CONTEXT() REPRESENTATION_CONTEXT('2D SPACE',''
  ) );
#2401 = ORIENTED_EDGE('',*,*,#2260,.F.);
#2402 = ADVANCED_FACE('',(#2403),#921,.T.);
#2403 = FACE_BOUND('',#2404,.T.);
#2404 = EDGE_LOOP('',(#2405,#2406,#2407,#2428));
#2405 = ORIENTED_EDGE('',*,*,#906,.T.);
#2406 = ORIENTED_EDGE('',*,*,#2333,.T.);
#2407 = ORIENTED_EDGE('',*,*,#2408,.T.);
#2408 = EDGE_CURVE('',#2311,#2359,#2409,.T.);
#2409 = SURFACE_CURVE('',#2410,(#2414,#2421),.PCURVE_S1.);
#2410 = LINE('',#2411,#2412);
#2411 = CARTESIAN_POINT('',(4.,-29.3486315613,2.6));
#2412 = VECTOR('',#2413,1.);
#2413 = DIRECTION('',(0.866025403784,0.5,0.));
#2414 = PCURVE('',#921,#2415);
#2415 = DEFINITIONAL_REPRESENTATION('',(#2416),#2420);
#2416 = LINE('',#2417,#2418);
#2417 = CARTESIAN_POINT('',(0.,-2.7));
#2418 = VECTOR('',#2419,1.);
#2419 = DIRECTION('',(1.,0.));
#2420 = ( GEOMETRIC_REPRESENTATION_CONTEXT(2) 
PARAMETRIC_REPRESENTATION_CONTEXT() REPRESENTATION_CONTEXT('2D SPACE',''
  ) );
#2421 = PCURVE('',#1775,#2422);
#2422 = DEFINITIONAL_REPRESENTATION('',(#2423),#2427);
#2423 = LINE('',#2424,#2425);
#2424 = CARTESIAN_POINT('',(0.,-3.3486315613));
#2425 = VECTOR('',#2426,1.);
#2426 = DIRECTION('',(0.866025403784,0.5));
#2427 = ( GEOMETRIC_REPRESENTATION_CONTEXT(2) 
PARAMETRIC_REPRESENTATION_CONTEXT() REPRESENTATION_CONTEXT('2D SPACE',''
  ) );
#2428 = ORIENTED_EDGE('',*,*,#2358,.F.);
#2429 = ADVANCED_FACE('',(#2430),#1001,.F.);
#2430 = FACE_BOUND('',#2431,.F.);
#2431 = EDGE_LOOP('',(#2432,#2433,#2454,#2455));
#2432 = ORIENTED_EDGE('',*,*,#1709,.F.);
#2433 = ORIENTED_EDGE('',*,*,#2434,.F.);
#2434 = EDGE_CURVE('',#985,#1687,#2435,.T.);
#2435 = SEAM_CURVE('',#2436,(#2440,#2447),.PCURVE_S1.);
#2436 = LINE('',#2437,#2438);
#2437 = CARTESIAN_POINT('',(24.2,-27.,-1.));
#2438 = VECTOR('',#2439,1.);
#2439 = DIRECTION('',(0.,0.,1.));
#2440 = PCURVE('',#1001,#2441);
#2441 = DEFINITIONAL_REPRESENTATION('',(#2442),#2446);
#2442 = LINE('',#2443,#2444);
#2443 = CARTESIAN_POINT('',(6.28318530718,-0.));
#2444 = VECTOR('',#2445,1.);
#2445 = DIRECTION('',(0.,1.));
#2446 = ( GEOMETRIC_REPRESENTATION_CONTEXT(2) 
PARAMETRIC_REPRESENTATION_CONTEXT() REPRESENTATION_CONTEXT('2D SPACE',''
  ) );
#2447 = PCURVE('',#1001,#2448);
#2448 = DEFINITIONAL_REPRESENTATION('',(#2449),#2453);
#2449 = LINE('',#2450,#2451);
#2450 = CARTESIAN_POINT('',(0.,-0.));
#2451 = VECTOR('',#2452,1.);
#2452 = DIRECTION('',(0.,1.));
#2453 = ( GEOMETRIC_REPRESENTATION_CONTEXT(2) 
PARAMETRIC_REPRESENTATION_CONTEXT() REPRESENTATION_CONTEXT('2D SPACE',''
  ) );
#2454 = ORIENTED_EDGE('',*,*,#984,.T.);
#2455 = ORIENTED_EDGE('',*,*,#2434,.T.);
#2456 = ADVANCED_FACE('',(#2457),#1032,.F.);
#2457 = FACE_BOUND('',#2458,.F.);
#2458 = EDGE_LOOP('',(#2459,#2460,#2481,#2482));
#2459 = ORIENTED_EDGE('',*,*,#1814,.F.);
#2460 = ORIENTED_EDGE('',*,*,#2461,.F.);
#2461 = EDGE_CURVE('',#1016,#1792,#2462,.T.);
#2462 = SEAM_CURVE('',#2463,(#2467,#2474),.PCURVE_S1.);
#2463 = LINE('',#2464,#2465);
#2464 = CARTESIAN_POINT('',(180.2,-27.,-1.));
#2465 = VECTOR('',#2466,1.);
#2466 = DIRECTION('',(0.,0.,1.));
#2467 = PCURVE('',#1032,#2468);
#2468 = DEFINITIONAL_REPRESENTATION('',(#2469),#2473);
#2469 = LINE('',#2470,#2471);
#2470 = CARTESIAN_POINT('',(6.28318530718,-0.));
#2471 = VECTOR('',#2472,1.);
#2472 = DIRECTION('',(0.,1.));
#2473 = ( GEOMETRIC_REPRESENTATION_CONTEXT(2) 
PARAMETRIC_REPRESENTATION_CONTEXT() REPRESENTATION_CONTEXT('2D SPACE',''
  ) );
#2474 = PCURVE('',#1032,#2475);
#2475 = DEFINITIONAL_REPRESENTATION('',(#2476),#2480);
#2476 = LINE('',#2477,#2478);
#2477 = CARTESIAN_POINT('',(0.,-0.));
#2478 = VECTOR('',#2479,1.);
#2479 = DIRECTION('',(0.,1.));
#2480 = ( GEOMETRIC_REPRESENTATION_CONTEXT(2) 
PARAMETRIC_REPRESENTATION_CONTEXT() REPRESENTATION_CONTEXT('2D SPACE',''
  ) );
#2481 = ORIENTED_EDGE('',*,*,#1015,.T.);
#2482 = ORIENTED_EDGE('',*,*,#2461,.T.);
#2483 = ADVANCED_FACE('',(#2484),#1063,.T.);
#2484 = FACE_BOUND('',#2485,.T.);
#2485 = EDGE_LOOP('',(#2486,#2487,#2510,#2533));
#2486 = ORIENTED_EDGE('',*,*,#1046,.T.);
#2487 = ORIENTED_EDGE('',*,*,#2488,.T.);
#2488 = EDGE_CURVE('',#1049,#2489,#2491,.T.);
#2489 = VERTEX_POINT('',#2490);
#2490 = CARTESIAN_POINT('',(196.,-22.6513684387,2.6));
#2491 = SURFACE_CURVE('',#2492,(#2496,#2503),.PCURVE_S1.);
#2492 = LINE('',#2493,#2494);
#2493 = CARTESIAN_POINT('',(196.,-22.6513684387,-0.1));
#2494 = VECTOR('',#2495,1.);
#2495 = DIRECTION('',(0.,0.,1.));
#2496 = PCURVE('',#1063,#2497);
#2497 = DEFINITIONAL_REPRESENTATION('',(#2498),#2502);
#2498 = LINE('',#2499,#2500);
#2499 = CARTESIAN_POINT('',(0.,0.));
#2500 = VECTOR('',#2501,1.);
#2501 = DIRECTION('',(0.,-1.));
#2502 = ( GEOMETRIC_REPRESENTATION_CONTEXT(2) 
PARAMETRIC_REPRESENTATION_CONTEXT() REPRESENTATION_CONTEXT('2D SPACE',''
  ) );
#2503 = PCURVE('',#1089,#2504);
#2504 = DEFINITIONAL_REPRESENTATION('',(#2505),#2509);
#2505 = LINE('',#2506,#2507);
#2506 = CARTESIAN_POINT('',(3.3486315613,0.));
#2507 = VECTOR('',#2508,1.);
#2508 = DIRECTION('',(0.,-1.));
#2509 = ( GEOMETRIC_REPRESENTATION_CONTEXT(2) 
PARAMETRIC_REPRESENTATION_CONTEXT() REPRESENTATION_CONTEXT('2D SPACE',''
  ) );
#2510 = ORIENTED_EDGE('',*,*,#2511,.T.);
#2511 = EDGE_CURVE('',#2489,#2512,#2514,.T.);
#2512 = VERTEX_POINT('',#2513);
#2513 = CARTESIAN_POINT('',(193.1,-24.32568421935,2.6));
#2514 = SURFACE_CURVE('',#2515,(#2519,#2526),.PCURVE_S1.);
#2515 = LINE('',#2516,#2517);
#2516 = CARTESIAN_POINT('',(196.,-22.6513684387,2.6));
#2517 = VECTOR('',#2518,1.);
#2518 = DIRECTION('',(-0.866025403784,-0.5,0.));
#2519 = PCURVE('',#1063,#2520);
#2520 = DEFINITIONAL_REPRESENTATION('',(#2521),#2525);
#2521 = LINE('',#2522,#2523);
#2522 = CARTESIAN_POINT('',(0.,-2.7));
#2523 = VECTOR('',#2524,1.);
#2524 = DIRECTION('',(1.,0.));
#2525 = ( GEOMETRIC_REPRESENTATION_CONTEXT(2) 
PARAMETRIC_REPRESENTATION_CONTEXT() REPRESENTATION_CONTEXT('2D SPACE',''
  ) );
#2526 = PCURVE('',#1880,#2527);
#2527 = DEFINITIONAL_REPRESENTATION('',(#2528),#2532);
#2528 = LINE('',#2529,#2530);
#2529 = CARTESIAN_POINT('',(0.,3.3486315613));
#2530 = VECTOR('',#2531,1.);
#2531 = DIRECTION('',(-0.866025403784,-0.5));
#2532 = ( GEOMETRIC_REPRESENTATION_CONTEXT(2) 
PARAMETRIC_REPRESENTATION_CONTEXT() REPRESENTATION_CONTEXT('2D SPACE',''
  ) );
#2533 = ORIENTED_EDGE('',*,*,#2534,.F.);
#2534 = EDGE_CURVE('',#1047,#2512,#2535,.T.);
#2535 = SURFACE_CURVE('',#2536,(#2540,#2547),.PCURVE_S1.);
#2536 = LINE('',#2537,#2538);
#2537 = CARTESIAN_POINT('',(193.1,-24.32568421935,-0.1));
#2538 = VECTOR('',#2539,1.);
#2539 = DIRECTION('',(0.,0.,1.));
#2540 = PCURVE('',#1063,#2541);
#2541 = DEFINITIONAL_REPRESENTATION('',(#2542),#2546);
#2542 = LINE('',#2543,#2544);
#2543 = CARTESIAN_POINT('',(3.3486315613,0.));
#2544 = VECTOR('',#2545,1.);
#2545 = DIRECTION('',(0.,-1.));
#2546 = ( GEOMETRIC_REPRESENTATION_CONTEXT(2) 
PARAMETRIC_REPRESENTATION_CONTEXT() REPRESENTATION_CONTEXT('2D SPACE',''
  ) );
#2547 = PCURVE('',#1191,#2548);
#2548 = DEFINITIONAL_REPRESENTATION('',(#2549),#2553);
#2549 = LINE('',#2550,#2551);
#2550 = CARTESIAN_POINT('',(0.,0.));
#2551 = VECTOR('',#2552,1.);
#2552 = DIRECTION('',(0.,-1.));
#2553 = ( GEOMETRIC_REPRESENTATION_CONTEXT(2) 
PARAMETRIC_REPRESENTATION_CONTEXT() REPRESENTATION_CONTEXT('2D SPACE',''
  ) );
#2554 = ADVANCED_FACE('',(#2555),#1191,.T.);
#2555 = FACE_BOUND('',#2556,.T.);
#2556 = EDGE_LOOP('',(#2557,#2558,#2559,#2582));
#2557 = ORIENTED_EDGE('',*,*,#1178,.T.);
#2558 = ORIENTED_EDGE('',*,*,#2534,.T.);
#2559 = ORIENTED_EDGE('',*,*,#2560,.T.);
#2560 = EDGE_CURVE('',#2512,#2561,#2563,.T.);
#2561 = VERTEX_POINT('',#2562);
#2562 = CARTESIAN_POINT('',(193.1,-27.67431578065,2.6));
#2563 = SURFACE_CURVE('',#2564,(#2568,#2575),.PCURVE_S1.);
#2564 = LINE('',#2565,#2566);
#2565 = CARTESIAN_POINT('',(193.1,-24.32568421935,2.6));
#2566 = VECTOR('',#2567,1.);
#2567 = DIRECTION('',(1.326181163023E-16,-1.,0.));
#2568 = PCURVE('',#1191,#2569);
#2569 = DEFINITIONAL_REPRESENTATION('',(#2570),#2574);
#2570 = LINE('',#2571,#2572);
#2571 = CARTESIAN_POINT('',(0.,-2.7));
#2572 = VECTOR('',#2573,1.);
#2573 = DIRECTION('',(1.,0.));
#2574 = ( GEOMETRIC_REPRESENTATION_CONTEXT(2) 
PARAMETRIC_REPRESENTATION_CONTEXT() REPRESENTATION_CONTEXT('2D SPACE',''
  ) );
#2575 = PCURVE('',#1880,#2576);
#2576 = DEFINITIONAL_REPRESENTATION('',(#2577),#2581);
#2577 = LINE('',#2578,#2579);
#2578 = CARTESIAN_POINT('',(-2.9,1.67431578065));
#2579 = VECTOR('',#2580,1.);
#2580 = DIRECTION('',(1.326181163023E-16,-1.));
#2581 = ( GEOMETRIC_REPRESENTATION_CONTEXT(2) 
PARAMETRIC_REPRESENTATION_CONTEXT() REPRESENTATION_CONTEXT('2D SPACE',''
  ) );
#2582 = ORIENTED_EDGE('',*,*,#2583,.F.);
#2583 = EDGE_CURVE('',#1153,#2561,#2584,.T.);
#2584 = SURFACE_CURVE('',#2585,(#2589,#2596),.PCURVE_S1.);
#2585 = LINE('',#2586,#2587);
#2586 = CARTESIAN_POINT('',(193.1,-27.67431578065,-0.1));
#2587 = VECTOR('',#2588,1.);
#2588 = DIRECTION('',(0.,0.,1.));
#2589 = PCURVE('',#1191,#2590);
#2590 = DEFINITIONAL_REPRESENTATION('',(#2591),#2595);
#2591 = LINE('',#2592,#2593);
#2592 = CARTESIAN_POINT('',(3.3486315613,0.));
#2593 = VECTOR('',#2594,1.);
#2594 = DIRECTION('',(0.,-1.));
#2595 = ( GEOMETRIC_REPRESENTATION_CONTEXT(2) 
PARAMETRIC_REPRESENTATION_CONTEXT() REPRESENTATION_CONTEXT('2D SPACE',''
  ) );
#2596 = PCURVE('',#1167,#2597);
#2597 = DEFINITIONAL_REPRESENTATION('',(#2598),#2602);
#2598 = LINE('',#2599,#2600);
#2599 = CARTESIAN_POINT('',(0.,0.));
#2600 = VECTOR('',#2601,1.);
#2601 = DIRECTION('',(0.,-1.));
#2602 = ( GEOMETRIC_REPRESENTATION_CONTEXT(2) 
PARAMETRIC_REPRESENTATION_CONTEXT() REPRESENTATION_CONTEXT('2D SPACE',''
  ) );
#2603 = ADVANCED_FACE('',(#2604),#1089,.T.);
#2604 = FACE_BOUND('',#2605,.T.);
#2605 = EDGE_LOOP('',(#2606,#2607,#2630,#2651));
#2606 = ORIENTED_EDGE('',*,*,#1074,.T.);
#2607 = ORIENTED_EDGE('',*,*,#2608,.T.);
#2608 = EDGE_CURVE('',#1075,#2609,#2611,.T.);
#2609 = VERTEX_POINT('',#2610);
#2610 = CARTESIAN_POINT('',(198.9,-24.32568421935,2.6));
#2611 = SURFACE_CURVE('',#2612,(#2616,#2623),.PCURVE_S1.);
#2612 = LINE('',#2613,#2614);
#2613 = CARTESIAN_POINT('',(198.9,-24.32568421935,-0.1));
#2614 = VECTOR('',#2615,1.);
#2615 = DIRECTION('',(0.,0.,1.));
#2616 = PCURVE('',#1089,#2617);
#2617 = DEFINITIONAL_REPRESENTATION('',(#2618),#2622);
#2618 = LINE('',#2619,#2620);
#2619 = CARTESIAN_POINT('',(0.,0.));
#2620 = VECTOR('',#2621,1.);
#2621 = DIRECTION('',(0.,-1.));
#2622 = ( GEOMETRIC_REPRESENTATION_CONTEXT(2) 
PARAMETRIC_REPRESENTATION_CONTEXT() REPRESENTATION_CONTEXT('2D SPACE',''
  ) );
#2623 = PCURVE('',#1115,#2624);
#2624 = DEFINITIONAL_REPRESENTATION('',(#2625),#2629);
#2625 = LINE('',#2626,#2627);
#2626 = CARTESIAN_POINT('',(3.3486315613,0.));
#2627 = VECTOR('',#2628,1.);
#2628 = DIRECTION('',(0.,-1.));
#2629 = ( GEOMETRIC_REPRESENTATION_CONTEXT(2) 
PARAMETRIC_REPRESENTATION_CONTEXT() REPRESENTATION_CONTEXT('2D SPACE',''
  ) );
#2630 = ORIENTED_EDGE('',*,*,#2631,.T.);
#2631 = EDGE_CURVE('',#2609,#2489,#2632,.T.);
#2632 = SURFACE_CURVE('',#2633,(#2637,#2644),.PCURVE_S1.);
#2633 = LINE('',#2634,#2635);
#2634 = CARTESIAN_POINT('',(198.9,-24.32568421935,2.6));
#2635 = VECTOR('',#2636,1.);
#2636 = DIRECTION('',(-0.866025403784,0.5,0.));
#2637 = PCURVE('',#1089,#2638);
#2638 = DEFINITIONAL_REPRESENTATION('',(#2639),#2643);
#2639 = LINE('',#2640,#2641);
#2640 = CARTESIAN_POINT('',(0.,-2.7));
#2641 = VECTOR('',#2642,1.);
#2642 = DIRECTION('',(1.,0.));
#2643 = ( GEOMETRIC_REPRESENTATION_CONTEXT(2) 
PARAMETRIC_REPRESENTATION_CONTEXT() REPRESENTATION_CONTEXT('2D SPACE',''
  ) );
#2644 = PCURVE('',#1880,#2645);
#2645 = DEFINITIONAL_REPRESENTATION('',(#2646),#2650);
#2646 = LINE('',#2647,#2648);
#2647 = CARTESIAN_POINT('',(2.9,1.67431578065));
#2648 = VECTOR('',#2649,1.);
#2649 = DIRECTION('',(-0.866025403784,0.5));
#2650 = ( GEOMETRIC_REPRESENTATION_CONTEXT(2) 
PARAMETRIC_REPRESENTATION_CONTEXT() REPRESENTATION_CONTEXT('2D SPACE',''
  ) );
#2651 = ORIENTED_EDGE('',*,*,#2488,.F.);
#2652 = ADVANCED_FACE('',(#2653),#1167,.T.);
#2653 = FACE_BOUND('',#2654,.T.);
#2654 = EDGE_LOOP('',(#2655,#2656,#2657,#2680));
#2655 = ORIENTED_EDGE('',*,*,#1152,.T.);
#2656 = ORIENTED_EDGE('',*,*,#2583,.T.);
#2657 = ORIENTED_EDGE('',*,*,#2658,.T.);
#2658 = EDGE_CURVE('',#2561,#2659,#2661,.T.);
#2659 = VERTEX_POINT('',#2660);
#2660 = CARTESIAN_POINT('',(196.,-29.3486315613,2.6));
#2661 = SURFACE_CURVE('',#2662,(#2666,#2673),.PCURVE_S1.);
#2662 = LINE('',#2663,#2664);
#2663 = CARTESIAN_POINT('',(193.1,-27.67431578065,2.6));
#2664 = VECTOR('',#2665,1.);
#2665 = DIRECTION('',(0.866025403784,-0.5,0.));
#2666 = PCURVE('',#1167,#2667);
#2667 = DEFINITIONAL_REPRESENTATION('',(#2668),#2672);
#2668 = LINE('',#2669,#2670);
#2669 = CARTESIAN_POINT('',(0.,-2.7));
#2670 = VECTOR('',#2671,1.);
#2671 = DIRECTION('',(1.,0.));
#2672 = ( GEOMETRIC_REPRESENTATION_CONTEXT(2) 
PARAMETRIC_REPRESENTATION_CONTEXT() REPRESENTATION_CONTEXT('2D SPACE',''
  ) );
#2673 = PCURVE('',#1880,#2674);
#2674 = DEFINITIONAL_REPRESENTATION('',(#2675),#2679);
#2675 = LINE('',#2676,#2677);
#2676 = CARTESIAN_POINT('',(-2.9,-1.67431578065));
#2677 = VECTOR('',#2678,1.);
#2678 = DIRECTION('',(0.866025403784,-0.5));
#2679 = ( GEOMETRIC_REPRESENTATION_CONTEXT(2) 
PARAMETRIC_REPRESENTATION_CONTEXT() REPRESENTATION_CONTEXT('2D SPACE',''
  ) );
#2680 = ORIENTED_EDGE('',*,*,#2681,.F.);
#2681 = EDGE_CURVE('',#1127,#2659,#2682,.T.);
#2682 = SURFACE_CURVE('',#2683,(#2687,#2694),.PCURVE_S1.);
#2683 = LINE('',#2684,#2685);
#2684 = CARTESIAN_POINT('',(196.,-29.3486315613,-0.1));
#2685 = VECTOR('',#2686,1.);
#2686 = DIRECTION('',(0.,0.,1.));
#2687 = PCURVE('',#1167,#2688);
#2688 = DEFINITIONAL_REPRESENTATION('',(#2689),#2693);
#2689 = LINE('',#2690,#2691);
#2690 = CARTESIAN_POINT('',(3.3486315613,0.));
#2691 = VECTOR('',#2692,1.);
#2692 = DIRECTION('',(0.,-1.));
#2693 = ( GEOMETRIC_REPRESENTATION_CONTEXT(2) 
PARAMETRIC_REPRESENTATION_CONTEXT() REPRESENTATION_CONTEXT('2D SPACE',''
  ) );
#2694 = PCURVE('',#1141,#2695);
#2695 = DEFINITIONAL_REPRESENTATION('',(#2696),#2700);
#2696 = LINE('',#2697,#2698);
#2697 = CARTESIAN_POINT('',(0.,0.));
#2698 = VECTOR('',#2699,1.);
#2699 = DIRECTION('',(0.,-1.));
#2700 = ( GEOMETRIC_REPRESENTATION_CONTEXT(2) 
PARAMETRIC_REPRESENTATION_CONTEXT() REPRESENTATION_CONTEXT('2D SPACE',''
  ) );
#2701 = ADVANCED_FACE('',(#2702),#1115,.T.);
#2702 = FACE_BOUND('',#2703,.T.);
#2703 = EDGE_LOOP('',(#2704,#2705,#2728,#2749));
#2704 = ORIENTED_EDGE('',*,*,#1100,.T.);
#2705 = ORIENTED_EDGE('',*,*,#2706,.T.);
#2706 = EDGE_CURVE('',#1101,#2707,#2709,.T.);
#2707 = VERTEX_POINT('',#2708);
#2708 = CARTESIAN_POINT('',(198.9,-27.67431578065,2.6));
#2709 = SURFACE_CURVE('',#2710,(#2714,#2721),.PCURVE_S1.);
#2710 = LINE('',#2711,#2712);
#2711 = CARTESIAN_POINT('',(198.9,-27.67431578065,-0.1));
#2712 = VECTOR('',#2713,1.);
#2713 = DIRECTION('',(0.,0.,1.));
#2714 = PCURVE('',#1115,#2715);
#2715 = DEFINITIONAL_REPRESENTATION('',(#2716),#2720);
#2716 = LINE('',#2717,#2718);
#2717 = CARTESIAN_POINT('',(0.,0.));
#2718 = VECTOR('',#2719,1.);
#2719 = DIRECTION('',(0.,-1.));
#2720 = ( GEOMETRIC_REPRESENTATION_CONTEXT(2) 
PARAMETRIC_REPRESENTATION_CONTEXT() REPRESENTATION_CONTEXT('2D SPACE',''
  ) );
#2721 = PCURVE('',#1141,#2722);
#2722 = DEFINITIONAL_REPRESENTATION('',(#2723),#2727);
#2723 = LINE('',#2724,#2725);
#2724 = CARTESIAN_POINT('',(3.3486315613,0.));
#2725 = VECTOR('',#2726,1.);
#2726 = DIRECTION('',(0.,-1.));
#2727 = ( GEOMETRIC_REPRESENTATION_CONTEXT(2) 
PARAMETRIC_REPRESENTATION_CONTEXT() REPRESENTATION_CONTEXT('2D SPACE',''
  ) );
#2728 = ORIENTED_EDGE('',*,*,#2729,.T.);
#2729 = EDGE_CURVE('',#2707,#2609,#2730,.T.);
#2730 = SURFACE_CURVE('',#2731,(#2735,#2742),.PCURVE_S1.);
#2731 = LINE('',#2732,#2733);
#2732 = CARTESIAN_POINT('',(198.9,-27.67431578065,2.6));
#2733 = VECTOR('',#2734,1.);
#2734 = DIRECTION('',(3.978543489069E-16,1.,0.));
#2735 = PCURVE('',#1115,#2736);
#2736 = DEFINITIONAL_REPRESENTATION('',(#2737),#2741);
#2737 = LINE('',#2738,#2739);
#2738 = CARTESIAN_POINT('',(0.,-2.7));
#2739 = VECTOR('',#2740,1.);
#2740 = DIRECTION('',(1.,0.));
#2741 = ( GEOMETRIC_REPRESENTATION_CONTEXT(2) 
PARAMETRIC_REPRESENTATION_CONTEXT() REPRESENTATION_CONTEXT('2D SPACE',''
  ) );
#2742 = PCURVE('',#1880,#2743);
#2743 = DEFINITIONAL_REPRESENTATION('',(#2744),#2748);
#2744 = LINE('',#2745,#2746);
#2745 = CARTESIAN_POINT('',(2.9,-1.67431578065));
#2746 = VECTOR('',#2747,1.);
#2747 = DIRECTION('',(3.978543489069E-16,1.));
#2748 = ( GEOMETRIC_REPRESENTATION_CONTEXT(2) 
PARAMETRIC_REPRESENTATION_CONTEXT() REPRESENTATION_CONTEXT('2D SPACE',''
  ) );
#2749 = ORIENTED_EDGE('',*,*,#2608,.F.);
#2750 = ADVANCED_FACE('',(#2751),#1141,.T.);
#2751 = FACE_BOUND('',#2752,.T.);
#2752 = EDGE_LOOP('',(#2753,#2754,#2755,#2776));
#2753 = ORIENTED_EDGE('',*,*,#1126,.T.);
#2754 = ORIENTED_EDGE('',*,*,#2681,.T.);
#2755 = ORIENTED_EDGE('',*,*,#2756,.T.);
#2756 = EDGE_CURVE('',#2659,#2707,#2757,.T.);
#2757 = SURFACE_CURVE('',#2758,(#2762,#2769),.PCURVE_S1.);
#2758 = LINE('',#2759,#2760);
#2759 = CARTESIAN_POINT('',(196.,-29.3486315613,2.6));
#2760 = VECTOR('',#2761,1.);
#2761 = DIRECTION('',(0.866025403784,0.5,0.));
#2762 = PCURVE('',#1141,#2763);
#2763 = DEFINITIONAL_REPRESENTATION('',(#2764),#2768);
#2764 = LINE('',#2765,#2766);
#2765 = CARTESIAN_POINT('',(0.,-2.7));
#2766 = VECTOR('',#2767,1.);
#2767 = DIRECTION('',(1.,0.));
#2768 = ( GEOMETRIC_REPRESENTATION_CONTEXT(2) 
PARAMETRIC_REPRESENTATION_CONTEXT() REPRESENTATION_CONTEXT('2D SPACE',''
  ) );
#2769 = PCURVE('',#1880,#2770);
#2770 = DEFINITIONAL_REPRESENTATION('',(#2771),#2775);
#2771 = LINE('',#2772,#2773);
#2772 = CARTESIAN_POINT('',(0.,-3.3486315613));
#2773 = VECTOR('',#2774,1.);
#2774 = DIRECTION('',(0.866025403784,0.5));
#2775 = ( GEOMETRIC_REPRESENTATION_CONTEXT(2) 
PARAMETRIC_REPRESENTATION_CONTEXT() REPRESENTATION_CONTEXT('2D SPACE',''
  ) );
#2776 = ORIENTED_EDGE('',*,*,#2706,.F.);
#2777 = ADVANCED_FACE('',(#2778),#1221,.T.);
#2778 = FACE_BOUND('',#2779,.T.);
#2779 = EDGE_LOOP('',(#2780,#2781,#2804,#2827));
#2780 = ORIENTED_EDGE('',*,*,#1204,.T.);
#2781 = ORIENTED_EDGE('',*,*,#2782,.T.);
#2782 = EDGE_CURVE('',#1207,#2783,#2785,.T.);
#2783 = VERTEX_POINT('',#2784);
#2784 = CARTESIAN_POINT('',(4.,29.3486315613,2.6));
#2785 = SURFACE_CURVE('',#2786,(#2790,#2797),.PCURVE_S1.);
#2786 = LINE('',#2787,#2788);
#2787 = CARTESIAN_POINT('',(4.,29.3486315613,-0.1));
#2788 = VECTOR('',#2789,1.);
#2789 = DIRECTION('',(0.,0.,1.));
#2790 = PCURVE('',#1221,#2791);
#2791 = DEFINITIONAL_REPRESENTATION('',(#2792),#2796);
#2792 = LINE('',#2793,#2794);
#2793 = CARTESIAN_POINT('',(0.,0.));
#2794 = VECTOR('',#2795,1.);
#2795 = DIRECTION('',(0.,-1.));
#2796 = ( GEOMETRIC_REPRESENTATION_CONTEXT(2) 
PARAMETRIC_REPRESENTATION_CONTEXT() REPRESENTATION_CONTEXT('2D SPACE',''
  ) );
#2797 = PCURVE('',#1247,#2798);
#2798 = DEFINITIONAL_REPRESENTATION('',(#2799),#2803);
#2799 = LINE('',#2800,#2801);
#2800 = CARTESIAN_POINT('',(3.3486315613,0.));
#2801 = VECTOR('',#2802,1.);
#2802 = DIRECTION('',(0.,-1.));
#2803 = ( GEOMETRIC_REPRESENTATION_CONTEXT(2) 
PARAMETRIC_REPRESENTATION_CONTEXT() REPRESENTATION_CONTEXT('2D SPACE',''
  ) );
#2804 = ORIENTED_EDGE('',*,*,#2805,.T.);
#2805 = EDGE_CURVE('',#2783,#2806,#2808,.T.);
#2806 = VERTEX_POINT('',#2807);
#2807 = CARTESIAN_POINT('',(1.1,27.67431578065,2.6));
#2808 = SURFACE_CURVE('',#2809,(#2813,#2820),.PCURVE_S1.);
#2809 = LINE('',#2810,#2811);
#2810 = CARTESIAN_POINT('',(4.,29.3486315613,2.6));
#2811 = VECTOR('',#2812,1.);
#2812 = DIRECTION('',(-0.866025403784,-0.5,0.));
#2813 = PCURVE('',#1221,#2814);
#2814 = DEFINITIONAL_REPRESENTATION('',(#2815),#2819);
#2815 = LINE('',#2816,#2817);
#2816 = CARTESIAN_POINT('',(0.,-2.7));
#2817 = VECTOR('',#2818,1.);
#2818 = DIRECTION('',(1.,0.));
#2819 = ( GEOMETRIC_REPRESENTATION_CONTEXT(2) 
PARAMETRIC_REPRESENTATION_CONTEXT() REPRESENTATION_CONTEXT('2D SPACE',''
  ) );
#2820 = PCURVE('',#1969,#2821);
#2821 = DEFINITIONAL_REPRESENTATION('',(#2822),#2826);
#2822 = LINE('',#2823,#2824);
#2823 = CARTESIAN_POINT('',(4.440892098501E-16,3.3486315613));
#2824 = VECTOR('',#2825,1.);
#2825 = DIRECTION('',(-0.866025403784,-0.5));
#2826 = ( GEOMETRIC_REPRESENTATION_CONTEXT(2) 
PARAMETRIC_REPRESENTATION_CONTEXT() REPRESENTATION_CONTEXT('2D SPACE',''
  ) );
#2827 = ORIENTED_EDGE('',*,*,#2828,.F.);
#2828 = EDGE_CURVE('',#1205,#2806,#2829,.T.);
#2829 = SURFACE_CURVE('',#2830,(#2834,#2841),.PCURVE_S1.);
#2830 = LINE('',#2831,#2832);
#2831 = CARTESIAN_POINT('',(1.1,27.67431578065,-0.1));
#2832 = VECTOR('',#2833,1.);
#2833 = DIRECTION('',(0.,0.,1.));
#2834 = PCURVE('',#1221,#2835);
#2835 = DEFINITIONAL_REPRESENTATION('',(#2836),#2840);
#2836 = LINE('',#2837,#2838);
#2837 = CARTESIAN_POINT('',(3.3486315613,0.));
#2838 = VECTOR('',#2839,1.);
#2839 = DIRECTION('',(0.,-1.));
#2840 = ( GEOMETRIC_REPRESENTATION_CONTEXT(2) 
PARAMETRIC_REPRESENTATION_CONTEXT() REPRESENTATION_CONTEXT('2D SPACE',''
  ) );
#2841 = PCURVE('',#1349,#2842);
#2842 = DEFINITIONAL_REPRESENTATION('',(#2843),#2847);
#2843 = LINE('',#2844,#2845);
#2844 = CARTESIAN_POINT('',(0.,0.));
#2845 = VECTOR('',#2846,1.);
#2846 = DIRECTION('',(0.,-1.));
#2847 = ( GEOMETRIC_REPRESENTATION_CONTEXT(2) 
PARAMETRIC_REPRESENTATION_CONTEXT() REPRESENTATION_CONTEXT('2D SPACE',''
  ) );
#2848 = ADVANCED_FACE('',(#2849),#1349,.T.);
#2849 = FACE_BOUND('',#2850,.T.);
#2850 = EDGE_LOOP('',(#2851,#2852,#2853,#2876));
#2851 = ORIENTED_EDGE('',*,*,#1336,.T.);
#2852 = ORIENTED_EDGE('',*,*,#2828,.T.);
#2853 = ORIENTED_EDGE('',*,*,#2854,.T.);
#2854 = EDGE_CURVE('',#2806,#2855,#2857,.T.);
#2855 = VERTEX_POINT('',#2856);
#2856 = CARTESIAN_POINT('',(1.1,24.32568421935,2.6));
#2857 = SURFACE_CURVE('',#2858,(#2862,#2869),.PCURVE_S1.);
#2858 = LINE('',#2859,#2860);
#2859 = CARTESIAN_POINT('',(1.1,27.67431578065,2.6));
#2860 = VECTOR('',#2861,1.);
#2861 = DIRECTION('',(1.326181163023E-16,-1.,0.));
#2862 = PCURVE('',#1349,#2863);
#2863 = DEFINITIONAL_REPRESENTATION('',(#2864),#2868);
#2864 = LINE('',#2865,#2866);
#2865 = CARTESIAN_POINT('',(0.,-2.7));
#2866 = VECTOR('',#2867,1.);
#2867 = DIRECTION('',(1.,0.));
#2868 = ( GEOMETRIC_REPRESENTATION_CONTEXT(2) 
PARAMETRIC_REPRESENTATION_CONTEXT() REPRESENTATION_CONTEXT('2D SPACE',''
  ) );
#2869 = PCURVE('',#1969,#2870);
#2870 = DEFINITIONAL_REPRESENTATION('',(#2871),#2875);
#2871 = LINE('',#2872,#2873);
#2872 = CARTESIAN_POINT('',(-2.9,1.67431578065));
#2873 = VECTOR('',#2874,1.);
#2874 = DIRECTION('',(1.326181163023E-16,-1.));
#2875 = ( GEOMETRIC_REPRESENTATION_CONTEXT(2) 
PARAMETRIC_REPRESENTATION_CONTEXT() REPRESENTATION_CONTEXT('2D SPACE',''
  ) );
#2876 = ORIENTED_EDGE('',*,*,#2877,.F.);
#2877 = EDGE_CURVE('',#1311,#2855,#2878,.T.);
#2878 = SURFACE_CURVE('',#2879,(#2883,#2890),.PCURVE_S1.);
#2879 = LINE('',#2880,#2881);
#2880 = CARTESIAN_POINT('',(1.1,24.32568421935,-0.1));
#2881 = VECTOR('',#2882,1.);
#2882 = DIRECTION('',(0.,0.,1.));
#2883 = PCURVE('',#1349,#2884);
#2884 = DEFINITIONAL_REPRESENTATION('',(#2885),#2889);
#2885 = LINE('',#2886,#2887);
#2886 = CARTESIAN_POINT('',(3.3486315613,0.));
#2887 = VECTOR('',#2888,1.);
#2888 = DIRECTION('',(0.,-1.));
#2889 = ( GEOMETRIC_REPRESENTATION_CONTEXT(2) 
PARAMETRIC_REPRESENTATION_CONTEXT() REPRESENTATION_CONTEXT('2D SPACE',''
  ) );
#2890 = PCURVE('',#1325,#2891);
#2891 = DEFINITIONAL_REPRESENTATION('',(#2892),#2896);
#2892 = LINE('',#2893,#2894);
#2893 = CARTESIAN_POINT('',(0.,0.));
#2894 = VECTOR('',#2895,1.);
#2895 = DIRECTION('',(0.,-1.));
#2896 = ( GEOMETRIC_REPRESENTATION_CONTEXT(2) 
PARAMETRIC_REPRESENTATION_CONTEXT() REPRESENTATION_CONTEXT('2D SPACE',''
  ) );
#2897 = ADVANCED_FACE('',(#2898),#1247,.T.);
#2898 = FACE_BOUND('',#2899,.T.);
#2899 = EDGE_LOOP('',(#2900,#2901,#2924,#2945));
#2900 = ORIENTED_EDGE('',*,*,#1232,.T.);
#2901 = ORIENTED_EDGE('',*,*,#2902,.T.);
#2902 = EDGE_CURVE('',#1233,#2903,#2905,.T.);
#2903 = VERTEX_POINT('',#2904);
#2904 = CARTESIAN_POINT('',(6.9,27.67431578065,2.6));
#2905 = SURFACE_CURVE('',#2906,(#2910,#2917),.PCURVE_S1.);
#2906 = LINE('',#2907,#2908);
#2907 = CARTESIAN_POINT('',(6.9,27.67431578065,-0.1));
#2908 = VECTOR('',#2909,1.);
#2909 = DIRECTION('',(0.,0.,1.));
#2910 = PCURVE('',#1247,#2911);
#2911 = DEFINITIONAL_REPRESENTATION('',(#2912),#2916);
#2912 = LINE('',#2913,#2914);
#2913 = CARTESIAN_POINT('',(0.,0.));
#2914 = VECTOR('',#2915,1.);
#2915 = DIRECTION('',(0.,-1.));
#2916 = ( GEOMETRIC_REPRESENTATION_CONTEXT(2) 
PARAMETRIC_REPRESENTATION_CONTEXT() REPRESENTATION_CONTEXT('2D SPACE',''
  ) );
#2917 = PCURVE('',#1273,#2918);
#2918 = DEFINITIONAL_REPRESENTATION('',(#2919),#2923);
#2919 = LINE('',#2920,#2921);
#2920 = CARTESIAN_POINT('',(3.3486315613,0.));
#2921 = VECTOR('',#2922,1.);
#2922 = DIRECTION('',(0.,-1.));
#2923 = ( GEOMETRIC_REPRESENTATION_CONTEXT(2) 
PARAMETRIC_REPRESENTATION_CONTEXT() REPRESENTATION_CONTEXT('2D SPACE',''
  ) );
#2924 = ORIENTED_EDGE('',*,*,#2925,.T.);
#2925 = EDGE_CURVE('',#2903,#2783,#2926,.T.);
#2926 = SURFACE_CURVE('',#2927,(#2931,#2938),.PCURVE_S1.);
#2927 = LINE('',#2928,#2929);
#2928 = CARTESIAN_POINT('',(6.9,27.67431578065,2.6));
#2929 = VECTOR('',#2930,1.);
#2930 = DIRECTION('',(-0.866025403784,0.5,0.));
#2931 = PCURVE('',#1247,#2932);
#2932 = DEFINITIONAL_REPRESENTATION('',(#2933),#2937);
#2933 = LINE('',#2934,#2935);
#2934 = CARTESIAN_POINT('',(0.,-2.7));
#2935 = VECTOR('',#2936,1.);
#2936 = DIRECTION('',(1.,0.));
#2937 = ( GEOMETRIC_REPRESENTATION_CONTEXT(2) 
PARAMETRIC_REPRESENTATION_CONTEXT() REPRESENTATION_CONTEXT('2D SPACE',''
  ) );
#2938 = PCURVE('',#1969,#2939);
#2939 = DEFINITIONAL_REPRESENTATION('',(#2940),#2944);
#2940 = LINE('',#2941,#2942);
#2941 = CARTESIAN_POINT('',(2.9,1.67431578065));
#2942 = VECTOR('',#2943,1.);
#2943 = DIRECTION('',(-0.866025403784,0.5));
#2944 = ( GEOMETRIC_REPRESENTATION_CONTEXT(2) 
PARAMETRIC_REPRESENTATION_CONTEXT() REPRESENTATION_CONTEXT('2D SPACE',''
  ) );
#2945 = ORIENTED_EDGE('',*,*,#2782,.F.);
#2946 = ADVANCED_FACE('',(#2947),#1325,.T.);
#2947 = FACE_BOUND('',#2948,.T.);
#2948 = EDGE_LOOP('',(#2949,#2950,#2951,#2974));
#2949 = ORIENTED_EDGE('',*,*,#1310,.T.);
#2950 = ORIENTED_EDGE('',*,*,#2877,.T.);
#2951 = ORIENTED_EDGE('',*,*,#2952,.T.);
#2952 = EDGE_CURVE('',#2855,#2953,#2955,.T.);
#2953 = VERTEX_POINT('',#2954);
#2954 = CARTESIAN_POINT('',(4.,22.6513684387,2.6));
#2955 = SURFACE_CURVE('',#2956,(#2960,#2967),.PCURVE_S1.);
#2956 = LINE('',#2957,#2958);
#2957 = CARTESIAN_POINT('',(1.1,24.32568421935,2.6));
#2958 = VECTOR('',#2959,1.);
#2959 = DIRECTION('',(0.866025403784,-0.5,0.));
#2960 = PCURVE('',#1325,#2961);
#2961 = DEFINITIONAL_REPRESENTATION('',(#2962),#2966);
#2962 = LINE('',#2963,#2964);
#2963 = CARTESIAN_POINT('',(0.,-2.7));
#2964 = VECTOR('',#2965,1.);
#2965 = DIRECTION('',(1.,0.));
#2966 = ( GEOMETRIC_REPRESENTATION_CONTEXT(2) 
PARAMETRIC_REPRESENTATION_CONTEXT() REPRESENTATION_CONTEXT('2D SPACE',''
  ) );
#2967 = PCURVE('',#1969,#2968);
#2968 = DEFINITIONAL_REPRESENTATION('',(#2969),#2973);
#2969 = LINE('',#2970,#2971);
#2970 = CARTESIAN_POINT('',(-2.9,-1.67431578065));
#2971 = VECTOR('',#2972,1.);
#2972 = DIRECTION('',(0.866025403784,-0.5));
#2973 = ( GEOMETRIC_REPRESENTATION_CONTEXT(2) 
PARAMETRIC_REPRESENTATION_CONTEXT() REPRESENTATION_CONTEXT('2D SPACE',''
  ) );
#2974 = ORIENTED_EDGE('',*,*,#2975,.F.);
#2975 = EDGE_CURVE('',#1285,#2953,#2976,.T.);
#2976 = SURFACE_CURVE('',#2977,(#2981,#2988),.PCURVE_S1.);
#2977 = LINE('',#2978,#2979);
#2978 = CARTESIAN_POINT('',(4.,22.6513684387,-0.1));
#2979 = VECTOR('',#2980,1.);
#2980 = DIRECTION('',(0.,0.,1.));
#2981 = PCURVE('',#1325,#2982);
#2982 = DEFINITIONAL_REPRESENTATION('',(#2983),#2987);
#2983 = LINE('',#2984,#2985);
#2984 = CARTESIAN_POINT('',(3.3486315613,0.));
#2985 = VECTOR('',#2986,1.);
#2986 = DIRECTION('',(0.,-1.));
#2987 = ( GEOMETRIC_REPRESENTATION_CONTEXT(2) 
PARAMETRIC_REPRESENTATION_CONTEXT() REPRESENTATION_CONTEXT('2D SPACE',''
  ) );
#2988 = PCURVE('',#1299,#2989);
#2989 = DEFINITIONAL_REPRESENTATION('',(#2990),#2994);
#2990 = LINE('',#2991,#2992);
#2991 = CARTESIAN_POINT('',(0.,0.));
#2992 = VECTOR('',#2993,1.);
#2993 = DIRECTION('',(0.,-1.));
#2994 = ( GEOMETRIC_REPRESENTATION_CONTEXT(2) 
PARAMETRIC_REPRESENTATION_CONTEXT() REPRESENTATION_CONTEXT('2D SPACE',''
  ) );
#2995 = ADVANCED_FACE('',(#2996),#1273,.T.);
#2996 = FACE_BOUND('',#2997,.T.);
#2997 = EDGE_LOOP('',(#2998,#2999,#3022,#3043));
#2998 = ORIENTED_EDGE('',*,*,#1258,.T.);
#2999 = ORIENTED_EDGE('',*,*,#3000,.T.);
#3000 = EDGE_CURVE('',#1259,#3001,#3003,.T.);
#3001 = VERTEX_POINT('',#3002);
#3002 = CARTESIAN_POINT('',(6.9,24.32568421935,2.6));
#3003 = SURFACE_CURVE('',#3004,(#3008,#3015),.PCURVE_S1.);
#3004 = LINE('',#3005,#3006);
#3005 = CARTESIAN_POINT('',(6.9,24.32568421935,-0.1));
#3006 = VECTOR('',#3007,1.);
#3007 = DIRECTION('',(0.,0.,1.));
#3008 = PCURVE('',#1273,#3009);
#3009 = DEFINITIONAL_REPRESENTATION('',(#3010),#3014);
#3010 = LINE('',#3011,#3012);
#3011 = CARTESIAN_POINT('',(0.,0.));
#3012 = VECTOR('',#3013,1.);
#3013 = DIRECTION('',(0.,-1.));
#3014 = ( GEOMETRIC_REPRESENTATION_CONTEXT(2) 
PARAMETRIC_REPRESENTATION_CONTEXT() REPRESENTATION_CONTEXT('2D SPACE',''
  ) );
#3015 = PCURVE('',#1299,#3016);
#3016 = DEFINITIONAL_REPRESENTATION('',(#3017),#3021);
#3017 = LINE('',#3018,#3019);
#3018 = CARTESIAN_POINT('',(3.3486315613,0.));
#3019 = VECTOR('',#3020,1.);
#3020 = DIRECTION('',(0.,-1.));
#3021 = ( GEOMETRIC_REPRESENTATION_CONTEXT(2) 
PARAMETRIC_REPRESENTATION_CONTEXT() REPRESENTATION_CONTEXT('2D SPACE',''
  ) );
#3022 = ORIENTED_EDGE('',*,*,#3023,.T.);
#3023 = EDGE_CURVE('',#3001,#2903,#3024,.T.);
#3024 = SURFACE_CURVE('',#3025,(#3029,#3036),.PCURVE_S1.);
#3025 = LINE('',#3026,#3027);
#3026 = CARTESIAN_POINT('',(6.9,24.32568421935,2.6));
#3027 = VECTOR('',#3028,1.);
#3028 = DIRECTION('',(3.978543489069E-16,1.,0.));
#3029 = PCURVE('',#1273,#3030);
#3030 = DEFINITIONAL_REPRESENTATION('',(#3031),#3035);
#3031 = LINE('',#3032,#3033);
#3032 = CARTESIAN_POINT('',(0.,-2.7));
#3033 = VECTOR('',#3034,1.);
#3034 = DIRECTION('',(1.,0.));
#3035 = ( GEOMETRIC_REPRESENTATION_CONTEXT(2) 
PARAMETRIC_REPRESENTATION_CONTEXT() REPRESENTATION_CONTEXT('2D SPACE',''
  ) );
#3036 = PCURVE('',#1969,#3037);
#3037 = DEFINITIONAL_REPRESENTATION('',(#3038),#3042);
#3038 = LINE('',#3039,#3040);
#3039 = CARTESIAN_POINT('',(2.9,-1.67431578065));
#3040 = VECTOR('',#3041,1.);
#3041 = DIRECTION('',(3.978543489069E-16,1.));
#3042 = ( GEOMETRIC_REPRESENTATION_CONTEXT(2) 
PARAMETRIC_REPRESENTATION_CONTEXT() REPRESENTATION_CONTEXT('2D SPACE',''
  ) );
#3043 = ORIENTED_EDGE('',*,*,#2902,.F.);
#3044 = ADVANCED_FACE('',(#3045),#1299,.T.);
#3045 = FACE_BOUND('',#3046,.T.);
#3046 = EDGE_LOOP('',(#3047,#3048,#3049,#3070));
#3047 = ORIENTED_EDGE('',*,*,#1284,.T.);
#3048 = ORIENTED_EDGE('',*,*,#2975,.T.);
#3049 = ORIENTED_EDGE('',*,*,#3050,.T.);
#3050 = EDGE_CURVE('',#2953,#3001,#3051,.T.);
#3051 = SURFACE_CURVE('',#3052,(#3056,#3063),.PCURVE_S1.);
#3052 = LINE('',#3053,#3054);
#3053 = CARTESIAN_POINT('',(4.,22.6513684387,2.6));
#3054 = VECTOR('',#3055,1.);
#3055 = DIRECTION('',(0.866025403784,0.5,0.));
#3056 = PCURVE('',#1299,#3057);
#3057 = DEFINITIONAL_REPRESENTATION('',(#3058),#3062);
#3058 = LINE('',#3059,#3060);
#3059 = CARTESIAN_POINT('',(0.,-2.7));
#3060 = VECTOR('',#3061,1.);
#3061 = DIRECTION('',(1.,0.));
#3062 = ( GEOMETRIC_REPRESENTATION_CONTEXT(2) 
PARAMETRIC_REPRESENTATION_CONTEXT() REPRESENTATION_CONTEXT('2D SPACE',''
  ) );
#3063 = PCURVE('',#1969,#3064);
#3064 = DEFINITIONAL_REPRESENTATION('',(#3065),#3069);
#3065 = LINE('',#3066,#3067);
#3066 = CARTESIAN_POINT('',(0.,-3.3486315613));
#3067 = VECTOR('',#3068,1.);
#3068 = DIRECTION('',(0.866025403784,0.5));
#3069 = ( GEOMETRIC_REPRESENTATION_CONTEXT(2) 
PARAMETRIC_REPRESENTATION_CONTEXT() REPRESENTATION_CONTEXT('2D SPACE',''
  ) );
#3070 = ORIENTED_EDGE('',*,*,#3000,.F.);
#3071 = ADVANCED_FACE('',(#3072),#1379,.F.);
#3072 = FACE_BOUND('',#3073,.F.);
#3073 = EDGE_LOOP('',(#3074,#3075,#3096,#3097));
#3074 = ORIENTED_EDGE('',*,*,#2063,.F.);
#3075 = ORIENTED_EDGE('',*,*,#3076,.F.);
#3076 = EDGE_CURVE('',#1363,#2041,#3077,.T.);
#3077 = SEAM_CURVE('',#3078,(#3082,#3089),.PCURVE_S1.);
#3078 = LINE('',#3079,#3080);
#3079 = CARTESIAN_POINT('',(24.2,27.,-1.));
#3080 = VECTOR('',#3081,1.);
#3081 = DIRECTION('',(0.,0.,1.));
#3082 = PCURVE('',#1379,#3083);
#3083 = DEFINITIONAL_REPRESENTATION('',(#3084),#3088);
#3084 = LINE('',#3085,#3086);
#3085 = CARTESIAN_POINT('',(6.28318530718,-0.));
#3086 = VECTOR('',#3087,1.);
#3087 = DIRECTION('',(0.,1.));
#3088 = ( GEOMETRIC_REPRESENTATION_CONTEXT(2) 
PARAMETRIC_REPRESENTATION_CONTEXT() REPRESENTATION_CONTEXT('2D SPACE',''
  ) );
#3089 = PCURVE('',#1379,#3090);
#3090 = DEFINITIONAL_REPRESENTATION('',(#3091),#3095);
#3091 = LINE('',#3092,#3093);
#3092 = CARTESIAN_POINT('',(0.,-0.));
#3093 = VECTOR('',#3094,1.);
#3094 = DIRECTION('',(0.,1.));
#3095 = ( GEOMETRIC_REPRESENTATION_CONTEXT(2) 
PARAMETRIC_REPRESENTATION_CONTEXT() REPRESENTATION_CONTEXT('2D SPACE',''
  ) );
#3096 = ORIENTED_EDGE('',*,*,#1362,.T.);
#3097 = ORIENTED_EDGE('',*,*,#3076,.T.);
#3098 = ADVANCED_FACE('',(#3099),#1410,.F.);
#3099 = FACE_BOUND('',#3100,.F.);
#3100 = EDGE_LOOP('',(#3101,#3102,#3123,#3124));
#3101 = ORIENTED_EDGE('',*,*,#2113,.F.);
#3102 = ORIENTED_EDGE('',*,*,#3103,.F.);
#3103 = EDGE_CURVE('',#1394,#2091,#3104,.T.);
#3104 = SEAM_CURVE('',#3105,(#3109,#3116),.PCURVE_S1.);
#3105 = LINE('',#3106,#3107);
#3106 = CARTESIAN_POINT('',(180.2,27.,-1.));
#3107 = VECTOR('',#3108,1.);
#3108 = DIRECTION('',(0.,0.,1.));
#3109 = PCURVE('',#1410,#3110);
#3110 = DEFINITIONAL_REPRESENTATION('',(#3111),#3115);
#3111 = LINE('',#3112,#3113);
#3112 = CARTESIAN_POINT('',(6.28318530718,-0.));
#3113 = VECTOR('',#3114,1.);
#3114 = DIRECTION('',(0.,1.));
#3115 = ( GEOMETRIC_REPRESENTATION_CONTEXT(2) 
PARAMETRIC_REPRESENTATION_CONTEXT() REPRESENTATION_CONTEXT('2D SPACE',''
  ) );
#3116 = PCURVE('',#1410,#3117);
#3117 = DEFINITIONAL_REPRESENTATION('',(#3118),#3122);
#3118 = LINE('',#3119,#3120);
#3119 = CARTESIAN_POINT('',(0.,-0.));
#3120 = VECTOR('',#3121,1.);
#3121 = DIRECTION('',(0.,1.));
#3122 = ( GEOMETRIC_REPRESENTATION_CONTEXT(2) 
PARAMETRIC_REPRESENTATION_CONTEXT() REPRESENTATION_CONTEXT('2D SPACE',''
  ) );
#3123 = ORIENTED_EDGE('',*,*,#1393,.T.);
#3124 = ORIENTED_EDGE('',*,*,#3103,.T.);
#3125 = ADVANCED_FACE('',(#3126),#1441,.T.);
#3126 = FACE_BOUND('',#3127,.T.);
#3127 = EDGE_LOOP('',(#3128,#3129,#3152,#3175));
#3128 = ORIENTED_EDGE('',*,*,#1424,.T.);
#3129 = ORIENTED_EDGE('',*,*,#3130,.T.);
#3130 = EDGE_CURVE('',#1427,#3131,#3133,.T.);
#3131 = VERTEX_POINT('',#3132);
#3132 = CARTESIAN_POINT('',(196.,29.3486315613,2.6));
#3133 = SURFACE_CURVE('',#3134,(#3138,#3145),.PCURVE_S1.);
#3134 = LINE('',#3135,#3136);
#3135 = CARTESIAN_POINT('',(196.,29.3486315613,-0.1));
#3136 = VECTOR('',#3137,1.);
#3137 = DIRECTION('',(0.,0.,1.));
#3138 = PCURVE('',#1441,#3139);
#3139 = DEFINITIONAL_REPRESENTATION('',(#3140),#3144);
#3140 = LINE('',#3141,#3142);
#3141 = CARTESIAN_POINT('',(0.,0.));
#3142 = VECTOR('',#3143,1.);
#3143 = DIRECTION('',(0.,-1.));
#3144 = ( GEOMETRIC_REPRESENTATION_CONTEXT(2) 
PARAMETRIC_REPRESENTATION_CONTEXT() REPRESENTATION_CONTEXT('2D SPACE',''
  ) );
#3145 = PCURVE('',#1467,#3146);
#3146 = DEFINITIONAL_REPRESENTATION('',(#3147),#3151);
#3147 = LINE('',#3148,#3149);
#3148 = CARTESIAN_POINT('',(3.3486315613,0.));
#3149 = VECTOR('',#3150,1.);
#3150 = DIRECTION('',(0.,-1.));
#3151 = ( GEOMETRIC_REPRESENTATION_CONTEXT(2) 
PARAMETRIC_REPRESENTATION_CONTEXT() REPRESENTATION_CONTEXT('2D SPACE',''
  ) );
#3152 = ORIENTED_EDGE('',*,*,#3153,.T.);
#3153 = EDGE_CURVE('',#3131,#3154,#3156,.T.);
#3154 = VERTEX_POINT('',#3155);
#3155 = CARTESIAN_POINT('',(193.1,27.67431578065,2.6));
#3156 = SURFACE_CURVE('',#3157,(#3161,#3168),.PCURVE_S1.);
#3157 = LINE('',#3158,#3159);
#3158 = CARTESIAN_POINT('',(196.,29.3486315613,2.6));
#3159 = VECTOR('',#3160,1.);
#3160 = DIRECTION('',(-0.866025403784,-0.5,0.));
#3161 = PCURVE('',#1441,#3162);
#3162 = DEFINITIONAL_REPRESENTATION('',(#3163),#3167);
#3163 = LINE('',#3164,#3165);
#3164 = CARTESIAN_POINT('',(0.,-2.7));
#3165 = VECTOR('',#3166,1.);
#3166 = DIRECTION('',(1.,0.));
#3167 = ( GEOMETRIC_REPRESENTATION_CONTEXT(2) 
PARAMETRIC_REPRESENTATION_CONTEXT() REPRESENTATION_CONTEXT('2D SPACE',''
  ) );
#3168 = PCURVE('',#2024,#3169);
#3169 = DEFINITIONAL_REPRESENTATION('',(#3170),#3174);
#3170 = LINE('',#3171,#3172);
#3171 = CARTESIAN_POINT('',(0.,3.3486315613));
#3172 = VECTOR('',#3173,1.);
#3173 = DIRECTION('',(-0.866025403784,-0.5));
#3174 = ( GEOMETRIC_REPRESENTATION_CONTEXT(2) 
PARAMETRIC_REPRESENTATION_CONTEXT() REPRESENTATION_CONTEXT('2D SPACE',''
  ) );
#3175 = ORIENTED_EDGE('',*,*,#3176,.F.);
#3176 = EDGE_CURVE('',#1425,#3154,#3177,.T.);
#3177 = SURFACE_CURVE('',#3178,(#3182,#3189),.PCURVE_S1.);
#3178 = LINE('',#3179,#3180);
#3179 = CARTESIAN_POINT('',(193.1,27.67431578065,-0.1));
#3180 = VECTOR('',#3181,1.);
#3181 = DIRECTION('',(0.,0.,1.));
#3182 = PCURVE('',#1441,#3183);
#3183 = DEFINITIONAL_REPRESENTATION('',(#3184),#3188);
#3184 = LINE('',#3185,#3186);
#3185 = CARTESIAN_POINT('',(3.3486315613,0.));
#3186 = VECTOR('',#3187,1.);
#3187 = DIRECTION('',(0.,-1.));
#3188 = ( GEOMETRIC_REPRESENTATION_CONTEXT(2) 
PARAMETRIC_REPRESENTATION_CONTEXT() REPRESENTATION_CONTEXT('2D SPACE',''
  ) );
#3189 = PCURVE('',#1569,#3190);
#3190 = DEFINITIONAL_REPRESENTATION('',(#3191),#3195);
#3191 = LINE('',#3192,#3193);
#3192 = CARTESIAN_POINT('',(0.,0.));
#3193 = VECTOR('',#3194,1.);
#3194 = DIRECTION('',(0.,-1.));
#3195 = ( GEOMETRIC_REPRESENTATION_CONTEXT(2) 
PARAMETRIC_REPRESENTATION_CONTEXT() REPRESENTATION_CONTEXT('2D SPACE',''
  ) );
#3196 = ADVANCED_FACE('',(#3197),#1569,.T.);
#3197 = FACE_BOUND('',#3198,.T.);
#3198 = EDGE_LOOP('',(#3199,#3200,#3201,#3224));
#3199 = ORIENTED_EDGE('',*,*,#1556,.T.);
#3200 = ORIENTED_EDGE('',*,*,#3176,.T.);
#3201 = ORIENTED_EDGE('',*,*,#3202,.T.);
#3202 = EDGE_CURVE('',#3154,#3203,#3205,.T.);
#3203 = VERTEX_POINT('',#3204);
#3204 = CARTESIAN_POINT('',(193.1,24.32568421935,2.6));
#3205 = SURFACE_CURVE('',#3206,(#3210,#3217),.PCURVE_S1.);
#3206 = LINE('',#3207,#3208);
#3207 = CARTESIAN_POINT('',(193.1,27.67431578065,2.6));
#3208 = VECTOR('',#3209,1.);
#3209 = DIRECTION('',(1.326181163023E-16,-1.,0.));
#3210 = PCURVE('',#1569,#3211);
#3211 = DEFINITIONAL_REPRESENTATION('',(#3212),#3216);
#3212 = LINE('',#3213,#3214);
#3213 = CARTESIAN_POINT('',(0.,-2.7));
#3214 = VECTOR('',#3215,1.);
#3215 = DIRECTION('',(1.,0.));
#3216 = ( GEOMETRIC_REPRESENTATION_CONTEXT(2) 
PARAMETRIC_REPRESENTATION_CONTEXT() REPRESENTATION_CONTEXT('2D SPACE',''
  ) );
#3217 = PCURVE('',#2024,#3218);
#3218 = DEFINITIONAL_REPRESENTATION('',(#3219),#3223);
#3219 = LINE('',#3220,#3221);
#3220 = CARTESIAN_POINT('',(-2.9,1.67431578065));
#3221 = VECTOR('',#3222,1.);
#3222 = DIRECTION('',(1.326181163023E-16,-1.));
#3223 = ( GEOMETRIC_REPRESENTATION_CONTEXT(2) 
PARAMETRIC_REPRESENTATION_CONTEXT() REPRESENTATION_CONTEXT('2D SPACE',''
  ) );
#3224 = ORIENTED_EDGE('',*,*,#3225,.F.);
#3225 = EDGE_CURVE('',#1531,#3203,#3226,.T.);
#3226 = SURFACE_CURVE('',#3227,(#3231,#3238),.PCURVE_S1.);
#3227 = LINE('',#3228,#3229);
#3228 = CARTESIAN_POINT('',(193.1,24.32568421935,-0.1));
#3229 = VECTOR('',#3230,1.);
#3230 = DIRECTION('',(0.,0.,1.));
#3231 = PCURVE('',#1569,#3232);
#3232 = DEFINITIONAL_REPRESENTATION('',(#3233),#3237);
#3233 = LINE('',#3234,#3235);
#3234 = CARTESIAN_POINT('',(3.3486315613,0.));
#3235 = VECTOR('',#3236,1.);
#3236 = DIRECTION('',(0.,-1.));
#3237 = ( GEOMETRIC_REPRESENTATION_CONTEXT(2) 
PARAMETRIC_REPRESENTATION_CONTEXT() REPRESENTATION_CONTEXT('2D SPACE',''
  ) );
#3238 = PCURVE('',#1545,#3239);
#3239 = DEFINITIONAL_REPRESENTATION('',(#3240),#3244);
#3240 = LINE('',#3241,#3242);
#3241 = CARTESIAN_POINT('',(0.,0.));
#3242 = VECTOR('',#3243,1.);
#3243 = DIRECTION('',(0.,-1.));
#3244 = ( GEOMETRIC_REPRESENTATION_CONTEXT(2) 
PARAMETRIC_REPRESENTATION_CONTEXT() REPRESENTATION_CONTEXT('2D SPACE',''
  ) );
#3245 = ADVANCED_FACE('',(#3246),#1545,.T.);
#3246 = FACE_BOUND('',#3247,.T.);
#3247 = EDGE_LOOP('',(#3248,#3249,#3250,#3273));
#3248 = ORIENTED_EDGE('',*,*,#1530,.T.);
#3249 = ORIENTED_EDGE('',*,*,#3225,.T.);
#3250 = ORIENTED_EDGE('',*,*,#3251,.T.);
#3251 = EDGE_CURVE('',#3203,#3252,#3254,.T.);
#3252 = VERTEX_POINT('',#3253);
#3253 = CARTESIAN_POINT('',(196.,22.6513684387,2.6));
#3254 = SURFACE_CURVE('',#3255,(#3259,#3266),.PCURVE_S1.);
#3255 = LINE('',#3256,#3257);
#3256 = CARTESIAN_POINT('',(193.1,24.32568421935,2.6));
#3257 = VECTOR('',#3258,1.);
#3258 = DIRECTION('',(0.866025403784,-0.5,0.));
#3259 = PCURVE('',#1545,#3260);
#3260 = DEFINITIONAL_REPRESENTATION('',(#3261),#3265);
#3261 = LINE('',#3262,#3263);
#3262 = CARTESIAN_POINT('',(0.,-2.7));
#3263 = VECTOR('',#3264,1.);
#3264 = DIRECTION('',(1.,0.));
#3265 = ( GEOMETRIC_REPRESENTATION_CONTEXT(2) 
PARAMETRIC_REPRESENTATION_CONTEXT() REPRESENTATION_CONTEXT('2D SPACE',''
  ) );
#3266 = PCURVE('',#2024,#3267);
#3267 = DEFINITIONAL_REPRESENTATION('',(#3268),#3272);
#3268 = LINE('',#3269,#3270);
#3269 = CARTESIAN_POINT('',(-2.9,-1.67431578065));
#3270 = VECTOR('',#3271,1.);
#3271 = DIRECTION('',(0.866025403784,-0.5));
#3272 = ( GEOMETRIC_REPRESENTATION_CONTEXT(2) 
PARAMETRIC_REPRESENTATION_CONTEXT() REPRESENTATION_CONTEXT('2D SPACE',''
  ) );
#3273 = ORIENTED_EDGE('',*,*,#3274,.F.);
#3274 = EDGE_CURVE('',#1505,#3252,#3275,.T.);
#3275 = SURFACE_CURVE('',#3276,(#3280,#3287),.PCURVE_S1.);
#3276 = LINE('',#3277,#3278);
#3277 = CARTESIAN_POINT('',(196.,22.6513684387,-0.1));
#3278 = VECTOR('',#3279,1.);
#3279 = DIRECTION('',(0.,0.,1.));
#3280 = PCURVE('',#1545,#3281);
#3281 = DEFINITIONAL_REPRESENTATION('',(#3282),#3286);
#3282 = LINE('',#3283,#3284);
#3283 = CARTESIAN_POINT('',(3.3486315613,0.));
#3284 = VECTOR('',#3285,1.);
#3285 = DIRECTION('',(0.,-1.));
#3286 = ( GEOMETRIC_REPRESENTATION_CONTEXT(2) 
PARAMETRIC_REPRESENTATION_CONTEXT() REPRESENTATION_CONTEXT('2D SPACE',''
  ) );
#3287 = PCURVE('',#1519,#3288);
#3288 = DEFINITIONAL_REPRESENTATION('',(#3289),#3293);
#3289 = LINE('',#3290,#3291);
#3290 = CARTESIAN_POINT('',(0.,0.));
#3291 = VECTOR('',#3292,1.);
#3292 = DIRECTION('',(0.,-1.));
#3293 = ( GEOMETRIC_REPRESENTATION_CONTEXT(2) 
PARAMETRIC_REPRESENTATION_CONTEXT() REPRESENTATION_CONTEXT('2D SPACE',''
  ) );
#3294 = ADVANCED_FACE('',(#3295),#1519,.T.);
#3295 = FACE_BOUND('',#3296,.T.);
#3296 = EDGE_LOOP('',(#3297,#3298,#3299,#3322));
#3297 = ORIENTED_EDGE('',*,*,#1504,.T.);
#3298 = ORIENTED_EDGE('',*,*,#3274,.T.);
#3299 = ORIENTED_EDGE('',*,*,#3300,.T.);
#3300 = EDGE_CURVE('',#3252,#3301,#3303,.T.);
#3301 = VERTEX_POINT('',#3302);
#3302 = CARTESIAN_POINT('',(198.9,24.32568421935,2.6));
#3303 = SURFACE_CURVE('',#3304,(#3308,#3315),.PCURVE_S1.);
#3304 = LINE('',#3305,#3306);
#3305 = CARTESIAN_POINT('',(196.,22.6513684387,2.6));
#3306 = VECTOR('',#3307,1.);
#3307 = DIRECTION('',(0.866025403784,0.5,0.));
#3308 = PCURVE('',#1519,#3309);
#3309 = DEFINITIONAL_REPRESENTATION('',(#3310),#3314);
#3310 = LINE('',#3311,#3312);
#3311 = CARTESIAN_POINT('',(0.,-2.7));
#3312 = VECTOR('',#3313,1.);
#3313 = DIRECTION('',(1.,0.));
#3314 = ( GEOMETRIC_REPRESENTATION_CONTEXT(2) 
PARAMETRIC_REPRESENTATION_CONTEXT() REPRESENTATION_CONTEXT('2D SPACE',''
  ) );
#3315 = PCURVE('',#2024,#3316);
#3316 = DEFINITIONAL_REPRESENTATION('',(#3317),#3321);
#3317 = LINE('',#3318,#3319);
#3318 = CARTESIAN_POINT('',(0.,-3.3486315613));
#3319 = VECTOR('',#3320,1.);
#3320 = DIRECTION('',(0.866025403784,0.5));
#3321 = ( GEOMETRIC_REPRESENTATION_CONTEXT(2) 
PARAMETRIC_REPRESENTATION_CONTEXT() REPRESENTATION_CONTEXT('2D SPACE',''
  ) );
#3322 = ORIENTED_EDGE('',*,*,#3323,.F.);
#3323 = EDGE_CURVE('',#1479,#3301,#3324,.T.);
#3324 = SURFACE_CURVE('',#3325,(#3329,#3336),.PCURVE_S1.);
#3325 = LINE('',#3326,#3327);
#3326 = CARTESIAN_POINT('',(198.9,24.32568421935,-0.1));
#3327 = VECTOR('',#3328,1.);
#3328 = DIRECTION('',(0.,0.,1.));
#3329 = PCURVE('',#1519,#3330);
#3330 = DEFINITIONAL_REPRESENTATION('',(#3331),#3335);
#3331 = LINE('',#3332,#3333);
#3332 = CARTESIAN_POINT('',(3.3486315613,0.));
#3333 = VECTOR('',#3334,1.);
#3334 = DIRECTION('',(0.,-1.));
#3335 = ( GEOMETRIC_REPRESENTATION_CONTEXT(2) 
PARAMETRIC_REPRESENTATION_CONTEXT() REPRESENTATION_CONTEXT('2D SPACE',''
  ) );
#3336 = PCURVE('',#1493,#3337);
#3337 = DEFINITIONAL_REPRESENTATION('',(#3338),#3342);
#3338 = LINE('',#3339,#3340);
#3339 = CARTESIAN_POINT('',(0.,0.));
#3340 = VECTOR('',#3341,1.);
#3341 = DIRECTION('',(0.,-1.));
#3342 = ( GEOMETRIC_REPRESENTATION_CONTEXT(2) 
PARAMETRIC_REPRESENTATION_CONTEXT() REPRESENTATION_CONTEXT('2D SPACE',''
  ) );
#3343 = ADVANCED_FACE('',(#3344),#1493,.T.);
#3344 = FACE_BOUND('',#3345,.T.);
#3345 = EDGE_LOOP('',(#3346,#3347,#3348,#3371));
#3346 = ORIENTED_EDGE('',*,*,#1478,.T.);
#3347 = ORIENTED_EDGE('',*,*,#3323,.T.);
#3348 = ORIENTED_EDGE('',*,*,#3349,.T.);
#3349 = EDGE_CURVE('',#3301,#3350,#3352,.T.);
#3350 = VERTEX_POINT('',#3351);
#3351 = CARTESIAN_POINT('',(198.9,27.67431578065,2.6));
#3352 = SURFACE_CURVE('',#3353,(#3357,#3364),.PCURVE_S1.);
#3353 = LINE('',#3354,#3355);
#3354 = CARTESIAN_POINT('',(198.9,24.32568421935,2.6));
#3355 = VECTOR('',#3356,1.);
#3356 = DIRECTION('',(3.978543489069E-16,1.,0.));
#3357 = PCURVE('',#1493,#3358);
#3358 = DEFINITIONAL_REPRESENTATION('',(#3359),#3363);
#3359 = LINE('',#3360,#3361);
#3360 = CARTESIAN_POINT('',(0.,-2.7));
#3361 = VECTOR('',#3362,1.);
#3362 = DIRECTION('',(1.,0.));
#3363 = ( GEOMETRIC_REPRESENTATION_CONTEXT(2) 
PARAMETRIC_REPRESENTATION_CONTEXT() REPRESENTATION_CONTEXT('2D SPACE',''
  ) );
#3364 = PCURVE('',#2024,#3365);
#3365 = DEFINITIONAL_REPRESENTATION('',(#3366),#3370);
#3366 = LINE('',#3367,#3368);
#3367 = CARTESIAN_POINT('',(2.9,-1.67431578065));
#3368 = VECTOR('',#3369,1.);
#3369 = DIRECTION('',(3.978543489069E-16,1.));
#3370 = ( GEOMETRIC_REPRESENTATION_CONTEXT(2) 
PARAMETRIC_REPRESENTATION_CONTEXT() REPRESENTATION_CONTEXT('2D SPACE',''
  ) );
#3371 = ORIENTED_EDGE('',*,*,#3372,.F.);
#3372 = EDGE_CURVE('',#1453,#3350,#3373,.T.);
#3373 = SURFACE_CURVE('',#3374,(#3378,#3385),.PCURVE_S1.);
#3374 = LINE('',#3375,#3376);
#3375 = CARTESIAN_POINT('',(198.9,27.67431578065,-0.1));
#3376 = VECTOR('',#3377,1.);
#3377 = DIRECTION('',(0.,0.,1.));
#3378 = PCURVE('',#1493,#3379);
#3379 = DEFINITIONAL_REPRESENTATION('',(#3380),#3384);
#3380 = LINE('',#3381,#3382);
#3381 = CARTESIAN_POINT('',(3.3486315613,0.));
#3382 = VECTOR('',#3383,1.);
#3383 = DIRECTION('',(0.,-1.));
#3384 = ( GEOMETRIC_REPRESENTATION_CONTEXT(2) 
PARAMETRIC_REPRESENTATION_CONTEXT() REPRESENTATION_CONTEXT('2D SPACE',''
  ) );
#3385 = PCURVE('',#1467,#3386);
#3386 = DEFINITIONAL_REPRESENTATION('',(#3387),#3391);
#3387 = LINE('',#3388,#3389);
#3388 = CARTESIAN_POINT('',(0.,0.));
#3389 = VECTOR('',#3390,1.);
#3390 = DIRECTION('',(0.,-1.));
#3391 = ( GEOMETRIC_REPRESENTATION_CONTEXT(2) 
PARAMETRIC_REPRESENTATION_CONTEXT() REPRESENTATION_CONTEXT('2D SPACE',''
  ) );
#3392 = ADVANCED_FACE('',(#3393),#1467,.T.);
#3393 = FACE_BOUND('',#3394,.T.);
#3394 = EDGE_LOOP('',(#3395,#3396,#3397,#3418));
#3395 = ORIENTED_EDGE('',*,*,#1452,.T.);
#3396 = ORIENTED_EDGE('',*,*,#3372,.T.);
#3397 = ORIENTED_EDGE('',*,*,#3398,.T.);
#3398 = EDGE_CURVE('',#3350,#3131,#3399,.T.);
#3399 = SURFACE_CURVE('',#3400,(#3404,#3411),.PCURVE_S1.);
#3400 = LINE('',#3401,#3402);
#3401 = CARTESIAN_POINT('',(198.9,27.67431578065,2.6));
#3402 = VECTOR('',#3403,1.);
#3403 = DIRECTION('',(-0.866025403784,0.5,0.));
#3404 = PCURVE('',#1467,#3405);
#3405 = DEFINITIONAL_REPRESENTATION('',(#3406),#3410);
#3406 = LINE('',#3407,#3408);
#3407 = CARTESIAN_POINT('',(0.,-2.7));
#3408 = VECTOR('',#3409,1.);
#3409 = DIRECTION('',(1.,0.));
#3410 = ( GEOMETRIC_REPRESENTATION_CONTEXT(2) 
PARAMETRIC_REPRESENTATION_CONTEXT() REPRESENTATION_CONTEXT('2D SPACE',''
  ) );
#3411 = PCURVE('',#2024,#3412);
#3412 = DEFINITIONAL_REPRESENTATION('',(#3413),#3417);
#3413 = LINE('',#3414,#3415);
#3414 = CARTESIAN_POINT('',(2.9,1.67431578065));
#3415 = VECTOR('',#3416,1.);
#3416 = DIRECTION('',(-0.866025403784,0.5));
#3417 = ( GEOMETRIC_REPRESENTATION_CONTEXT(2) 
PARAMETRIC_REPRESENTATION_CONTEXT() REPRESENTATION_CONTEXT('2D SPACE',''
  ) );
#3418 = ORIENTED_EDGE('',*,*,#3130,.F.);
#3419 = ADVANCED_FACE('',(#3420,#3428),#1775,.F.);
#3420 = FACE_BOUND('',#3421,.F.);
#3421 = EDGE_LOOP('',(#3422,#3423,#3424,#3425,#3426,#3427));
#3422 = ORIENTED_EDGE('',*,*,#2283,.T.);
#3423 = ORIENTED_EDGE('',*,*,#2163,.T.);
#3424 = ORIENTED_EDGE('',*,*,#2212,.T.);
#3425 = ORIENTED_EDGE('',*,*,#2310,.T.);
#3426 = ORIENTED_EDGE('',*,*,#2408,.T.);
#3427 = ORIENTED_EDGE('',*,*,#2381,.T.);
#3428 = FACE_BOUND('',#3429,.F.);
#3429 = EDGE_LOOP('',(#3430));
#3430 = ORIENTED_EDGE('',*,*,#1760,.F.);
#3431 = ADVANCED_FACE('',(#3432,#3440),#1880,.F.);
#3432 = FACE_BOUND('',#3433,.F.);
#3433 = EDGE_LOOP('',(#3434,#3435,#3436,#3437,#3438,#3439));
#3434 = ORIENTED_EDGE('',*,*,#2631,.T.);
#3435 = ORIENTED_EDGE('',*,*,#2511,.T.);
#3436 = ORIENTED_EDGE('',*,*,#2560,.T.);
#3437 = ORIENTED_EDGE('',*,*,#2658,.T.);
#3438 = ORIENTED_EDGE('',*,*,#2756,.T.);
#3439 = ORIENTED_EDGE('',*,*,#2729,.T.);
#3440 = FACE_BOUND('',#3441,.F.);
#3441 = EDGE_LOOP('',(#3442));
#3442 = ORIENTED_EDGE('',*,*,#1865,.F.);
#3443 = ADVANCED_FACE('',(#3444,#3452),#1969,.F.);
#3444 = FACE_BOUND('',#3445,.F.);
#3445 = EDGE_LOOP('',(#3446,#3447,#3448,#3449,#3450,#3451));
#3446 = ORIENTED_EDGE('',*,*,#2925,.T.);
#3447 = ORIENTED_EDGE('',*,*,#2805,.T.);
#3448 = ORIENTED_EDGE('',*,*,#2854,.T.);
#3449 = ORIENTED_EDGE('',*,*,#2952,.T.);
#3450 = ORIENTED_EDGE('',*,*,#3050,.T.);
#3451 = ORIENTED_EDGE('',*,*,#3023,.T.);
#3452 = FACE_BOUND('',#3453,.F.);
#3453 = EDGE_LOOP('',(#3454));
#3454 = ORIENTED_EDGE('',*,*,#1954,.F.);
#3455 = ADVANCED_FACE('',(#3456,#3464),#2024,.F.);
#3456 = FACE_BOUND('',#3457,.F.);
#3457 = EDGE_LOOP('',(#3458,#3459,#3460,#3461,#3462,#3463));
#3458 = ORIENTED_EDGE('',*,*,#3398,.T.);
#3459 = ORIENTED_EDGE('',*,*,#3153,.T.);
#3460 = ORIENTED_EDGE('',*,*,#3202,.T.);
#3461 = ORIENTED_EDGE('',*,*,#3251,.T.);
#3462 = ORIENTED_EDGE('',*,*,#3300,.T.);
#3463 = ORIENTED_EDGE('',*,*,#3349,.T.);
#3464 = FACE_BOUND('',#3465,.F.);
#3465 = EDGE_LOOP('',(#3466));
#3466 = ORIENTED_EDGE('',*,*,#2009,.F.);
#3467 = ( GEOMETRIC_REPRESENTATION_CONTEXT(3) 
GLOBAL_UNCERTAINTY_ASSIGNED_CONTEXT((#3471)) 
GLOBAL_UNIT_ASSIGNED_CONTEXT((#3468,#3469,#3470)) REPRESENTATION_CONTEXT
('Context #1','3D Context with UNIT and UNCERTAINTY') );
#3468 = ( LENGTH_UNIT() NAMED_UNIT(*) SI_UNIT(.MILLI.,.METRE.) );
#3469 = ( NAMED_UNIT(*) PLANE_ANGLE_UNIT() SI_UNIT($,.RADIAN.) );
#3470 = ( NAMED_UNIT(*) SI_UNIT($,.STERADIAN.) SOLID_ANGLE_UNIT() );
#3471 = UNCERTAINTY_MEASURE_WITH_UNIT(LENGTH_MEASURE(1.E-07),#3468,
  'distance_accuracy_value','confusion accuracy');
#3472 = CONTEXT_DEPENDENT_SHAPE_REPRESENTATION(#3473,#3475);
#3473 = ( REPRESENTATION_RELATIONSHIP('','',#68,#10) 
REPRESENTATION_RELATIONSHIP_WITH_TRANSFORMATION(#3474) 
SHAPE_REPRESENTATION_RELATIONSHIP() );
#3474 = ITEM_DEFINED_TRANSFORMATION('','',#11,#15);
#3475 = PRODUCT_DEFINITION_SHAPE('Placement','Placement of an item',
  #3476);
#3476 = NEXT_ASSEMBLY_USAGE_OCCURRENCE('1','rail','',#5,#63,$);
#3477 = PRODUCT_RELATED_PRODUCT_CATEGORY('part',$,(#65));
#3478 = SHAPE_DEFINITION_REPRESENTATION(#3479,#3485);
#3479 = PRODUCT_DEFINITION_SHAPE('','',#3480);
#3480 = PRODUCT_DEFINITION('design','',#3481,#3484);
#3481 = PRODUCT_DEFINITION_FORMATION('','',#3482);
#3482 = PRODUCT('rear_stop','rear_stop','',(#3483));
#3483 = PRODUCT_CONTEXT('',#2,'mechanical');
#3484 = PRODUCT_DEFINITION_CONTEXT('part definition',#2,'design');
#3485 = ADVANCED_BREP_SHAPE_REPRESENTATION('',(#11,#3486),#4460);
#3486 = MANIFOLD_SOLID_BREP('',#3487);
#3487 = CLOSED_SHELL('',(#3488,#3714,#3852,#3901,#3979,#4026,#4073,#4118
    ,#4198,#4225,#4236,#4291,#4346,#4396,#4446,#4453));
#3488 = ADVANCED_FACE('',(#3489),#3503,.F.);
#3489 = FACE_BOUND('',#3490,.F.);
#3490 = EDGE_LOOP('',(#3491,#3526,#3554,#3582,#3608,#3634,#3660,#3688));
#3491 = ORIENTED_EDGE('',*,*,#3492,.F.);
#3492 = EDGE_CURVE('',#3493,#3495,#3497,.T.);
#3493 = VERTEX_POINT('',#3494);
#3494 = CARTESIAN_POINT('',(0.,-30.,15.));
#3495 = VERTEX_POINT('',#3496);
#3496 = CARTESIAN_POINT('',(0.,30.,15.));
#3497 = SURFACE_CURVE('',#3498,(#3502,#3514),.PCURVE_S1.);
#3498 = LINE('',#3499,#3500);
#3499 = CARTESIAN_POINT('',(0.,-30.,15.));
#3500 = VECTOR('',#3501,1.);
#3501 = DIRECTION('',(0.,1.,0.));
#3502 = PCURVE('',#3503,#3508);
#3503 = PLANE('',#3504);
#3504 = AXIS2_PLACEMENT_3D('',#3505,#3506,#3507);
#3505 = CARTESIAN_POINT('',(0.,-30.,4.));
#3506 = DIRECTION('',(1.,0.,0.));
#3507 = DIRECTION('',(0.,0.,1.));
#3508 = DEFINITIONAL_REPRESENTATION('',(#3509),#3513);
#3509 = LINE('',#3510,#3511);
#3510 = CARTESIAN_POINT('',(11.,0.));
#3511 = VECTOR('',#3512,1.);
#3512 = DIRECTION('',(0.,-1.));
#3513 = ( GEOMETRIC_REPRESENTATION_CONTEXT(2) 
PARAMETRIC_REPRESENTATION_CONTEXT() REPRESENTATION_CONTEXT('2D SPACE',''
  ) );
#3514 = PCURVE('',#3515,#3520);
#3515 = PLANE('',#3516);
#3516 = AXIS2_PLACEMENT_3D('',#3517,#3518,#3519);
#3517 = CARTESIAN_POINT('',(0.,-30.,15.));
#3518 = DIRECTION('',(0.,0.,1.));
#3519 = DIRECTION('',(1.,0.,0.));
#3520 = DEFINITIONAL_REPRESENTATION('',(#3521),#3525);
#3521 = LINE('',#3522,#3523);
#3522 = CARTESIAN_POINT('',(0.,0.));
#3523 = VECTOR('',#3524,1.);
#3524 = DIRECTION('',(0.,1.));
#3525 = ( GEOMETRIC_REPRESENTATION_CONTEXT(2) 
PARAMETRIC_REPRESENTATION_CONTEXT() REPRESENTATION_CONTEXT('2D SPACE',''
  ) );
#3526 = ORIENTED_EDGE('',*,*,#3527,.F.);
#3527 = EDGE_CURVE('',#3528,#3493,#3530,.T.);
#3528 = VERTEX_POINT('',#3529);
#3529 = CARTESIAN_POINT('',(0.,-30.,4.));
#3530 = SURFACE_CURVE('',#3531,(#3535,#3542),.PCURVE_S1.);
#3531 = LINE('',#3532,#3533);
#3532 = CARTESIAN_POINT('',(0.,-30.,4.));
#3533 = VECTOR('',#3534,1.);
#3534 = DIRECTION('',(0.,0.,1.));
#3535 = PCURVE('',#3503,#3536);
#3536 = DEFINITIONAL_REPRESENTATION('',(#3537),#3541);
#3537 = LINE('',#3538,#3539);
#3538 = CARTESIAN_POINT('',(0.,0.));
#3539 = VECTOR('',#3540,1.);
#3540 = DIRECTION('',(1.,0.));
#3541 = ( GEOMETRIC_REPRESENTATION_CONTEXT(2) 
PARAMETRIC_REPRESENTATION_CONTEXT() REPRESENTATION_CONTEXT('2D SPACE',''
  ) );
#3542 = PCURVE('',#3543,#3548);
#3543 = PLANE('',#3544);
#3544 = AXIS2_PLACEMENT_3D('',#3545,#3546,#3547);
#3545 = CARTESIAN_POINT('',(0.,-30.,4.));
#3546 = DIRECTION('',(0.,1.,0.));
#3547 = DIRECTION('',(0.,0.,1.));
#3548 = DEFINITIONAL_REPRESENTATION('',(#3549),#3553);
#3549 = LINE('',#3550,#3551);
#3550 = CARTESIAN_POINT('',(0.,0.));
#3551 = VECTOR('',#3552,1.);
#3552 = DIRECTION('',(1.,0.));
#3553 = ( GEOMETRIC_REPRESENTATION_CONTEXT(2) 
PARAMETRIC_REPRESENTATION_CONTEXT() REPRESENTATION_CONTEXT('2D SPACE',''
  ) );
#3554 = ORIENTED_EDGE('',*,*,#3555,.T.);
#3555 = EDGE_CURVE('',#3528,#3556,#3558,.T.);
#3556 = VERTEX_POINT('',#3557);
#3557 = CARTESIAN_POINT('',(0.,-12.42426406871,4.));
#3558 = SURFACE_CURVE('',#3559,(#3563,#3570),.PCURVE_S1.);
#3559 = LINE('',#3560,#3561);
#3560 = CARTESIAN_POINT('',(0.,-30.,4.));
#3561 = VECTOR('',#3562,1.);
#3562 = DIRECTION('',(0.,1.,0.));
#3563 = PCURVE('',#3503,#3564);
#3564 = DEFINITIONAL_REPRESENTATION('',(#3565),#3569);
#3565 = LINE('',#3566,#3567);
#3566 = CARTESIAN_POINT('',(0.,0.));
#3567 = VECTOR('',#3568,1.);
#3568 = DIRECTION('',(0.,-1.));
#3569 = ( GEOMETRIC_REPRESENTATION_CONTEXT(2) 
PARAMETRIC_REPRESENTATION_CONTEXT() REPRESENTATION_CONTEXT('2D SPACE',''
  ) );
#3570 = PCURVE('',#3571,#3576);
#3571 = PLANE('',#3572);
#3572 = AXIS2_PLACEMENT_3D('',#3573,#3574,#3575);
#3573 = CARTESIAN_POINT('',(0.,-30.,4.));
#3574 = DIRECTION('',(0.,0.,1.));
#3575 = DIRECTION('',(1.,0.,0.));
#3576 = DEFINITIONAL_REPRESENTATION('',(#3577),#3581);
#3577 = LINE('',#3578,#3579);
#3578 = CARTESIAN_POINT('',(0.,0.));
#3579 = VECTOR('',#3580,1.);
#3580 = DIRECTION('',(0.,1.));
#3581 = ( GEOMETRIC_REPRESENTATION_CONTEXT(2) 
PARAMETRIC_REPRESENTATION_CONTEXT() REPRESENTATION_CONTEXT('2D SPACE',''
  ) );
#3582 = ORIENTED_EDGE('',*,*,#3583,.T.);
#3583 = EDGE_CURVE('',#3556,#3584,#3586,.T.);
#3584 = VERTEX_POINT('',#3585);
#3585 = CARTESIAN_POINT('',(0.,-20.72426406871,12.3));
#3586 = SURFACE_CURVE('',#3587,(#3591,#3597),.PCURVE_S1.);
#3587 = LINE('',#3588,#3589);
#3588 = CARTESIAN_POINT('',(1.110223024625E-16,-20.96819805153,
    12.543933982822));
#3589 = VECTOR('',#3590,1.);
#3590 = DIRECTION('',(0.,-0.707106781187,0.707106781187));
#3591 = PCURVE('',#3503,#3592);
#3592 = DEFINITIONAL_REPRESENTATION('',(#3593),#3596);
#3593 = B_SPLINE_CURVE_WITH_KNOTS('',1,(#3594,#3595),.UNSPECIFIED.,.F.,
  .F.,(2,2),(-12.08294731452,-0.344974746831),.PIECEWISE_BEZIER_KNOTS.);
#3594 = CARTESIAN_POINT('',(-1.54503505301E-15,-17.57573593128));
#3595 = CARTESIAN_POINT('',(8.3,-9.275735931288));
#3596 = ( GEOMETRIC_REPRESENTATION_CONTEXT(2) 
PARAMETRIC_REPRESENTATION_CONTEXT() REPRESENTATION_CONTEXT('2D SPACE',''
  ) );
#3597 = PCURVE('',#3598,#3603);
#3598 = PLANE('',#3599);
#3599 = AXIS2_PLACEMENT_3D('',#3600,#3601,#3602);
#3600 = CARTESIAN_POINT('',(-1.,-20.72426406871,12.3));
#3601 = DIRECTION('',(-0.,0.707106781187,0.707106781187));
#3602 = DIRECTION('',(0.,0.707106781187,-0.707106781187));
#3603 = DEFINITIONAL_REPRESENTATION('',(#3604),#3607);
#3604 = B_SPLINE_CURVE_WITH_KNOTS('',1,(#3605,#3606),.UNSPECIFIED.,.F.,
  .F.,(2,2),(-12.08294731452,-0.344974746831),.PIECEWISE_BEZIER_KNOTS.);
#3605 = CARTESIAN_POINT('',(11.737972567697,-1.));
#3606 = CARTESIAN_POINT('',(0.,-1.));
#3607 = ( GEOMETRIC_REPRESENTATION_CONTEXT(2) 
PARAMETRIC_REPRESENTATION_CONTEXT() REPRESENTATION_CONTEXT('2D SPACE',''
  ) );
#3608 = ORIENTED_EDGE('',*,*,#3609,.T.);
#3609 = EDGE_CURVE('',#3584,#3610,#3612,.T.);
#3610 = VERTEX_POINT('',#3611);
#3611 = CARTESIAN_POINT('',(0.,20.724264068712,12.3));
#3612 = SURFACE_CURVE('',#3613,(#3617,#3623),.PCURVE_S1.);
#3613 = LINE('',#3614,#3615);
#3614 = CARTESIAN_POINT('',(0.,-4.637867965644,12.3));
#3615 = VECTOR('',#3616,1.);
#3616 = DIRECTION('',(-0.,1.,0.));
#3617 = PCURVE('',#3503,#3618);
#3618 = DEFINITIONAL_REPRESENTATION('',(#3619),#3622);
#3619 = B_SPLINE_CURVE_WITH_KNOTS('',1,(#3620,#3621),.UNSPECIFIED.,.F.,
  .F.,(2,2),(-16.08639610306,25.362132034356),.PIECEWISE_BEZIER_KNOTS.);
#3620 = CARTESIAN_POINT('',(8.3,-9.275735931288));
#3621 = CARTESIAN_POINT('',(8.3,-50.72426406871));
#3622 = ( GEOMETRIC_REPRESENTATION_CONTEXT(2) 
PARAMETRIC_REPRESENTATION_CONTEXT() REPRESENTATION_CONTEXT('2D SPACE',''
  ) );
#3623 = PCURVE('',#3624,#3629);
#3624 = PLANE('',#3625);
#3625 = AXIS2_PLACEMENT_3D('',#3626,#3627,#3628);
#3626 = CARTESIAN_POINT('',(-1.,20.724264068712,12.3));
#3627 = DIRECTION('',(0.,0.,-1.));
#3628 = DIRECTION('',(0.,-1.,0.));
#3629 = DEFINITIONAL_REPRESENTATION('',(#3630),#3633);
#3630 = B_SPLINE_CURVE_WITH_KNOTS('',1,(#3631,#3632),.UNSPECIFIED.,.F.,
  .F.,(2,2),(-16.08639610306,25.362132034356),.PIECEWISE_BEZIER_KNOTS.);
#3631 = CARTESIAN_POINT('',(41.448528137424,-1.));
#3632 = CARTESIAN_POINT('',(0.,-1.));
#3633 = ( GEOMETRIC_REPRESENTATION_CONTEXT(2) 
PARAMETRIC_REPRESENTATION_CONTEXT() REPRESENTATION_CONTEXT('2D SPACE',''
  ) );
#3634 = ORIENTED_EDGE('',*,*,#3635,.T.);
#3635 = EDGE_CURVE('',#3610,#3636,#3638,.T.);
#3636 = VERTEX_POINT('',#3637);
#3637 = CARTESIAN_POINT('',(0.,12.424264068712,4.));
#3638 = SURFACE_CURVE('',#3639,(#3643,#3649),.PCURVE_S1.);
#3639 = LINE('',#3640,#3641);
#3640 = CARTESIAN_POINT('',(1.110223024625E-16,0.818198051534,
    -7.606066017178));
#3641 = VECTOR('',#3642,1.);
#3642 = DIRECTION('',(0.,-0.707106781187,-0.707106781187));
#3643 = PCURVE('',#3503,#3644);
#3644 = DEFINITIONAL_REPRESENTATION('',(#3645),#3648);
#3645 = B_SPLINE_CURVE_WITH_KNOTS('',1,(#3646,#3647),.UNSPECIFIED.,.F.,
  .F.,(2,2),(-28.15142853498,-16.41345596729),.PIECEWISE_BEZIER_KNOTS.);
#3646 = CARTESIAN_POINT('',(8.3,-50.72426406871));
#3647 = CARTESIAN_POINT('',(6.561105497242E-16,-42.42426406871));
#3648 = ( GEOMETRIC_REPRESENTATION_CONTEXT(2) 
PARAMETRIC_REPRESENTATION_CONTEXT() REPRESENTATION_CONTEXT('2D SPACE',''
  ) );
#3649 = PCURVE('',#3650,#3655);
#3650 = PLANE('',#3651);
#3651 = AXIS2_PLACEMENT_3D('',#3652,#3653,#3654);
#3652 = CARTESIAN_POINT('',(-1.,10.424264068712,2.));
#3653 = DIRECTION('',(0.,-0.707106781187,0.707106781187));
#3654 = DIRECTION('',(0.,0.707106781187,0.707106781187));
#3655 = DEFINITIONAL_REPRESENTATION('',(#3656),#3659);
#3656 = B_SPLINE_CURVE_WITH_KNOTS('',1,(#3657,#3658),.UNSPECIFIED.,.F.,
  .F.,(2,2),(-28.15142853498,-16.41345596729),.PIECEWISE_BEZIER_KNOTS.);
#3657 = CARTESIAN_POINT('',(14.566399692443,-1.));
#3658 = CARTESIAN_POINT('',(2.828427124746,-1.));
#3659 = ( GEOMETRIC_REPRESENTATION_CONTEXT(2) 
PARAMETRIC_REPRESENTATION_CONTEXT() REPRESENTATION_CONTEXT('2D SPACE',''
  ) );
#3660 = ORIENTED_EDGE('',*,*,#3661,.T.);
#3661 = EDGE_CURVE('',#3636,#3662,#3664,.T.);
#3662 = VERTEX_POINT('',#3663);
#3663 = CARTESIAN_POINT('',(0.,30.,4.));
#3664 = SURFACE_CURVE('',#3665,(#3669,#3676),.PCURVE_S1.);
#3665 = LINE('',#3666,#3667);
#3666 = CARTESIAN_POINT('',(0.,-30.,4.));
#3667 = VECTOR('',#3668,1.);
#3668 = DIRECTION('',(0.,1.,0.));
#3669 = PCURVE('',#3503,#3670);
#3670 = DEFINITIONAL_REPRESENTATION('',(#3671),#3675);
#3671 = LINE('',#3672,#3673);
#3672 = CARTESIAN_POINT('',(0.,0.));
#3673 = VECTOR('',#3674,1.);
#3674 = DIRECTION('',(0.,-1.));
#3675 = ( GEOMETRIC_REPRESENTATION_CONTEXT(2) 
PARAMETRIC_REPRESENTATION_CONTEXT() REPRESENTATION_CONTEXT('2D SPACE',''
  ) );
#3676 = PCURVE('',#3677,#3682);
#3677 = PLANE('',#3678);
#3678 = AXIS2_PLACEMENT_3D('',#3679,#3680,#3681);
#3679 = CARTESIAN_POINT('',(0.,-30.,4.));
#3680 = DIRECTION('',(0.,0.,1.));
#3681 = DIRECTION('',(1.,0.,0.));
#3682 = DEFINITIONAL_REPRESENTATION('',(#3683),#3687);
#3683 = LINE('',#3684,#3685);
#3684 = CARTESIAN_POINT('',(0.,0.));
#3685 = VECTOR('',#3686,1.);
#3686 = DIRECTION('',(0.,1.));
#3687 = ( GEOMETRIC_REPRESENTATION_CONTEXT(2) 
PARAMETRIC_REPRESENTATION_CONTEXT() REPRESENTATION_CONTEXT('2D SPACE',''
  ) );
#3688 = ORIENTED_EDGE('',*,*,#3689,.T.);
#3689 = EDGE_CURVE('',#3662,#3495,#3690,.T.);
#3690 = SURFACE_CURVE('',#3691,(#3695,#3702),.PCURVE_S1.);
#3691 = LINE('',#3692,#3693);
#3692 = CARTESIAN_POINT('',(0.,30.,4.));
#3693 = VECTOR('',#3694,1.);
#3694 = DIRECTION('',(0.,0.,1.));
#3695 = PCURVE('',#3503,#3696);
#3696 = DEFINITIONAL_REPRESENTATION('',(#3697),#3701);
#3697 = LINE('',#3698,#3699);
#3698 = CARTESIAN_POINT('',(0.,-60.));
#3699 = VECTOR('',#3700,1.);
#3700 = DIRECTION('',(1.,0.));
#3701 = ( GEOMETRIC_REPRESENTATION_CONTEXT(2) 
PARAMETRIC_REPRESENTATION_CONTEXT() REPRESENTATION_CONTEXT('2D SPACE',''
  ) );
#3702 = PCURVE('',#3703,#3708);
#3703 = PLANE('',#3704);
#3704 = AXIS2_PLACEMENT_3D('',#3705,#3706,#3707);
#3705 = CARTESIAN_POINT('',(0.,30.,4.));
#3706 = DIRECTION('',(0.,1.,0.));
#3707 = DIRECTION('',(0.,0.,1.));
#3708 = DEFINITIONAL_REPRESENTATION('',(#3709),#3713);
#3709 = LINE('',#3710,#3711);
#3710 = CARTESIAN_POINT('',(0.,0.));
#3711 = VECTOR('',#3712,1.);
#3712 = DIRECTION('',(1.,0.));
#3713 = ( GEOMETRIC_REPRESENTATION_CONTEXT(2) 
PARAMETRIC_REPRESENTATION_CONTEXT() REPRESENTATION_CONTEXT('2D SPACE',''
  ) );
#3714 = ADVANCED_FACE('',(#3715,#3790,#3821),#3515,.T.);
#3715 = FACE_BOUND('',#3716,.T.);
#3716 = EDGE_LOOP('',(#3717,#3718,#3741,#3769));
#3717 = ORIENTED_EDGE('',*,*,#3492,.F.);
#3718 = ORIENTED_EDGE('',*,*,#3719,.T.);
#3719 = EDGE_CURVE('',#3493,#3720,#3722,.T.);
#3720 = VERTEX_POINT('',#3721);
#3721 = CARTESIAN_POINT('',(8.,-30.,15.));
#3722 = SURFACE_CURVE('',#3723,(#3727,#3734),.PCURVE_S1.);
#3723 = LINE('',#3724,#3725);
#3724 = CARTESIAN_POINT('',(0.,-30.,15.));
#3725 = VECTOR('',#3726,1.);
#3726 = DIRECTION('',(1.,0.,0.));
#3727 = PCURVE('',#3515,#3728);
#3728 = DEFINITIONAL_REPRESENTATION('',(#3729),#3733);
#3729 = LINE('',#3730,#3731);
#3730 = CARTESIAN_POINT('',(0.,0.));
#3731 = VECTOR('',#3732,1.);
#3732 = DIRECTION('',(1.,0.));
#3733 = ( GEOMETRIC_REPRESENTATION_CONTEXT(2) 
PARAMETRIC_REPRESENTATION_CONTEXT() REPRESENTATION_CONTEXT('2D SPACE',''
  ) );
#3734 = PCURVE('',#3543,#3735);
#3735 = DEFINITIONAL_REPRESENTATION('',(#3736),#3740);
#3736 = LINE('',#3737,#3738);
#3737 = CARTESIAN_POINT('',(11.,0.));
#3738 = VECTOR('',#3739,1.);
#3739 = DIRECTION('',(0.,1.));
#3740 = ( GEOMETRIC_REPRESENTATION_CONTEXT(2) 
PARAMETRIC_REPRESENTATION_CONTEXT() REPRESENTATION_CONTEXT('2D SPACE',''
  ) );
#3741 = ORIENTED_EDGE('',*,*,#3742,.T.);
#3742 = EDGE_CURVE('',#3720,#3743,#3745,.T.);
#3743 = VERTEX_POINT('',#3744);
#3744 = CARTESIAN_POINT('',(8.,30.,15.));
#3745 = SURFACE_CURVE('',#3746,(#3750,#3757),.PCURVE_S1.);
#3746 = LINE('',#3747,#3748);
#3747 = CARTESIAN_POINT('',(8.,-30.,15.));
#3748 = VECTOR('',#3749,1.);
#3749 = DIRECTION('',(0.,1.,0.));
#3750 = PCURVE('',#3515,#3751);
#3751 = DEFINITIONAL_REPRESENTATION('',(#3752),#3756);
#3752 = LINE('',#3753,#3754);
#3753 = CARTESIAN_POINT('',(8.,0.));
#3754 = VECTOR('',#3755,1.);
#3755 = DIRECTION('',(0.,1.));
#3756 = ( GEOMETRIC_REPRESENTATION_CONTEXT(2) 
PARAMETRIC_REPRESENTATION_CONTEXT() REPRESENTATION_CONTEXT('2D SPACE',''
  ) );
#3757 = PCURVE('',#3758,#3763);
#3758 = PLANE('',#3759);
#3759 = AXIS2_PLACEMENT_3D('',#3760,#3761,#3762);
#3760 = CARTESIAN_POINT('',(8.,-30.,4.));
#3761 = DIRECTION('',(1.,0.,0.));
#3762 = DIRECTION('',(0.,0.,1.));
#3763 = DEFINITIONAL_REPRESENTATION('',(#3764),#3768);
#3764 = LINE('',#3765,#3766);
#3765 = CARTESIAN_POINT('',(11.,0.));
#3766 = VECTOR('',#3767,1.);
#3767 = DIRECTION('',(0.,-1.));
#3768 = ( GEOMETRIC_REPRESENTATION_CONTEXT(2) 
PARAMETRIC_REPRESENTATION_CONTEXT() REPRESENTATION_CONTEXT('2D SPACE',''
  ) );
#3769 = ORIENTED_EDGE('',*,*,#3770,.F.);
#3770 = EDGE_CURVE('',#3495,#3743,#3771,.T.);
#3771 = SURFACE_CURVE('',#3772,(#3776,#3783),.PCURVE_S1.);
#3772 = LINE('',#3773,#3774);
#3773 = CARTESIAN_POINT('',(0.,30.,15.));
#3774 = VECTOR('',#3775,1.);
#3775 = DIRECTION('',(1.,0.,0.));
#3776 = PCURVE('',#3515,#3777);
#3777 = DEFINITIONAL_REPRESENTATION('',(#3778),#3782);
#3778 = LINE('',#3779,#3780);
#3779 = CARTESIAN_POINT('',(0.,60.));
#3780 = VECTOR('',#3781,1.);
#3781 = DIRECTION('',(1.,0.));
#3782 = ( GEOMETRIC_REPRESENTATION_CONTEXT(2) 
PARAMETRIC_REPRESENTATION_CONTEXT() REPRESENTATION_CONTEXT('2D SPACE',''
  ) );
#3783 = PCURVE('',#3703,#3784);
#3784 = DEFINITIONAL_REPRESENTATION('',(#3785),#3789);
#3785 = LINE('',#3786,#3787);
#3786 = CARTESIAN_POINT('',(11.,0.));
#3787 = VECTOR('',#3788,1.);
#3788 = DIRECTION('',(0.,1.));
#3789 = ( GEOMETRIC_REPRESENTATION_CONTEXT(2) 
PARAMETRIC_REPRESENTATION_CONTEXT() REPRESENTATION_CONTEXT('2D SPACE',''
  ) );
#3790 = FACE_BOUND('',#3791,.T.);
#3791 = EDGE_LOOP('',(#3792));
#3792 = ORIENTED_EDGE('',*,*,#3793,.F.);
#3793 = EDGE_CURVE('',#3794,#3794,#3796,.T.);
#3794 = VERTEX_POINT('',#3795);
#3795 = CARTESIAN_POINT('',(7.1,-26.,15.));
#3796 = SURFACE_CURVE('',#3797,(#3802,#3809),.PCURVE_S1.);
#3797 = CIRCLE('',#3798,3.1);
#3798 = AXIS2_PLACEMENT_3D('',#3799,#3800,#3801);
#3799 = CARTESIAN_POINT('',(4.,-26.,15.));
#3800 = DIRECTION('',(0.,0.,1.));
#3801 = DIRECTION('',(1.,0.,-0.));
#3802 = PCURVE('',#3515,#3803);
#3803 = DEFINITIONAL_REPRESENTATION('',(#3804),#3808);
#3804 = CIRCLE('',#3805,3.1);
#3805 = AXIS2_PLACEMENT_2D('',#3806,#3807);
#3806 = CARTESIAN_POINT('',(4.,4.));
#3807 = DIRECTION('',(1.,0.));
#3808 = ( GEOMETRIC_REPRESENTATION_CONTEXT(2) 
PARAMETRIC_REPRESENTATION_CONTEXT() REPRESENTATION_CONTEXT('2D SPACE',''
  ) );
#3809 = PCURVE('',#3810,#3815);
#3810 = CYLINDRICAL_SURFACE('',#3811,3.1);
#3811 = AXIS2_PLACEMENT_3D('',#3812,#3813,#3814);
#3812 = CARTESIAN_POINT('',(4.,-26.,12.));
#3813 = DIRECTION('',(0.,0.,1.));
#3814 = DIRECTION('',(1.,0.,-0.));
#3815 = DEFINITIONAL_REPRESENTATION('',(#3816),#3820);
#3816 = LINE('',#3817,#3818);
#3817 = CARTESIAN_POINT('',(0.,3.));
#3818 = VECTOR('',#3819,1.);
#3819 = DIRECTION('',(1.,0.));
#3820 = ( GEOMETRIC_REPRESENTATION_CONTEXT(2) 
PARAMETRIC_REPRESENTATION_CONTEXT() REPRESENTATION_CONTEXT('2D SPACE',''
  ) );
#3821 = FACE_BOUND('',#3822,.T.);
#3822 = EDGE_LOOP('',(#3823));
#3823 = ORIENTED_EDGE('',*,*,#3824,.F.);
#3824 = EDGE_CURVE('',#3825,#3825,#3827,.T.);
#3825 = VERTEX_POINT('',#3826);
#3826 = CARTESIAN_POINT('',(7.1,26.,15.));
#3827 = SURFACE_CURVE('',#3828,(#3833,#3840),.PCURVE_S1.);
#3828 = CIRCLE('',#3829,3.1);
#3829 = AXIS2_PLACEMENT_3D('',#3830,#3831,#3832);
#3830 = CARTESIAN_POINT('',(4.,26.,15.));
#3831 = DIRECTION('',(0.,0.,1.));
#3832 = DIRECTION('',(1.,0.,-0.));
#3833 = PCURVE('',#3515,#3834);
#3834 = DEFINITIONAL_REPRESENTATION('',(#3835),#3839);
#3835 = CIRCLE('',#3836,3.1);
#3836 = AXIS2_PLACEMENT_2D('',#3837,#3838);
#3837 = CARTESIAN_POINT('',(4.,56.));
#3838 = DIRECTION('',(1.,0.));
#3839 = ( GEOMETRIC_REPRESENTATION_CONTEXT(2) 
PARAMETRIC_REPRESENTATION_CONTEXT() REPRESENTATION_CONTEXT('2D SPACE',''
  ) );
#3840 = PCURVE('',#3841,#3846);
#3841 = CYLINDRICAL_SURFACE('',#3842,3.1);
#3842 = AXIS2_PLACEMENT_3D('',#3843,#3844,#3845);
#3843 = CARTESIAN_POINT('',(4.,26.,12.));
#3844 = DIRECTION('',(0.,0.,1.));
#3845 = DIRECTION('',(1.,0.,-0.));
#3846 = DEFINITIONAL_REPRESENTATION('',(#3847),#3851);
#3847 = LINE('',#3848,#3849);
#3848 = CARTESIAN_POINT('',(0.,3.));
#3849 = VECTOR('',#3850,1.);
#3850 = DIRECTION('',(1.,0.));
#3851 = ( GEOMETRIC_REPRESENTATION_CONTEXT(2) 
PARAMETRIC_REPRESENTATION_CONTEXT() REPRESENTATION_CONTEXT('2D SPACE',''
  ) );
#3852 = ADVANCED_FACE('',(#3853),#3703,.T.);
#3853 = FACE_BOUND('',#3854,.T.);
#3854 = EDGE_LOOP('',(#3855,#3878,#3879,#3880));
#3855 = ORIENTED_EDGE('',*,*,#3856,.F.);
#3856 = EDGE_CURVE('',#3662,#3857,#3859,.T.);
#3857 = VERTEX_POINT('',#3858);
#3858 = CARTESIAN_POINT('',(8.,30.,4.));
#3859 = SURFACE_CURVE('',#3860,(#3864,#3871),.PCURVE_S1.);
#3860 = LINE('',#3861,#3862);
#3861 = CARTESIAN_POINT('',(0.,30.,4.));
#3862 = VECTOR('',#3863,1.);
#3863 = DIRECTION('',(1.,0.,0.));
#3864 = PCURVE('',#3703,#3865);
#3865 = DEFINITIONAL_REPRESENTATION('',(#3866),#3870);
#3866 = LINE('',#3867,#3868);
#3867 = CARTESIAN_POINT('',(0.,0.));
#3868 = VECTOR('',#3869,1.);
#3869 = DIRECTION('',(0.,1.));
#3870 = ( GEOMETRIC_REPRESENTATION_CONTEXT(2) 
PARAMETRIC_REPRESENTATION_CONTEXT() REPRESENTATION_CONTEXT('2D SPACE',''
  ) );
#3871 = PCURVE('',#3677,#3872);
#3872 = DEFINITIONAL_REPRESENTATION('',(#3873),#3877);
#3873 = LINE('',#3874,#3875);
#3874 = CARTESIAN_POINT('',(0.,60.));
#3875 = VECTOR('',#3876,1.);
#3876 = DIRECTION('',(1.,0.));
#3877 = ( GEOMETRIC_REPRESENTATION_CONTEXT(2) 
PARAMETRIC_REPRESENTATION_CONTEXT() REPRESENTATION_CONTEXT('2D SPACE',''
  ) );
#3878 = ORIENTED_EDGE('',*,*,#3689,.T.);
#3879 = ORIENTED_EDGE('',*,*,#3770,.T.);
#3880 = ORIENTED_EDGE('',*,*,#3881,.F.);
#3881 = EDGE_CURVE('',#3857,#3743,#3882,.T.);
#3882 = SURFACE_CURVE('',#3883,(#3887,#3894),.PCURVE_S1.);
#3883 = LINE('',#3884,#3885);
#3884 = CARTESIAN_POINT('',(8.,30.,4.));
#3885 = VECTOR('',#3886,1.);
#3886 = DIRECTION('',(0.,0.,1.));
#3887 = PCURVE('',#3703,#3888);
#3888 = DEFINITIONAL_REPRESENTATION('',(#3889),#3893);
#3889 = LINE('',#3890,#3891);
#3890 = CARTESIAN_POINT('',(0.,8.));
#3891 = VECTOR('',#3892,1.);
#3892 = DIRECTION('',(1.,0.));
#3893 = ( GEOMETRIC_REPRESENTATION_CONTEXT(2) 
PARAMETRIC_REPRESENTATION_CONTEXT() REPRESENTATION_CONTEXT('2D SPACE',''
  ) );
#3894 = PCURVE('',#3758,#3895);
#3895 = DEFINITIONAL_REPRESENTATION('',(#3896),#3900);
#3896 = LINE('',#3897,#3898);
#3897 = CARTESIAN_POINT('',(0.,-60.));
#3898 = VECTOR('',#3899,1.);
#3899 = DIRECTION('',(1.,0.));
#3900 = ( GEOMETRIC_REPRESENTATION_CONTEXT(2) 
PARAMETRIC_REPRESENTATION_CONTEXT() REPRESENTATION_CONTEXT('2D SPACE',''
  ) );
#3901 = ADVANCED_FACE('',(#3902,#3948),#3677,.F.);
#3902 = FACE_BOUND('',#3903,.F.);
#3903 = EDGE_LOOP('',(#3904,#3905,#3926,#3947));
#3904 = ORIENTED_EDGE('',*,*,#3661,.F.);
#3905 = ORIENTED_EDGE('',*,*,#3906,.T.);
#3906 = EDGE_CURVE('',#3636,#3907,#3909,.T.);
#3907 = VERTEX_POINT('',#3908);
#3908 = CARTESIAN_POINT('',(8.,12.424264068712,4.));
#3909 = SURFACE_CURVE('',#3910,(#3914,#3920),.PCURVE_S1.);
#3910 = LINE('',#3911,#3912);
#3911 = CARTESIAN_POINT('',(-0.5,12.424264068712,4.));
#3912 = VECTOR('',#3913,1.);
#3913 = DIRECTION('',(1.,0.,-0.));
#3914 = PCURVE('',#3677,#3915);
#3915 = DEFINITIONAL_REPRESENTATION('',(#3916),#3919);
#3916 = B_SPLINE_CURVE_WITH_KNOTS('',1,(#3917,#3918),.UNSPECIFIED.,.F.,
  .F.,(2,2),(0.5,8.5),.PIECEWISE_BEZIER_KNOTS.);
#3917 = CARTESIAN_POINT('',(0.,42.424264068712));
#3918 = CARTESIAN_POINT('',(8.,42.424264068712));
#3919 = ( GEOMETRIC_REPRESENTATION_CONTEXT(2) 
PARAMETRIC_REPRESENTATION_CONTEXT() REPRESENTATION_CONTEXT('2D SPACE',''
  ) );
#3920 = PCURVE('',#3650,#3921);
#3921 = DEFINITIONAL_REPRESENTATION('',(#3922),#3925);
#3922 = B_SPLINE_CURVE_WITH_KNOTS('',1,(#3923,#3924),.UNSPECIFIED.,.F.,
  .F.,(2,2),(0.5,8.5),.PIECEWISE_BEZIER_KNOTS.);
#3923 = CARTESIAN_POINT('',(2.828427124746,-1.));
#3924 = CARTESIAN_POINT('',(2.828427124746,-9.));
#3925 = ( GEOMETRIC_REPRESENTATION_CONTEXT(2) 
PARAMETRIC_REPRESENTATION_CONTEXT() REPRESENTATION_CONTEXT('2D SPACE',''
  ) );
#3926 = ORIENTED_EDGE('',*,*,#3927,.T.);
#3927 = EDGE_CURVE('',#3907,#3857,#3928,.T.);
#3928 = SURFACE_CURVE('',#3929,(#3933,#3940),.PCURVE_S1.);
#3929 = LINE('',#3930,#3931);
#3930 = CARTESIAN_POINT('',(8.,-30.,4.));
#3931 = VECTOR('',#3932,1.);
#3932 = DIRECTION('',(0.,1.,0.));
#3933 = PCURVE('',#3677,#3934);
#3934 = DEFINITIONAL_REPRESENTATION('',(#3935),#3939);
#3935 = LINE('',#3936,#3937);
#3936 = CARTESIAN_POINT('',(8.,0.));
#3937 = VECTOR('',#3938,1.);
#3938 = DIRECTION('',(0.,1.));
#3939 = ( GEOMETRIC_REPRESENTATION_CONTEXT(2) 
PARAMETRIC_REPRESENTATION_CONTEXT() REPRESENTATION_CONTEXT('2D SPACE',''
  ) );
#3940 = PCURVE('',#3758,#3941);
#3941 = DEFINITIONAL_REPRESENTATION('',(#3942),#3946);
#3942 = LINE('',#3943,#3944);
#3943 = CARTESIAN_POINT('',(0.,0.));
#3944 = VECTOR('',#3945,1.);
#3945 = DIRECTION('',(0.,-1.));
#3946 = ( GEOMETRIC_REPRESENTATION_CONTEXT(2) 
PARAMETRIC_REPRESENTATION_CONTEXT() REPRESENTATION_CONTEXT('2D SPACE',''
  ) );
#3947 = ORIENTED_EDGE('',*,*,#3856,.F.);
#3948 = FACE_BOUND('',#3949,.F.);
#3949 = EDGE_LOOP('',(#3950));
#3950 = ORIENTED_EDGE('',*,*,#3951,.F.);
#3951 = EDGE_CURVE('',#3952,#3952,#3954,.T.);
#3952 = VERTEX_POINT('',#3953);
#3953 = CARTESIAN_POINT('',(5.7,26.,4.));
#3954 = SURFACE_CURVE('',#3955,(#3960,#3967),.PCURVE_S1.);
#3955 = CIRCLE('',#3956,1.7);
#3956 = AXIS2_PLACEMENT_3D('',#3957,#3958,#3959);
#3957 = CARTESIAN_POINT('',(4.,26.,4.));
#3958 = DIRECTION('',(0.,0.,1.));
#3959 = DIRECTION('',(1.,0.,-0.));
#3960 = PCURVE('',#3677,#3961);
#3961 = DEFINITIONAL_REPRESENTATION('',(#3962),#3966);
#3962 = CIRCLE('',#3963,1.7);
#3963 = AXIS2_PLACEMENT_2D('',#3964,#3965);
#3964 = CARTESIAN_POINT('',(4.,56.));
#3965 = DIRECTION('',(1.,0.));
#3966 = ( GEOMETRIC_REPRESENTATION_CONTEXT(2) 
PARAMETRIC_REPRESENTATION_CONTEXT() REPRESENTATION_CONTEXT('2D SPACE',''
  ) );
#3967 = PCURVE('',#3968,#3973);
#3968 = CYLINDRICAL_SURFACE('',#3969,1.7);
#3969 = AXIS2_PLACEMENT_3D('',#3970,#3971,#3972);
#3970 = CARTESIAN_POINT('',(4.,26.,0.));
#3971 = DIRECTION('',(0.,0.,1.));
#3972 = DIRECTION('',(1.,0.,-0.));
#3973 = DEFINITIONAL_REPRESENTATION('',(#3974),#3978);
#3974 = LINE('',#3975,#3976);
#3975 = CARTESIAN_POINT('',(0.,4.));
#3976 = VECTOR('',#3977,1.);
#3977 = DIRECTION('',(1.,0.));
#3978 = ( GEOMETRIC_REPRESENTATION_CONTEXT(2) 
PARAMETRIC_REPRESENTATION_CONTEXT() REPRESENTATION_CONTEXT('2D SPACE',''
  ) );
#3979 = ADVANCED_FACE('',(#3980),#3650,.T.);
#3980 = FACE_BOUND('',#3981,.T.);
#3981 = EDGE_LOOP('',(#3982,#4005,#4006,#4007));
#3982 = ORIENTED_EDGE('',*,*,#3983,.F.);
#3983 = EDGE_CURVE('',#3610,#3984,#3986,.T.);
#3984 = VERTEX_POINT('',#3985);
#3985 = CARTESIAN_POINT('',(8.,20.724264068712,12.3));
#3986 = SURFACE_CURVE('',#3987,(#3991,#3998),.PCURVE_S1.);
#3987 = LINE('',#3988,#3989);
#3988 = CARTESIAN_POINT('',(-1.,20.724264068712,12.3));
#3989 = VECTOR('',#3990,1.);
#3990 = DIRECTION('',(1.,0.,0.));
#3991 = PCURVE('',#3650,#3992);
#3992 = DEFINITIONAL_REPRESENTATION('',(#3993),#3997);
#3993 = LINE('',#3994,#3995);
#3994 = CARTESIAN_POINT('',(14.566399692443,0.));
#3995 = VECTOR('',#3996,1.);
#3996 = DIRECTION('',(0.,-1.));
#3997 = ( GEOMETRIC_REPRESENTATION_CONTEXT(2) 
PARAMETRIC_REPRESENTATION_CONTEXT() REPRESENTATION_CONTEXT('2D SPACE',''
  ) );
#3998 = PCURVE('',#3624,#3999);
#3999 = DEFINITIONAL_REPRESENTATION('',(#4000),#4004);
#4000 = LINE('',#4001,#4002);
#4001 = CARTESIAN_POINT('',(0.,-0.));
#4002 = VECTOR('',#4003,1.);
#4003 = DIRECTION('',(0.,-1.));
#4004 = ( GEOMETRIC_REPRESENTATION_CONTEXT(2) 
PARAMETRIC_REPRESENTATION_CONTEXT() REPRESENTATION_CONTEXT('2D SPACE',''
  ) );
#4005 = ORIENTED_EDGE('',*,*,#3635,.T.);
#4006 = ORIENTED_EDGE('',*,*,#3906,.T.);
#4007 = ORIENTED_EDGE('',*,*,#4008,.F.);
#4008 = EDGE_CURVE('',#3984,#3907,#4009,.T.);
#4009 = SURFACE_CURVE('',#4010,(#4014,#4020),.PCURVE_S1.);
#4010 = LINE('',#4011,#4012);
#4011 = CARTESIAN_POINT('',(8.,0.818198051534,-7.606066017178));
#4012 = VECTOR('',#4013,1.);
#4013 = DIRECTION('',(0.,-0.707106781187,-0.707106781187));
#4014 = PCURVE('',#3650,#4015);
#4015 = DEFINITIONAL_REPRESENTATION('',(#4016),#4019);
#4016 = B_SPLINE_CURVE_WITH_KNOTS('',1,(#4017,#4018),.UNSPECIFIED.,.F.,
  .F.,(2,2),(-28.15142853498,-16.41345596729),.PIECEWISE_BEZIER_KNOTS.);
#4017 = CARTESIAN_POINT('',(14.566399692443,-9.));
#4018 = CARTESIAN_POINT('',(2.828427124746,-9.));
#4019 = ( GEOMETRIC_REPRESENTATION_CONTEXT(2) 
PARAMETRIC_REPRESENTATION_CONTEXT() REPRESENTATION_CONTEXT('2D SPACE',''
  ) );
#4020 = PCURVE('',#3758,#4021);
#4021 = DEFINITIONAL_REPRESENTATION('',(#4022),#4025);
#4022 = B_SPLINE_CURVE_WITH_KNOTS('',1,(#4023,#4024),.UNSPECIFIED.,.F.,
  .F.,(2,2),(-28.15142853498,-16.41345596729),.PIECEWISE_BEZIER_KNOTS.);
#4023 = CARTESIAN_POINT('',(8.3,-50.72426406871));
#4024 = CARTESIAN_POINT('',(6.561105497242E-16,-42.42426406871));
#4025 = ( GEOMETRIC_REPRESENTATION_CONTEXT(2) 
PARAMETRIC_REPRESENTATION_CONTEXT() REPRESENTATION_CONTEXT('2D SPACE',''
  ) );
#4026 = ADVANCED_FACE('',(#4027),#3624,.T.);
#4027 = FACE_BOUND('',#4028,.T.);
#4028 = EDGE_LOOP('',(#4029,#4030,#4031,#4052));
#4029 = ORIENTED_EDGE('',*,*,#3609,.T.);
#4030 = ORIENTED_EDGE('',*,*,#3983,.T.);
#4031 = ORIENTED_EDGE('',*,*,#4032,.F.);
#4032 = EDGE_CURVE('',#4033,#3984,#4035,.T.);
#4033 = VERTEX_POINT('',#4034);
#4034 = CARTESIAN_POINT('',(8.,-20.72426406871,12.3));
#4035 = SURFACE_CURVE('',#4036,(#4040,#4046),.PCURVE_S1.);
#4036 = LINE('',#4037,#4038);
#4037 = CARTESIAN_POINT('',(8.,-4.637867965644,12.3));
#4038 = VECTOR('',#4039,1.);
#4039 = DIRECTION('',(-0.,1.,0.));
#4040 = PCURVE('',#3624,#4041);
#4041 = DEFINITIONAL_REPRESENTATION('',(#4042),#4045);
#4042 = B_SPLINE_CURVE_WITH_KNOTS('',1,(#4043,#4044),.UNSPECIFIED.,.F.,
  .F.,(2,2),(-16.08639610306,25.362132034356),.PIECEWISE_BEZIER_KNOTS.);
#4043 = CARTESIAN_POINT('',(41.448528137424,-9.));
#4044 = CARTESIAN_POINT('',(0.,-9.));
#4045 = ( GEOMETRIC_REPRESENTATION_CONTEXT(2) 
PARAMETRIC_REPRESENTATION_CONTEXT() REPRESENTATION_CONTEXT('2D SPACE',''
  ) );
#4046 = PCURVE('',#3758,#4047);
#4047 = DEFINITIONAL_REPRESENTATION('',(#4048),#4051);
#4048 = B_SPLINE_CURVE_WITH_KNOTS('',1,(#4049,#4050),.UNSPECIFIED.,.F.,
  .F.,(2,2),(-16.08639610306,25.362132034356),.PIECEWISE_BEZIER_KNOTS.);
#4049 = CARTESIAN_POINT('',(8.3,-9.275735931288));
#4050 = CARTESIAN_POINT('',(8.3,-50.72426406871));
#4051 = ( GEOMETRIC_REPRESENTATION_CONTEXT(2) 
PARAMETRIC_REPRESENTATION_CONTEXT() REPRESENTATION_CONTEXT('2D SPACE',''
  ) );
#4052 = ORIENTED_EDGE('',*,*,#4053,.F.);
#4053 = EDGE_CURVE('',#3584,#4033,#4054,.T.);
#4054 = SURFACE_CURVE('',#4055,(#4059,#4066),.PCURVE_S1.);
#4055 = LINE('',#4056,#4057);
#4056 = CARTESIAN_POINT('',(-1.,-20.72426406871,12.3));
#4057 = VECTOR('',#4058,1.);
#4058 = DIRECTION('',(1.,0.,0.));
#4059 = PCURVE('',#3624,#4060);
#4060 = DEFINITIONAL_REPRESENTATION('',(#4061),#4065);
#4061 = LINE('',#4062,#4063);
#4062 = CARTESIAN_POINT('',(41.448528137424,0.));
#4063 = VECTOR('',#4064,1.);
#4064 = DIRECTION('',(0.,-1.));
#4065 = ( GEOMETRIC_REPRESENTATION_CONTEXT(2) 
PARAMETRIC_REPRESENTATION_CONTEXT() REPRESENTATION_CONTEXT('2D SPACE',''
  ) );
#4066 = PCURVE('',#3598,#4067);
#4067 = DEFINITIONAL_REPRESENTATION('',(#4068),#4072);
#4068 = LINE('',#4069,#4070);
#4069 = CARTESIAN_POINT('',(0.,0.));
#4070 = VECTOR('',#4071,1.);
#4071 = DIRECTION('',(0.,-1.));
#4072 = ( GEOMETRIC_REPRESENTATION_CONTEXT(2) 
PARAMETRIC_REPRESENTATION_CONTEXT() REPRESENTATION_CONTEXT('2D SPACE',''
  ) );
#4073 = ADVANCED_FACE('',(#4074),#3598,.T.);
#4074 = FACE_BOUND('',#4075,.T.);
#4075 = EDGE_LOOP('',(#4076,#4077,#4078,#4099));
#4076 = ORIENTED_EDGE('',*,*,#3583,.T.);
#4077 = ORIENTED_EDGE('',*,*,#4053,.T.);
#4078 = ORIENTED_EDGE('',*,*,#4079,.F.);
#4079 = EDGE_CURVE('',#4080,#4033,#4082,.T.);
#4080 = VERTEX_POINT('',#4081);
#4081 = CARTESIAN_POINT('',(8.,-12.42426406871,4.));
#4082 = SURFACE_CURVE('',#4083,(#4087,#4093),.PCURVE_S1.);
#4083 = LINE('',#4084,#4085);
#4084 = CARTESIAN_POINT('',(8.,-20.96819805153,12.543933982822));
#4085 = VECTOR('',#4086,1.);
#4086 = DIRECTION('',(0.,-0.707106781187,0.707106781187));
#4087 = PCURVE('',#3598,#4088);
#4088 = DEFINITIONAL_REPRESENTATION('',(#4089),#4092);
#4089 = B_SPLINE_CURVE_WITH_KNOTS('',1,(#4090,#4091),.UNSPECIFIED.,.F.,
  .F.,(2,2),(-12.08294731452,-0.344974746831),.PIECEWISE_BEZIER_KNOTS.);
#4090 = CARTESIAN_POINT('',(11.737972567697,-9.));
#4091 = CARTESIAN_POINT('',(0.,-9.));
#4092 = ( GEOMETRIC_REPRESENTATION_CONTEXT(2) 
PARAMETRIC_REPRESENTATION_CONTEXT() REPRESENTATION_CONTEXT('2D SPACE',''
  ) );
#4093 = PCURVE('',#3758,#4094);
#4094 = DEFINITIONAL_REPRESENTATION('',(#4095),#4098);
#4095 = B_SPLINE_CURVE_WITH_KNOTS('',1,(#4096,#4097),.UNSPECIFIED.,.F.,
  .F.,(2,2),(-12.08294731452,-0.344974746831),.PIECEWISE_BEZIER_KNOTS.);
#4096 = CARTESIAN_POINT('',(-1.54503505301E-15,-17.57573593128));
#4097 = CARTESIAN_POINT('',(8.3,-9.275735931288));
#4098 = ( GEOMETRIC_REPRESENTATION_CONTEXT(2) 
PARAMETRIC_REPRESENTATION_CONTEXT() REPRESENTATION_CONTEXT('2D SPACE',''
  ) );
#4099 = ORIENTED_EDGE('',*,*,#4100,.T.);
#4100 = EDGE_CURVE('',#4080,#3556,#4101,.T.);
#4101 = SURFACE_CURVE('',#4102,(#4106,#4112),.PCURVE_S1.);
#4102 = LINE('',#4103,#4104);
#4103 = CARTESIAN_POINT('',(-0.5,-12.42426406871,4.));
#4104 = VECTOR('',#4105,1.);
#4105 = DIRECTION('',(-1.,-0.,0.));
#4106 = PCURVE('',#3598,#4107);
#4107 = DEFINITIONAL_REPRESENTATION('',(#4108),#4111);
#4108 = B_SPLINE_CURVE_WITH_KNOTS('',1,(#4109,#4110),.UNSPECIFIED.,.F.,
  .F.,(2,2),(-8.5,-0.5),.PIECEWISE_BEZIER_KNOTS.);
#4109 = CARTESIAN_POINT('',(11.737972567697,-9.));
#4110 = CARTESIAN_POINT('',(11.737972567697,-1.));
#4111 = ( GEOMETRIC_REPRESENTATION_CONTEXT(2) 
PARAMETRIC_REPRESENTATION_CONTEXT() REPRESENTATION_CONTEXT('2D SPACE',''
  ) );
#4112 = PCURVE('',#3571,#4113);
#4113 = DEFINITIONAL_REPRESENTATION('',(#4114),#4117);
#4114 = B_SPLINE_CURVE_WITH_KNOTS('',1,(#4115,#4116),.UNSPECIFIED.,.F.,
  .F.,(2,2),(-8.5,-0.5),.PIECEWISE_BEZIER_KNOTS.);
#4115 = CARTESIAN_POINT('',(8.,17.575735931288));
#4116 = CARTESIAN_POINT('',(0.,17.575735931288));
#4117 = ( GEOMETRIC_REPRESENTATION_CONTEXT(2) 
PARAMETRIC_REPRESENTATION_CONTEXT() REPRESENTATION_CONTEXT('2D SPACE',''
  ) );
#4118 = ADVANCED_FACE('',(#4119,#4167),#3571,.F.);
#4119 = FACE_BOUND('',#4120,.F.);
#4120 = EDGE_LOOP('',(#4121,#4122,#4145,#4166));
#4121 = ORIENTED_EDGE('',*,*,#3555,.F.);
#4122 = ORIENTED_EDGE('',*,*,#4123,.T.);
#4123 = EDGE_CURVE('',#3528,#4124,#4126,.T.);
#4124 = VERTEX_POINT('',#4125);
#4125 = CARTESIAN_POINT('',(8.,-30.,4.));
#4126 = SURFACE_CURVE('',#4127,(#4131,#4138),.PCURVE_S1.);
#4127 = LINE('',#4128,#4129);
#4128 = CARTESIAN_POINT('',(0.,-30.,4.));
#4129 = VECTOR('',#4130,1.);
#4130 = DIRECTION('',(1.,0.,0.));
#4131 = PCURVE('',#3571,#4132);
#4132 = DEFINITIONAL_REPRESENTATION('',(#4133),#4137);
#4133 = LINE('',#4134,#4135);
#4134 = CARTESIAN_POINT('',(0.,0.));
#4135 = VECTOR('',#4136,1.);
#4136 = DIRECTION('',(1.,0.));
#4137 = ( GEOMETRIC_REPRESENTATION_CONTEXT(2) 
PARAMETRIC_REPRESENTATION_CONTEXT() REPRESENTATION_CONTEXT('2D SPACE',''
  ) );
#4138 = PCURVE('',#3543,#4139);
#4139 = DEFINITIONAL_REPRESENTATION('',(#4140),#4144);
#4140 = LINE('',#4141,#4142);
#4141 = CARTESIAN_POINT('',(0.,0.));
#4142 = VECTOR('',#4143,1.);
#4143 = DIRECTION('',(0.,1.));
#4144 = ( GEOMETRIC_REPRESENTATION_CONTEXT(2) 
PARAMETRIC_REPRESENTATION_CONTEXT() REPRESENTATION_CONTEXT('2D SPACE',''
  ) );
#4145 = ORIENTED_EDGE('',*,*,#4146,.T.);
#4146 = EDGE_CURVE('',#4124,#4080,#4147,.T.);
#4147 = SURFACE_CURVE('',#4148,(#4152,#4159),.PCURVE_S1.);
#4148 = LINE('',#4149,#4150);
#4149 = CARTESIAN_POINT('',(8.,-30.,4.));
#4150 = VECTOR('',#4151,1.);
#4151 = DIRECTION('',(0.,1.,0.));
#4152 = PCURVE('',#3571,#4153);
#4153 = DEFINITIONAL_REPRESENTATION('',(#4154),#4158);
#4154 = LINE('',#4155,#4156);
#4155 = CARTESIAN_POINT('',(8.,0.));
#4156 = VECTOR('',#4157,1.);
#4157 = DIRECTION('',(0.,1.));
#4158 = ( GEOMETRIC_REPRESENTATION_CONTEXT(2) 
PARAMETRIC_REPRESENTATION_CONTEXT() REPRESENTATION_CONTEXT('2D SPACE',''
  ) );
#4159 = PCURVE('',#3758,#4160);
#4160 = DEFINITIONAL_REPRESENTATION('',(#4161),#4165);
#4161 = LINE('',#4162,#4163);
#4162 = CARTESIAN_POINT('',(0.,0.));
#4163 = VECTOR('',#4164,1.);
#4164 = DIRECTION('',(0.,-1.));
#4165 = ( GEOMETRIC_REPRESENTATION_CONTEXT(2) 
PARAMETRIC_REPRESENTATION_CONTEXT() REPRESENTATION_CONTEXT('2D SPACE',''
  ) );
#4166 = ORIENTED_EDGE('',*,*,#4100,.T.);
#4167 = FACE_BOUND('',#4168,.F.);
#4168 = EDGE_LOOP('',(#4169));
#4169 = ORIENTED_EDGE('',*,*,#4170,.F.);
#4170 = EDGE_CURVE('',#4171,#4171,#4173,.T.);
#4171 = VERTEX_POINT('',#4172);
#4172 = CARTESIAN_POINT('',(5.7,-26.,4.));
#4173 = SURFACE_CURVE('',#4174,(#4179,#4186),.PCURVE_S1.);
#4174 = CIRCLE('',#4175,1.7);
#4175 = AXIS2_PLACEMENT_3D('',#4176,#4177,#4178);
#4176 = CARTESIAN_POINT('',(4.,-26.,4.));
#4177 = DIRECTION('',(0.,0.,1.));
#4178 = DIRECTION('',(1.,0.,-0.));
#4179 = PCURVE('',#3571,#4180);
#4180 = DEFINITIONAL_REPRESENTATION('',(#4181),#4185);
#4181 = CIRCLE('',#4182,1.7);
#4182 = AXIS2_PLACEMENT_2D('',#4183,#4184);
#4183 = CARTESIAN_POINT('',(4.,4.));
#4184 = DIRECTION('',(1.,0.));
#4185 = ( GEOMETRIC_REPRESENTATION_CONTEXT(2) 
PARAMETRIC_REPRESENTATION_CONTEXT() REPRESENTATION_CONTEXT('2D SPACE',''
  ) );
#4186 = PCURVE('',#4187,#4192);
#4187 = CYLINDRICAL_SURFACE('',#4188,1.7);
#4188 = AXIS2_PLACEMENT_3D('',#4189,#4190,#4191);
#4189 = CARTESIAN_POINT('',(4.,-26.,0.));
#4190 = DIRECTION('',(0.,0.,1.));
#4191 = DIRECTION('',(1.,0.,-0.));
#4192 = DEFINITIONAL_REPRESENTATION('',(#4193),#4197);
#4193 = LINE('',#4194,#4195);
#4194 = CARTESIAN_POINT('',(0.,4.));
#4195 = VECTOR('',#4196,1.);
#4196 = DIRECTION('',(1.,0.));
#4197 = ( GEOMETRIC_REPRESENTATION_CONTEXT(2) 
PARAMETRIC_REPRESENTATION_CONTEXT() REPRESENTATION_CONTEXT('2D SPACE',''
  ) );
#4198 = ADVANCED_FACE('',(#4199),#3543,.F.);
#4199 = FACE_BOUND('',#4200,.F.);
#4200 = EDGE_LOOP('',(#4201,#4202,#4203,#4204));
#4201 = ORIENTED_EDGE('',*,*,#4123,.F.);
#4202 = ORIENTED_EDGE('',*,*,#3527,.T.);
#4203 = ORIENTED_EDGE('',*,*,#3719,.T.);
#4204 = ORIENTED_EDGE('',*,*,#4205,.F.);
#4205 = EDGE_CURVE('',#4124,#3720,#4206,.T.);
#4206 = SURFACE_CURVE('',#4207,(#4211,#4218),.PCURVE_S1.);
#4207 = LINE('',#4208,#4209);
#4208 = CARTESIAN_POINT('',(8.,-30.,4.));
#4209 = VECTOR('',#4210,1.);
#4210 = DIRECTION('',(0.,0.,1.));
#4211 = PCURVE('',#3543,#4212);
#4212 = DEFINITIONAL_REPRESENTATION('',(#4213),#4217);
#4213 = LINE('',#4214,#4215);
#4214 = CARTESIAN_POINT('',(0.,8.));
#4215 = VECTOR('',#4216,1.);
#4216 = DIRECTION('',(1.,0.));
#4217 = ( GEOMETRIC_REPRESENTATION_CONTEXT(2) 
PARAMETRIC_REPRESENTATION_CONTEXT() REPRESENTATION_CONTEXT('2D SPACE',''
  ) );
#4218 = PCURVE('',#3758,#4219);
#4219 = DEFINITIONAL_REPRESENTATION('',(#4220),#4224);
#4220 = LINE('',#4221,#4222);
#4221 = CARTESIAN_POINT('',(0.,0.));
#4222 = VECTOR('',#4223,1.);
#4223 = DIRECTION('',(1.,0.));
#4224 = ( GEOMETRIC_REPRESENTATION_CONTEXT(2) 
PARAMETRIC_REPRESENTATION_CONTEXT() REPRESENTATION_CONTEXT('2D SPACE',''
  ) );
#4225 = ADVANCED_FACE('',(#4226),#3758,.T.);
#4226 = FACE_BOUND('',#4227,.T.);
#4227 = EDGE_LOOP('',(#4228,#4229,#4230,#4231,#4232,#4233,#4234,#4235));
#4228 = ORIENTED_EDGE('',*,*,#3742,.F.);
#4229 = ORIENTED_EDGE('',*,*,#4205,.F.);
#4230 = ORIENTED_EDGE('',*,*,#4146,.T.);
#4231 = ORIENTED_EDGE('',*,*,#4079,.T.);
#4232 = ORIENTED_EDGE('',*,*,#4032,.T.);
#4233 = ORIENTED_EDGE('',*,*,#4008,.T.);
#4234 = ORIENTED_EDGE('',*,*,#3927,.T.);
#4235 = ORIENTED_EDGE('',*,*,#3881,.T.);
#4236 = ADVANCED_FACE('',(#4237),#3810,.F.);
#4237 = FACE_BOUND('',#4238,.F.);
#4238 = EDGE_LOOP('',(#4239,#4240,#4263,#4290));
#4239 = ORIENTED_EDGE('',*,*,#3793,.F.);
#4240 = ORIENTED_EDGE('',*,*,#4241,.F.);
#4241 = EDGE_CURVE('',#4242,#3794,#4244,.T.);
#4242 = VERTEX_POINT('',#4243);
#4243 = CARTESIAN_POINT('',(7.1,-26.,12.));
#4244 = SEAM_CURVE('',#4245,(#4249,#4256),.PCURVE_S1.);
#4245 = LINE('',#4246,#4247);
#4246 = CARTESIAN_POINT('',(7.1,-26.,12.));
#4247 = VECTOR('',#4248,1.);
#4248 = DIRECTION('',(0.,0.,1.));
#4249 = PCURVE('',#3810,#4250);
#4250 = DEFINITIONAL_REPRESENTATION('',(#4251),#4255);
#4251 = LINE('',#4252,#4253);
#4252 = CARTESIAN_POINT('',(6.28318530718,-0.));
#4253 = VECTOR('',#4254,1.);
#4254 = DIRECTION('',(0.,1.));
#4255 = ( GEOMETRIC_REPRESENTATION_CONTEXT(2) 
PARAMETRIC_REPRESENTATION_CONTEXT() REPRESENTATION_CONTEXT('2D SPACE',''
  ) );
#4256 = PCURVE('',#3810,#4257);
#4257 = DEFINITIONAL_REPRESENTATION('',(#4258),#4262);
#4258 = LINE('',#4259,#4260);
#4259 = CARTESIAN_POINT('',(0.,-0.));
#4260 = VECTOR('',#4261,1.);
#4261 = DIRECTION('',(0.,1.));
#4262 = ( GEOMETRIC_REPRESENTATION_CONTEXT(2) 
PARAMETRIC_REPRESENTATION_CONTEXT() REPRESENTATION_CONTEXT('2D SPACE',''
  ) );
#4263 = ORIENTED_EDGE('',*,*,#4264,.T.);
#4264 = EDGE_CURVE('',#4242,#4242,#4265,.T.);
#4265 = SURFACE_CURVE('',#4266,(#4271,#4278),.PCURVE_S1.);
#4266 = CIRCLE('',#4267,3.1);
#4267 = AXIS2_PLACEMENT_3D('',#4268,#4269,#4270);
#4268 = CARTESIAN_POINT('',(4.,-26.,12.));
#4269 = DIRECTION('',(0.,0.,1.));
#4270 = DIRECTION('',(1.,0.,-0.));
#4271 = PCURVE('',#3810,#4272);
#4272 = DEFINITIONAL_REPRESENTATION('',(#4273),#4277);
#4273 = LINE('',#4274,#4275);
#4274 = CARTESIAN_POINT('',(0.,0.));
#4275 = VECTOR('',#4276,1.);
#4276 = DIRECTION('',(1.,0.));
#4277 = ( GEOMETRIC_REPRESENTATION_CONTEXT(2) 
PARAMETRIC_REPRESENTATION_CONTEXT() REPRESENTATION_CONTEXT('2D SPACE',''
  ) );
#4278 = PCURVE('',#4279,#4284);
#4279 = PLANE('',#4280);
#4280 = AXIS2_PLACEMENT_3D('',#4281,#4282,#4283);
#4281 = CARTESIAN_POINT('',(4.,-26.,12.));
#4282 = DIRECTION('',(0.,0.,1.));
#4283 = DIRECTION('',(1.,0.,-0.));
#4284 = DEFINITIONAL_REPRESENTATION('',(#4285),#4289);
#4285 = CIRCLE('',#4286,3.1);
#4286 = AXIS2_PLACEMENT_2D('',#4287,#4288);
#4287 = CARTESIAN_POINT('',(0.,0.));
#4288 = DIRECTION('',(1.,0.));
#4289 = ( GEOMETRIC_REPRESENTATION_CONTEXT(2) 
PARAMETRIC_REPRESENTATION_CONTEXT() REPRESENTATION_CONTEXT('2D SPACE',''
  ) );
#4290 = ORIENTED_EDGE('',*,*,#4241,.T.);
#4291 = ADVANCED_FACE('',(#4292),#3841,.F.);
#4292 = FACE_BOUND('',#4293,.F.);
#4293 = EDGE_LOOP('',(#4294,#4295,#4318,#4345));
#4294 = ORIENTED_EDGE('',*,*,#3824,.F.);
#4295 = ORIENTED_EDGE('',*,*,#4296,.F.);
#4296 = EDGE_CURVE('',#4297,#3825,#4299,.T.);
#4297 = VERTEX_POINT('',#4298);
#4298 = CARTESIAN_POINT('',(7.1,26.,12.));
#4299 = SEAM_CURVE('',#4300,(#4304,#4311),.PCURVE_S1.);
#4300 = LINE('',#4301,#4302);
#4301 = CARTESIAN_POINT('',(7.1,26.,12.));
#4302 = VECTOR('',#4303,1.);
#4303 = DIRECTION('',(0.,0.,1.));
#4304 = PCURVE('',#3841,#4305);
#4305 = DEFINITIONAL_REPRESENTATION('',(#4306),#4310);
#4306 = LINE('',#4307,#4308);
#4307 = CARTESIAN_POINT('',(6.28318530718,-0.));
#4308 = VECTOR('',#4309,1.);
#4309 = DIRECTION('',(0.,1.));
#4310 = ( GEOMETRIC_REPRESENTATION_CONTEXT(2) 
PARAMETRIC_REPRESENTATION_CONTEXT() REPRESENTATION_CONTEXT('2D SPACE',''
  ) );
#4311 = PCURVE('',#3841,#4312);
#4312 = DEFINITIONAL_REPRESENTATION('',(#4313),#4317);
#4313 = LINE('',#4314,#4315);
#4314 = CARTESIAN_POINT('',(0.,-0.));
#4315 = VECTOR('',#4316,1.);
#4316 = DIRECTION('',(0.,1.));
#4317 = ( GEOMETRIC_REPRESENTATION_CONTEXT(2) 
PARAMETRIC_REPRESENTATION_CONTEXT() REPRESENTATION_CONTEXT('2D SPACE',''
  ) );
#4318 = ORIENTED_EDGE('',*,*,#4319,.T.);
#4319 = EDGE_CURVE('',#4297,#4297,#4320,.T.);
#4320 = SURFACE_CURVE('',#4321,(#4326,#4333),.PCURVE_S1.);
#4321 = CIRCLE('',#4322,3.1);
#4322 = AXIS2_PLACEMENT_3D('',#4323,#4324,#4325);
#4323 = CARTESIAN_POINT('',(4.,26.,12.));
#4324 = DIRECTION('',(0.,0.,1.));
#4325 = DIRECTION('',(1.,0.,-0.));
#4326 = PCURVE('',#3841,#4327);
#4327 = DEFINITIONAL_REPRESENTATION('',(#4328),#4332);
#4328 = LINE('',#4329,#4330);
#4329 = CARTESIAN_POINT('',(0.,0.));
#4330 = VECTOR('',#4331,1.);
#4331 = DIRECTION('',(1.,0.));
#4332 = ( GEOMETRIC_REPRESENTATION_CONTEXT(2) 
PARAMETRIC_REPRESENTATION_CONTEXT() REPRESENTATION_CONTEXT('2D SPACE',''
  ) );
#4333 = PCURVE('',#4334,#4339);
#4334 = PLANE('',#4335);
#4335 = AXIS2_PLACEMENT_3D('',#4336,#4337,#4338);
#4336 = CARTESIAN_POINT('',(4.,26.,12.));
#4337 = DIRECTION('',(0.,0.,1.));
#4338 = DIRECTION('',(1.,0.,-0.));
#4339 = DEFINITIONAL_REPRESENTATION('',(#4340),#4344);
#4340 = CIRCLE('',#4341,3.1);
#4341 = AXIS2_PLACEMENT_2D('',#4342,#4343);
#4342 = CARTESIAN_POINT('',(0.,0.));
#4343 = DIRECTION('',(1.,0.));
#4344 = ( GEOMETRIC_REPRESENTATION_CONTEXT(2) 
PARAMETRIC_REPRESENTATION_CONTEXT() REPRESENTATION_CONTEXT('2D SPACE',''
  ) );
#4345 = ORIENTED_EDGE('',*,*,#4296,.T.);
#4346 = ADVANCED_FACE('',(#4347),#3968,.F.);
#4347 = FACE_BOUND('',#4348,.F.);
#4348 = EDGE_LOOP('',(#4349,#4373,#4394,#4395));
#4349 = ORIENTED_EDGE('',*,*,#4350,.F.);
#4350 = EDGE_CURVE('',#4351,#4351,#4353,.T.);
#4351 = VERTEX_POINT('',#4352);
#4352 = CARTESIAN_POINT('',(5.7,26.,12.));
#4353 = SURFACE_CURVE('',#4354,(#4359,#4366),.PCURVE_S1.);
#4354 = CIRCLE('',#4355,1.7);
#4355 = AXIS2_PLACEMENT_3D('',#4356,#4357,#4358);
#4356 = CARTESIAN_POINT('',(4.,26.,12.));
#4357 = DIRECTION('',(0.,0.,1.));
#4358 = DIRECTION('',(1.,0.,-0.));
#4359 = PCURVE('',#3968,#4360);
#4360 = DEFINITIONAL_REPRESENTATION('',(#4361),#4365);
#4361 = LINE('',#4362,#4363);
#4362 = CARTESIAN_POINT('',(0.,12.));
#4363 = VECTOR('',#4364,1.);
#4364 = DIRECTION('',(1.,0.));
#4365 = ( GEOMETRIC_REPRESENTATION_CONTEXT(2) 
PARAMETRIC_REPRESENTATION_CONTEXT() REPRESENTATION_CONTEXT('2D SPACE',''
  ) );
#4366 = PCURVE('',#4334,#4367);
#4367 = DEFINITIONAL_REPRESENTATION('',(#4368),#4372);
#4368 = CIRCLE('',#4369,1.7);
#4369 = AXIS2_PLACEMENT_2D('',#4370,#4371);
#4370 = CARTESIAN_POINT('',(0.,0.));
#4371 = DIRECTION('',(1.,0.));
#4372 = ( GEOMETRIC_REPRESENTATION_CONTEXT(2) 
PARAMETRIC_REPRESENTATION_CONTEXT() REPRESENTATION_CONTEXT('2D SPACE',''
  ) );
#4373 = ORIENTED_EDGE('',*,*,#4374,.F.);
#4374 = EDGE_CURVE('',#3952,#4351,#4375,.T.);
#4375 = SEAM_CURVE('',#4376,(#4380,#4387),.PCURVE_S1.);
#4376 = LINE('',#4377,#4378);
#4377 = CARTESIAN_POINT('',(5.7,26.,0.));
#4378 = VECTOR('',#4379,1.);
#4379 = DIRECTION('',(0.,0.,1.));
#4380 = PCURVE('',#3968,#4381);
#4381 = DEFINITIONAL_REPRESENTATION('',(#4382),#4386);
#4382 = LINE('',#4383,#4384);
#4383 = CARTESIAN_POINT('',(6.28318530718,-0.));
#4384 = VECTOR('',#4385,1.);
#4385 = DIRECTION('',(0.,1.));
#4386 = ( GEOMETRIC_REPRESENTATION_CONTEXT(2) 
PARAMETRIC_REPRESENTATION_CONTEXT() REPRESENTATION_CONTEXT('2D SPACE',''
  ) );
#4387 = PCURVE('',#3968,#4388);
#4388 = DEFINITIONAL_REPRESENTATION('',(#4389),#4393);
#4389 = LINE('',#4390,#4391);
#4390 = CARTESIAN_POINT('',(0.,-0.));
#4391 = VECTOR('',#4392,1.);
#4392 = DIRECTION('',(0.,1.));
#4393 = ( GEOMETRIC_REPRESENTATION_CONTEXT(2) 
PARAMETRIC_REPRESENTATION_CONTEXT() REPRESENTATION_CONTEXT('2D SPACE',''
  ) );
#4394 = ORIENTED_EDGE('',*,*,#3951,.T.);
#4395 = ORIENTED_EDGE('',*,*,#4374,.T.);
#4396 = ADVANCED_FACE('',(#4397),#4187,.F.);
#4397 = FACE_BOUND('',#4398,.F.);
#4398 = EDGE_LOOP('',(#4399,#4423,#4444,#4445));
#4399 = ORIENTED_EDGE('',*,*,#4400,.F.);
#4400 = EDGE_CURVE('',#4401,#4401,#4403,.T.);
#4401 = VERTEX_POINT('',#4402);
#4402 = CARTESIAN_POINT('',(5.7,-26.,12.));
#4403 = SURFACE_CURVE('',#4404,(#4409,#4416),.PCURVE_S1.);
#4404 = CIRCLE('',#4405,1.7);
#4405 = AXIS2_PLACEMENT_3D('',#4406,#4407,#4408);
#4406 = CARTESIAN_POINT('',(4.,-26.,12.));
#4407 = DIRECTION('',(0.,0.,1.));
#4408 = DIRECTION('',(1.,0.,-0.));
#4409 = PCURVE('',#4187,#4410);
#4410 = DEFINITIONAL_REPRESENTATION('',(#4411),#4415);
#4411 = LINE('',#4412,#4413);
#4412 = CARTESIAN_POINT('',(0.,12.));
#4413 = VECTOR('',#4414,1.);
#4414 = DIRECTION('',(1.,0.));
#4415 = ( GEOMETRIC_REPRESENTATION_CONTEXT(2) 
PARAMETRIC_REPRESENTATION_CONTEXT() REPRESENTATION_CONTEXT('2D SPACE',''
  ) );
#4416 = PCURVE('',#4279,#4417);
#4417 = DEFINITIONAL_REPRESENTATION('',(#4418),#4422);
#4418 = CIRCLE('',#4419,1.7);
#4419 = AXIS2_PLACEMENT_2D('',#4420,#4421);
#4420 = CARTESIAN_POINT('',(0.,0.));
#4421 = DIRECTION('',(1.,0.));
#4422 = ( GEOMETRIC_REPRESENTATION_CONTEXT(2) 
PARAMETRIC_REPRESENTATION_CONTEXT() REPRESENTATION_CONTEXT('2D SPACE',''
  ) );
#4423 = ORIENTED_EDGE('',*,*,#4424,.F.);
#4424 = EDGE_CURVE('',#4171,#4401,#4425,.T.);
#4425 = SEAM_CURVE('',#4426,(#4430,#4437),.PCURVE_S1.);
#4426 = LINE('',#4427,#4428);
#4427 = CARTESIAN_POINT('',(5.7,-26.,0.));
#4428 = VECTOR('',#4429,1.);
#4429 = DIRECTION('',(0.,0.,1.));
#4430 = PCURVE('',#4187,#4431);
#4431 = DEFINITIONAL_REPRESENTATION('',(#4432),#4436);
#4432 = LINE('',#4433,#4434);
#4433 = CARTESIAN_POINT('',(6.28318530718,-0.));
#4434 = VECTOR('',#4435,1.);
#4435 = DIRECTION('',(0.,1.));
#4436 = ( GEOMETRIC_REPRESENTATION_CONTEXT(2) 
PARAMETRIC_REPRESENTATION_CONTEXT() REPRESENTATION_CONTEXT('2D SPACE',''
  ) );
#4437 = PCURVE('',#4187,#4438);
#4438 = DEFINITIONAL_REPRESENTATION('',(#4439),#4443);
#4439 = LINE('',#4440,#4441);
#4440 = CARTESIAN_POINT('',(0.,-0.));
#4441 = VECTOR('',#4442,1.);
#4442 = DIRECTION('',(0.,1.));
#4443 = ( GEOMETRIC_REPRESENTATION_CONTEXT(2) 
PARAMETRIC_REPRESENTATION_CONTEXT() REPRESENTATION_CONTEXT('2D SPACE',''
  ) );
#4444 = ORIENTED_EDGE('',*,*,#4170,.T.);
#4445 = ORIENTED_EDGE('',*,*,#4424,.T.);
#4446 = ADVANCED_FACE('',(#4447,#4450),#4279,.T.);
#4447 = FACE_BOUND('',#4448,.T.);
#4448 = EDGE_LOOP('',(#4449));
#4449 = ORIENTED_EDGE('',*,*,#4264,.T.);
#4450 = FACE_BOUND('',#4451,.T.);
#4451 = EDGE_LOOP('',(#4452));
#4452 = ORIENTED_EDGE('',*,*,#4400,.F.);
#4453 = ADVANCED_FACE('',(#4454,#4457),#4334,.T.);
#4454 = FACE_BOUND('',#4455,.T.);
#4455 = EDGE_LOOP('',(#4456));
#4456 = ORIENTED_EDGE('',*,*,#4319,.T.);
#4457 = FACE_BOUND('',#4458,.T.);
#4458 = EDGE_LOOP('',(#4459));
#4459 = ORIENTED_EDGE('',*,*,#4350,.F.);
#4460 = ( GEOMETRIC_REPRESENTATION_CONTEXT(3) 
GLOBAL_UNCERTAINTY_ASSIGNED_CONTEXT((#4464)) 
GLOBAL_UNIT_ASSIGNED_CONTEXT((#4461,#4462,#4463)) REPRESENTATION_CONTEXT
('Context #1','3D Context with UNIT and UNCERTAINTY') );
#4461 = ( LENGTH_UNIT() NAMED_UNIT(*) SI_UNIT(.MILLI.,.METRE.) );
#4462 = ( NAMED_UNIT(*) PLANE_ANGLE_UNIT() SI_UNIT($,.RADIAN.) );
#4463 = ( NAMED_UNIT(*) SI_UNIT($,.STERADIAN.) SOLID_ANGLE_UNIT() );
#4464 = UNCERTAINTY_MEASURE_WITH_UNIT(LENGTH_MEASURE(1.E-07),#4461,
  'distance_accuracy_value','confusion accuracy');
#4465 = CONTEXT_DEPENDENT_SHAPE_REPRESENTATION(#4466,#4468);
#4466 = ( REPRESENTATION_RELATIONSHIP('','',#3485,#10) 
REPRESENTATION_RELATIONSHIP_WITH_TRANSFORMATION(#4467) 
SHAPE_REPRESENTATION_RELATIONSHIP() );
#4467 = ITEM_DEFINED_TRANSFORMATION('','',#11,#19);
#4468 = PRODUCT_DEFINITION_SHAPE('Placement','Placement of an item',
  #4469);
#4469 = NEXT_ASSEMBLY_USAGE_OCCURRENCE('2','rear_stop','',#5,#3480,$);
#4470 = PRODUCT_RELATED_PRODUCT_CATEGORY('part',$,(#3482));
#4471 = SHAPE_DEFINITION_REPRESENTATION(#4472,#4478);
#4472 = PRODUCT_DEFINITION_SHAPE('','',#4473);
#4473 = PRODUCT_DEFINITION('design','',#4474,#4477);
#4474 = PRODUCT_DEFINITION_FORMATION('','',#4475);
#4475 = PRODUCT('front_stop','front_stop','',(#4476));
#4476 = PRODUCT_CONTEXT('',#2,'mechanical');
#4477 = PRODUCT_DEFINITION_CONTEXT('part definition',#2,'design');
#4478 = ADVANCED_BREP_SHAPE_REPRESENTATION('',(#11,#4479),#5469);
#4479 = MANIFOLD_SOLID_BREP('',#4480);
#4480 = CLOSED_SHELL('',(#4481,#4713,#4851,#4900,#4980,#5029,#5078,#5127
    ,#5207,#5234,#5245,#5300,#5355,#5405,#5455,#5462));
#4481 = ADVANCED_FACE('',(#4482),#4496,.F.);
#4482 = FACE_BOUND('',#4483,.F.);
#4483 = EDGE_LOOP('',(#4484,#4519,#4547,#4575,#4603,#4631,#4659,#4687));
#4484 = ORIENTED_EDGE('',*,*,#4485,.F.);
#4485 = EDGE_CURVE('',#4486,#4488,#4490,.T.);
#4486 = VERTEX_POINT('',#4487);
#4487 = CARTESIAN_POINT('',(192.,-30.,15.));
#4488 = VERTEX_POINT('',#4489);
#4489 = CARTESIAN_POINT('',(192.,30.,15.));
#4490 = SURFACE_CURVE('',#4491,(#4495,#4507),.PCURVE_S1.);
#4491 = LINE('',#4492,#4493);
#4492 = CARTESIAN_POINT('',(192.,-30.,15.));
#4493 = VECTOR('',#4494,1.);
#4494 = DIRECTION('',(0.,1.,0.));
#4495 = PCURVE('',#4496,#4501);
#4496 = PLANE('',#4497);
#4497 = AXIS2_PLACEMENT_3D('',#4498,#4499,#4500);
#4498 = CARTESIAN_POINT('',(192.,-30.,4.));
#4499 = DIRECTION('',(1.,0.,0.));
#4500 = DIRECTION('',(0.,0.,1.));
#4501 = DEFINITIONAL_REPRESENTATION('',(#4502),#4506);
#4502 = LINE('',#4503,#4504);
#4503 = CARTESIAN_POINT('',(11.,0.));
#4504 = VECTOR('',#4505,1.);
#4505 = DIRECTION('',(0.,-1.));
#4506 = ( GEOMETRIC_REPRESENTATION_CONTEXT(2) 
PARAMETRIC_REPRESENTATION_CONTEXT() REPRESENTATION_CONTEXT('2D SPACE',''
  ) );
#4507 = PCURVE('',#4508,#4513);
#4508 = PLANE('',#4509);
#4509 = AXIS2_PLACEMENT_3D('',#4510,#4511,#4512);
#4510 = CARTESIAN_POINT('',(192.,-30.,15.));
#4511 = DIRECTION('',(0.,0.,1.));
#4512 = DIRECTION('',(1.,0.,0.));
#4513 = DEFINITIONAL_REPRESENTATION('',(#4514),#4518);
#4514 = LINE('',#4515,#4516);
#4515 = CARTESIAN_POINT('',(0.,0.));
#4516 = VECTOR('',#4517,1.);
#4517 = DIRECTION('',(0.,1.));
#4518 = ( GEOMETRIC_REPRESENTATION_CONTEXT(2) 
PARAMETRIC_REPRESENTATION_CONTEXT() REPRESENTATION_CONTEXT('2D SPACE',''
  ) );
#4519 = ORIENTED_EDGE('',*,*,#4520,.F.);
#4520 = EDGE_CURVE('',#4521,#4486,#4523,.T.);
#4521 = VERTEX_POINT('',#4522);
#4522 = CARTESIAN_POINT('',(192.,-30.,4.));
#4523 = SURFACE_CURVE('',#4524,(#4528,#4535),.PCURVE_S1.);
#4524 = LINE('',#4525,#4526);
#4525 = CARTESIAN_POINT('',(192.,-30.,4.));
#4526 = VECTOR('',#4527,1.);
#4527 = DIRECTION('',(0.,0.,1.));
#4528 = PCURVE('',#4496,#4529);
#4529 = DEFINITIONAL_REPRESENTATION('',(#4530),#4534);
#4530 = LINE('',#4531,#4532);
#4531 = CARTESIAN_POINT('',(0.,0.));
#4532 = VECTOR('',#4533,1.);
#4533 = DIRECTION('',(1.,0.));
#4534 = ( GEOMETRIC_REPRESENTATION_CONTEXT(2) 
PARAMETRIC_REPRESENTATION_CONTEXT() REPRESENTATION_CONTEXT('2D SPACE',''
  ) );
#4535 = PCURVE('',#4536,#4541);
#4536 = PLANE('',#4537);
#4537 = AXIS2_PLACEMENT_3D('',#4538,#4539,#4540);
#4538 = CARTESIAN_POINT('',(192.,-30.,4.));
#4539 = DIRECTION('',(0.,1.,0.));
#4540 = DIRECTION('',(0.,0.,1.));
#4541 = DEFINITIONAL_REPRESENTATION('',(#4542),#4546);
#4542 = LINE('',#4543,#4544);
#4543 = CARTESIAN_POINT('',(0.,0.));
#4544 = VECTOR('',#4545,1.);
#4545 = DIRECTION('',(1.,0.));
#4546 = ( GEOMETRIC_REPRESENTATION_CONTEXT(2) 
PARAMETRIC_REPRESENTATION_CONTEXT() REPRESENTATION_CONTEXT('2D SPACE',''
  ) );
#4547 = ORIENTED_EDGE('',*,*,#4548,.T.);
#4548 = EDGE_CURVE('',#4521,#4549,#4551,.T.);
#4549 = VERTEX_POINT('',#4550);
#4550 = CARTESIAN_POINT('',(192.,-12.42426406871,4.));
#4551 = SURFACE_CURVE('',#4552,(#4556,#4563),.PCURVE_S1.);
#4552 = LINE('',#4553,#4554);
#4553 = CARTESIAN_POINT('',(192.,-30.,4.));
#4554 = VECTOR('',#4555,1.);
#4555 = DIRECTION('',(0.,1.,0.));
#4556 = PCURVE('',#4496,#4557);
#4557 = DEFINITIONAL_REPRESENTATION('',(#4558),#4562);
#4558 = LINE('',#4559,#4560);
#4559 = CARTESIAN_POINT('',(0.,0.));
#4560 = VECTOR('',#4561,1.);
#4561 = DIRECTION('',(0.,-1.));
#4562 = ( GEOMETRIC_REPRESENTATION_CONTEXT(2) 
PARAMETRIC_REPRESENTATION_CONTEXT() REPRESENTATION_CONTEXT('2D SPACE',''
  ) );
#4563 = PCURVE('',#4564,#4569);
#4564 = PLANE('',#4565);
#4565 = AXIS2_PLACEMENT_3D('',#4566,#4567,#4568);
#4566 = CARTESIAN_POINT('',(192.,-30.,4.));
#4567 = DIRECTION('',(0.,0.,1.));
#4568 = DIRECTION('',(1.,0.,0.));
#4569 = DEFINITIONAL_REPRESENTATION('',(#4570),#4574);
#4570 = LINE('',#4571,#4572);
#4571 = CARTESIAN_POINT('',(0.,0.));
#4572 = VECTOR('',#4573,1.);
#4573 = DIRECTION('',(0.,1.));
#4574 = ( GEOMETRIC_REPRESENTATION_CONTEXT(2) 
PARAMETRIC_REPRESENTATION_CONTEXT() REPRESENTATION_CONTEXT('2D SPACE',''
  ) );
#4575 = ORIENTED_EDGE('',*,*,#4576,.T.);
#4576 = EDGE_CURVE('',#4549,#4577,#4579,.T.);
#4577 = VERTEX_POINT('',#4578);
#4578 = CARTESIAN_POINT('',(192.,-20.72426406871,12.3));
#4579 = SURFACE_CURVE('',#4580,(#4584,#4591),.PCURVE_S1.);
#4580 = LINE('',#4581,#4582);
#4581 = CARTESIAN_POINT('',(192.,-20.96819805153,12.543933982822));
#4582 = VECTOR('',#4583,1.);
#4583 = DIRECTION('',(0.,-0.707106781187,0.707106781187));
#4584 = PCURVE('',#4496,#4585);
#4585 = DEFINITIONAL_REPRESENTATION('',(#4586),#4590);
#4586 = LINE('',#4587,#4588);
#4587 = CARTESIAN_POINT('',(8.543933982822,-9.031801948466));
#4588 = VECTOR('',#4589,1.);
#4589 = DIRECTION('',(0.707106781187,0.707106781187));
#4590 = ( GEOMETRIC_REPRESENTATION_CONTEXT(2) 
PARAMETRIC_REPRESENTATION_CONTEXT() REPRESENTATION_CONTEXT('2D SPACE',''
  ) );
#4591 = PCURVE('',#4592,#4597);
#4592 = PLANE('',#4593);
#4593 = AXIS2_PLACEMENT_3D('',#4594,#4595,#4596);
#4594 = CARTESIAN_POINT('',(191.,-20.72426406871,12.3));
#4595 = DIRECTION('',(-0.,0.707106781187,0.707106781187));
#4596 = DIRECTION('',(0.,0.707106781187,-0.707106781187));
#4597 = DEFINITIONAL_REPRESENTATION('',(#4598),#4602);
#4598 = LINE('',#4599,#4600);
#4599 = CARTESIAN_POINT('',(-0.344974746831,-1.));
#4600 = VECTOR('',#4601,1.);
#4601 = DIRECTION('',(-1.,-0.));
#4602 = ( GEOMETRIC_REPRESENTATION_CONTEXT(2) 
PARAMETRIC_REPRESENTATION_CONTEXT() REPRESENTATION_CONTEXT('2D SPACE',''
  ) );
#4603 = ORIENTED_EDGE('',*,*,#4604,.T.);
#4604 = EDGE_CURVE('',#4577,#4605,#4607,.T.);
#4605 = VERTEX_POINT('',#4606);
#4606 = CARTESIAN_POINT('',(192.,20.724264068712,12.3));
#4607 = SURFACE_CURVE('',#4608,(#4612,#4619),.PCURVE_S1.);
#4608 = LINE('',#4609,#4610);
#4609 = CARTESIAN_POINT('',(192.,-4.637867965644,12.3));
#4610 = VECTOR('',#4611,1.);
#4611 = DIRECTION('',(-0.,1.,0.));
#4612 = PCURVE('',#4496,#4613);
#4613 = DEFINITIONAL_REPRESENTATION('',(#4614),#4618);
#4614 = LINE('',#4615,#4616);
#4615 = CARTESIAN_POINT('',(8.3,-25.36213203435));
#4616 = VECTOR('',#4617,1.);
#4617 = DIRECTION('',(0.,-1.));
#4618 = ( GEOMETRIC_REPRESENTATION_CONTEXT(2) 
PARAMETRIC_REPRESENTATION_CONTEXT() REPRESENTATION_CONTEXT('2D SPACE',''
  ) );
#4619 = PCURVE('',#4620,#4625);
#4620 = PLANE('',#4621);
#4621 = AXIS2_PLACEMENT_3D('',#4622,#4623,#4624);
#4622 = CARTESIAN_POINT('',(191.,20.724264068712,12.3));
#4623 = DIRECTION('',(0.,0.,-1.));
#4624 = DIRECTION('',(0.,-1.,0.));
#4625 = DEFINITIONAL_REPRESENTATION('',(#4626),#4630);
#4626 = LINE('',#4627,#4628);
#4627 = CARTESIAN_POINT('',(25.362132034356,-1.));
#4628 = VECTOR('',#4629,1.);
#4629 = DIRECTION('',(-1.,0.));
#4630 = ( GEOMETRIC_REPRESENTATION_CONTEXT(2) 
PARAMETRIC_REPRESENTATION_CONTEXT() REPRESENTATION_CONTEXT('2D SPACE',''
  ) );
#4631 = ORIENTED_EDGE('',*,*,#4632,.T.);
#4632 = EDGE_CURVE('',#4605,#4633,#4635,.T.);
#4633 = VERTEX_POINT('',#4634);
#4634 = CARTESIAN_POINT('',(192.,12.424264068712,4.));
#4635 = SURFACE_CURVE('',#4636,(#4640,#4647),.PCURVE_S1.);
#4636 = LINE('',#4637,#4638);
#4637 = CARTESIAN_POINT('',(192.,0.818198051534,-7.606066017178));
#4638 = VECTOR('',#4639,1.);
#4639 = DIRECTION('',(0.,-0.707106781187,-0.707106781187));
#4640 = PCURVE('',#4496,#4641);
#4641 = DEFINITIONAL_REPRESENTATION('',(#4642),#4646);
#4642 = LINE('',#4643,#4644);
#4643 = CARTESIAN_POINT('',(-11.60606601717,-30.81819805153));
#4644 = VECTOR('',#4645,1.);
#4645 = DIRECTION('',(-0.707106781187,0.707106781187));
#4646 = ( GEOMETRIC_REPRESENTATION_CONTEXT(2) 
PARAMETRIC_REPRESENTATION_CONTEXT() REPRESENTATION_CONTEXT('2D SPACE',''
  ) );
#4647 = PCURVE('',#4648,#4653);
#4648 = PLANE('',#4649);
#4649 = AXIS2_PLACEMENT_3D('',#4650,#4651,#4652);
#4650 = CARTESIAN_POINT('',(191.,10.424264068712,2.));
#4651 = DIRECTION('',(0.,-0.707106781187,0.707106781187));
#4652 = DIRECTION('',(0.,0.707106781187,0.707106781187));
#4653 = DEFINITIONAL_REPRESENTATION('',(#4654),#4658);
#4654 = LINE('',#4655,#4656);
#4655 = CARTESIAN_POINT('',(-13.58502884254,-1.));
#4656 = VECTOR('',#4657,1.);
#4657 = DIRECTION('',(-1.,-0.));
#4658 = ( GEOMETRIC_REPRESENTATION_CONTEXT(2) 
PARAMETRIC_REPRESENTATION_CONTEXT() REPRESENTATION_CONTEXT('2D SPACE',''
  ) );
#4659 = ORIENTED_EDGE('',*,*,#4660,.T.);
#4660 = EDGE_CURVE('',#4633,#4661,#4663,.T.);
#4661 = VERTEX_POINT('',#4662);
#4662 = CARTESIAN_POINT('',(192.,30.,4.));
#4663 = SURFACE_CURVE('',#4664,(#4668,#4675),.PCURVE_S1.);
#4664 = LINE('',#4665,#4666);
#4665 = CARTESIAN_POINT('',(192.,-30.,4.));
#4666 = VECTOR('',#4667,1.);
#4667 = DIRECTION('',(0.,1.,0.));
#4668 = PCURVE('',#4496,#4669);
#4669 = DEFINITIONAL_REPRESENTATION('',(#4670),#4674);
#4670 = LINE('',#4671,#4672);
#4671 = CARTESIAN_POINT('',(0.,0.));
#4672 = VECTOR('',#4673,1.);
#4673 = DIRECTION('',(0.,-1.));
#4674 = ( GEOMETRIC_REPRESENTATION_CONTEXT(2) 
PARAMETRIC_REPRESENTATION_CONTEXT() REPRESENTATION_CONTEXT('2D SPACE',''
  ) );
#4675 = PCURVE('',#4676,#4681);
#4676 = PLANE('',#4677);
#4677 = AXIS2_PLACEMENT_3D('',#4678,#4679,#4680);
#4678 = CARTESIAN_POINT('',(192.,-30.,4.));
#4679 = DIRECTION('',(0.,0.,1.));
#4680 = DIRECTION('',(1.,0.,0.));
#4681 = DEFINITIONAL_REPRESENTATION('',(#4682),#4686);
#4682 = LINE('',#4683,#4684);
#4683 = CARTESIAN_POINT('',(0.,0.));
#4684 = VECTOR('',#4685,1.);
#4685 = DIRECTION('',(0.,1.));
#4686 = ( GEOMETRIC_REPRESENTATION_CONTEXT(2) 
PARAMETRIC_REPRESENTATION_CONTEXT() REPRESENTATION_CONTEXT('2D SPACE',''
  ) );
#4687 = ORIENTED_EDGE('',*,*,#4688,.T.);
#4688 = EDGE_CURVE('',#4661,#4488,#4689,.T.);
#4689 = SURFACE_CURVE('',#4690,(#4694,#4701),.PCURVE_S1.);
#4690 = LINE('',#4691,#4692);
#4691 = CARTESIAN_POINT('',(192.,30.,4.));
#4692 = VECTOR('',#4693,1.);
#4693 = DIRECTION('',(0.,0.,1.));
#4694 = PCURVE('',#4496,#4695);
#4695 = DEFINITIONAL_REPRESENTATION('',(#4696),#4700);
#4696 = LINE('',#4697,#4698);
#4697 = CARTESIAN_POINT('',(0.,-60.));
#4698 = VECTOR('',#4699,1.);
#4699 = DIRECTION('',(1.,0.));
#4700 = ( GEOMETRIC_REPRESENTATION_CONTEXT(2) 
PARAMETRIC_REPRESENTATION_CONTEXT() REPRESENTATION_CONTEXT('2D SPACE',''
  ) );
#4701 = PCURVE('',#4702,#4707);
#4702 = PLANE('',#4703);
#4703 = AXIS2_PLACEMENT_3D('',#4704,#4705,#4706);
#4704 = CARTESIAN_POINT('',(192.,30.,4.));
#4705 = DIRECTION('',(0.,1.,0.));
#4706 = DIRECTION('',(0.,0.,1.));
#4707 = DEFINITIONAL_REPRESENTATION('',(#4708),#4712);
#4708 = LINE('',#4709,#4710);
#4709 = CARTESIAN_POINT('',(0.,0.));
#4710 = VECTOR('',#4711,1.);
#4711 = DIRECTION('',(1.,0.));
#4712 = ( GEOMETRIC_REPRESENTATION_CONTEXT(2) 
PARAMETRIC_REPRESENTATION_CONTEXT() REPRESENTATION_CONTEXT('2D SPACE',''
  ) );
#4713 = ADVANCED_FACE('',(#4714,#4789,#4820),#4508,.T.);
#4714 = FACE_BOUND('',#4715,.T.);
#4715 = EDGE_LOOP('',(#4716,#4717,#4740,#4768));
#4716 = ORIENTED_EDGE('',*,*,#4485,.F.);
#4717 = ORIENTED_EDGE('',*,*,#4718,.T.);
#4718 = EDGE_CURVE('',#4486,#4719,#4721,.T.);
#4719 = VERTEX_POINT('',#4720);
#4720 = CARTESIAN_POINT('',(200.,-30.,15.));
#4721 = SURFACE_CURVE('',#4722,(#4726,#4733),.PCURVE_S1.);
#4722 = LINE('',#4723,#4724);
#4723 = CARTESIAN_POINT('',(192.,-30.,15.));
#4724 = VECTOR('',#4725,1.);
#4725 = DIRECTION('',(1.,0.,0.));
#4726 = PCURVE('',#4508,#4727);
#4727 = DEFINITIONAL_REPRESENTATION('',(#4728),#4732);
#4728 = LINE('',#4729,#4730);
#4729 = CARTESIAN_POINT('',(0.,0.));
#4730 = VECTOR('',#4731,1.);
#4731 = DIRECTION('',(1.,0.));
#4732 = ( GEOMETRIC_REPRESENTATION_CONTEXT(2) 
PARAMETRIC_REPRESENTATION_CONTEXT() REPRESENTATION_CONTEXT('2D SPACE',''
  ) );
#4733 = PCURVE('',#4536,#4734);
#4734 = DEFINITIONAL_REPRESENTATION('',(#4735),#4739);
#4735 = LINE('',#4736,#4737);
#4736 = CARTESIAN_POINT('',(11.,0.));
#4737 = VECTOR('',#4738,1.);
#4738 = DIRECTION('',(0.,1.));
#4739 = ( GEOMETRIC_REPRESENTATION_CONTEXT(2) 
PARAMETRIC_REPRESENTATION_CONTEXT() REPRESENTATION_CONTEXT('2D SPACE',''
  ) );
#4740 = ORIENTED_EDGE('',*,*,#4741,.T.);
#4741 = EDGE_CURVE('',#4719,#4742,#4744,.T.);
#4742 = VERTEX_POINT('',#4743);
#4743 = CARTESIAN_POINT('',(200.,30.,15.));
#4744 = SURFACE_CURVE('',#4745,(#4749,#4756),.PCURVE_S1.);
#4745 = LINE('',#4746,#4747);
#4746 = CARTESIAN_POINT('',(200.,-30.,15.));
#4747 = VECTOR('',#4748,1.);
#4748 = DIRECTION('',(0.,1.,0.));
#4749 = PCURVE('',#4508,#4750);
#4750 = DEFINITIONAL_REPRESENTATION('',(#4751),#4755);
#4751 = LINE('',#4752,#4753);
#4752 = CARTESIAN_POINT('',(8.,0.));
#4753 = VECTOR('',#4754,1.);
#4754 = DIRECTION('',(0.,1.));
#4755 = ( GEOMETRIC_REPRESENTATION_CONTEXT(2) 
PARAMETRIC_REPRESENTATION_CONTEXT() REPRESENTATION_CONTEXT('2D SPACE',''
  ) );
#4756 = PCURVE('',#4757,#4762);
#4757 = PLANE('',#4758);
#4758 = AXIS2_PLACEMENT_3D('',#4759,#4760,#4761);
#4759 = CARTESIAN_POINT('',(200.,-30.,4.));
#4760 = DIRECTION('',(1.,0.,0.));
#4761 = DIRECTION('',(0.,0.,1.));
#4762 = DEFINITIONAL_REPRESENTATION('',(#4763),#4767);
#4763 = LINE('',#4764,#4765);
#4764 = CARTESIAN_POINT('',(11.,0.));
#4765 = VECTOR('',#4766,1.);
#4766 = DIRECTION('',(0.,-1.));
#4767 = ( GEOMETRIC_REPRESENTATION_CONTEXT(2) 
PARAMETRIC_REPRESENTATION_CONTEXT() REPRESENTATION_CONTEXT('2D SPACE',''
  ) );
#4768 = ORIENTED_EDGE('',*,*,#4769,.F.);
#4769 = EDGE_CURVE('',#4488,#4742,#4770,.T.);
#4770 = SURFACE_CURVE('',#4771,(#4775,#4782),.PCURVE_S1.);
#4771 = LINE('',#4772,#4773);
#4772 = CARTESIAN_POINT('',(192.,30.,15.));
#4773 = VECTOR('',#4774,1.);
#4774 = DIRECTION('',(1.,0.,0.));
#4775 = PCURVE('',#4508,#4776);
#4776 = DEFINITIONAL_REPRESENTATION('',(#4777),#4781);
#4777 = LINE('',#4778,#4779);
#4778 = CARTESIAN_POINT('',(0.,60.));
#4779 = VECTOR('',#4780,1.);
#4780 = DIRECTION('',(1.,0.));
#4781 = ( GEOMETRIC_REPRESENTATION_CONTEXT(2) 
PARAMETRIC_REPRESENTATION_CONTEXT() REPRESENTATION_CONTEXT('2D SPACE',''
  ) );
#4782 = PCURVE('',#4702,#4783);
#4783 = DEFINITIONAL_REPRESENTATION('',(#4784),#4788);
#4784 = LINE('',#4785,#4786);
#4785 = CARTESIAN_POINT('',(11.,0.));
#4786 = VECTOR('',#4787,1.);
#4787 = DIRECTION('',(0.,1.));
#4788 = ( GEOMETRIC_REPRESENTATION_CONTEXT(2) 
PARAMETRIC_REPRESENTATION_CONTEXT() REPRESENTATION_CONTEXT('2D SPACE',''
  ) );
#4789 = FACE_BOUND('',#4790,.T.);
#4790 = EDGE_LOOP('',(#4791));
#4791 = ORIENTED_EDGE('',*,*,#4792,.F.);
#4792 = EDGE_CURVE('',#4793,#4793,#4795,.T.);
#4793 = VERTEX_POINT('',#4794);
#4794 = CARTESIAN_POINT('',(199.1,-26.,15.));
#4795 = SURFACE_CURVE('',#4796,(#4801,#4808),.PCURVE_S1.);
#4796 = CIRCLE('',#4797,3.1);
#4797 = AXIS2_PLACEMENT_3D('',#4798,#4799,#4800);
#4798 = CARTESIAN_POINT('',(196.,-26.,15.));
#4799 = DIRECTION('',(0.,0.,1.));
#4800 = DIRECTION('',(1.,0.,-0.));
#4801 = PCURVE('',#4508,#4802);
#4802 = DEFINITIONAL_REPRESENTATION('',(#4803),#4807);
#4803 = CIRCLE('',#4804,3.1);
#4804 = AXIS2_PLACEMENT_2D('',#4805,#4806);
#4805 = CARTESIAN_POINT('',(4.,4.));
#4806 = DIRECTION('',(1.,0.));
#4807 = ( GEOMETRIC_REPRESENTATION_CONTEXT(2) 
PARAMETRIC_REPRESENTATION_CONTEXT() REPRESENTATION_CONTEXT('2D SPACE',''
  ) );
#4808 = PCURVE('',#4809,#4814);
#4809 = CYLINDRICAL_SURFACE('',#4810,3.1);
#4810 = AXIS2_PLACEMENT_3D('',#4811,#4812,#4813);
#4811 = CARTESIAN_POINT('',(196.,-26.,12.));
#4812 = DIRECTION('',(0.,0.,1.));
#4813 = DIRECTION('',(1.,0.,-0.));
#4814 = DEFINITIONAL_REPRESENTATION('',(#4815),#4819);
#4815 = LINE('',#4816,#4817);
#4816 = CARTESIAN_POINT('',(0.,3.));
#4817 = VECTOR('',#4818,1.);
#4818 = DIRECTION('',(1.,0.));
#4819 = ( GEOMETRIC_REPRESENTATION_CONTEXT(2) 
PARAMETRIC_REPRESENTATION_CONTEXT() REPRESENTATION_CONTEXT('2D SPACE',''
  ) );
#4820 = FACE_BOUND('',#4821,.T.);
#4821 = EDGE_LOOP('',(#4822));
#4822 = ORIENTED_EDGE('',*,*,#4823,.F.);
#4823 = EDGE_CURVE('',#4824,#4824,#4826,.T.);
#4824 = VERTEX_POINT('',#4825);
#4825 = CARTESIAN_POINT('',(199.1,26.,15.));
#4826 = SURFACE_CURVE('',#4827,(#4832,#4839),.PCURVE_S1.);
#4827 = CIRCLE('',#4828,3.1);
#4828 = AXIS2_PLACEMENT_3D('',#4829,#4830,#4831);
#4829 = CARTESIAN_POINT('',(196.,26.,15.));
#4830 = DIRECTION('',(0.,0.,1.));
#4831 = DIRECTION('',(1.,0.,-0.));
#4832 = PCURVE('',#4508,#4833);
#4833 = DEFINITIONAL_REPRESENTATION('',(#4834),#4838);
#4834 = CIRCLE('',#4835,3.1);
#4835 = AXIS2_PLACEMENT_2D('',#4836,#4837);
#4836 = CARTESIAN_POINT('',(4.,56.));
#4837 = DIRECTION('',(1.,0.));
#4838 = ( GEOMETRIC_REPRESENTATION_CONTEXT(2) 
PARAMETRIC_REPRESENTATION_CONTEXT() REPRESENTATION_CONTEXT('2D SPACE',''
  ) );
#4839 = PCURVE('',#4840,#4845);
#4840 = CYLINDRICAL_SURFACE('',#4841,3.1);
#4841 = AXIS2_PLACEMENT_3D('',#4842,#4843,#4844);
#4842 = CARTESIAN_POINT('',(196.,26.,12.));
#4843 = DIRECTION('',(0.,0.,1.));
#4844 = DIRECTION('',(1.,0.,-0.));
#4845 = DEFINITIONAL_REPRESENTATION('',(#4846),#4850);
#4846 = LINE('',#4847,#4848);
#4847 = CARTESIAN_POINT('',(0.,3.));
#4848 = VECTOR('',#4849,1.);
#4849 = DIRECTION('',(1.,0.));
#4850 = ( GEOMETRIC_REPRESENTATION_CONTEXT(2) 
PARAMETRIC_REPRESENTATION_CONTEXT() REPRESENTATION_CONTEXT('2D SPACE',''
  ) );
#4851 = ADVANCED_FACE('',(#4852),#4702,.T.);
#4852 = FACE_BOUND('',#4853,.T.);
#4853 = EDGE_LOOP('',(#4854,#4877,#4878,#4879));
#4854 = ORIENTED_EDGE('',*,*,#4855,.F.);
#4855 = EDGE_CURVE('',#4661,#4856,#4858,.T.);
#4856 = VERTEX_POINT('',#4857);
#4857 = CARTESIAN_POINT('',(200.,30.,4.));
#4858 = SURFACE_CURVE('',#4859,(#4863,#4870),.PCURVE_S1.);
#4859 = LINE('',#4860,#4861);
#4860 = CARTESIAN_POINT('',(192.,30.,4.));
#4861 = VECTOR('',#4862,1.);
#4862 = DIRECTION('',(1.,0.,0.));
#4863 = PCURVE('',#4702,#4864);
#4864 = DEFINITIONAL_REPRESENTATION('',(#4865),#4869);
#4865 = LINE('',#4866,#4867);
#4866 = CARTESIAN_POINT('',(0.,0.));
#4867 = VECTOR('',#4868,1.);
#4868 = DIRECTION('',(0.,1.));
#4869 = ( GEOMETRIC_REPRESENTATION_CONTEXT(2) 
PARAMETRIC_REPRESENTATION_CONTEXT() REPRESENTATION_CONTEXT('2D SPACE',''
  ) );
#4870 = PCURVE('',#4676,#4871);
#4871 = DEFINITIONAL_REPRESENTATION('',(#4872),#4876);
#4872 = LINE('',#4873,#4874);
#4873 = CARTESIAN_POINT('',(0.,60.));
#4874 = VECTOR('',#4875,1.);
#4875 = DIRECTION('',(1.,0.));
#4876 = ( GEOMETRIC_REPRESENTATION_CONTEXT(2) 
PARAMETRIC_REPRESENTATION_CONTEXT() REPRESENTATION_CONTEXT('2D SPACE',''
  ) );
#4877 = ORIENTED_EDGE('',*,*,#4688,.T.);
#4878 = ORIENTED_EDGE('',*,*,#4769,.T.);
#4879 = ORIENTED_EDGE('',*,*,#4880,.F.);
#4880 = EDGE_CURVE('',#4856,#4742,#4881,.T.);
#4881 = SURFACE_CURVE('',#4882,(#4886,#4893),.PCURVE_S1.);
#4882 = LINE('',#4883,#4884);
#4883 = CARTESIAN_POINT('',(200.,30.,4.));
#4884 = VECTOR('',#4885,1.);
#4885 = DIRECTION('',(0.,0.,1.));
#4886 = PCURVE('',#4702,#4887);
#4887 = DEFINITIONAL_REPRESENTATION('',(#4888),#4892);
#4888 = LINE('',#4889,#4890);
#4889 = CARTESIAN_POINT('',(0.,8.));
#4890 = VECTOR('',#4891,1.);
#4891 = DIRECTION('',(1.,0.));
#4892 = ( GEOMETRIC_REPRESENTATION_CONTEXT(2) 
PARAMETRIC_REPRESENTATION_CONTEXT() REPRESENTATION_CONTEXT('2D SPACE',''
  ) );
#4893 = PCURVE('',#4757,#4894);
#4894 = DEFINITIONAL_REPRESENTATION('',(#4895),#4899);
#4895 = LINE('',#4896,#4897);
#4896 = CARTESIAN_POINT('',(0.,-60.));
#4897 = VECTOR('',#4898,1.);
#4898 = DIRECTION('',(1.,0.));
#4899 = ( GEOMETRIC_REPRESENTATION_CONTEXT(2) 
PARAMETRIC_REPRESENTATION_CONTEXT() REPRESENTATION_CONTEXT('2D SPACE',''
  ) );
#4900 = ADVANCED_FACE('',(#4901,#4949),#4676,.F.);
#4901 = FACE_BOUND('',#4902,.F.);
#4902 = EDGE_LOOP('',(#4903,#4904,#4927,#4948));
#4903 = ORIENTED_EDGE('',*,*,#4660,.F.);
#4904 = ORIENTED_EDGE('',*,*,#4905,.T.);
#4905 = EDGE_CURVE('',#4633,#4906,#4908,.T.);
#4906 = VERTEX_POINT('',#4907);
#4907 = CARTESIAN_POINT('',(200.,12.424264068712,4.));
#4908 = SURFACE_CURVE('',#4909,(#4913,#4920),.PCURVE_S1.);
#4909 = LINE('',#4910,#4911);
#4910 = CARTESIAN_POINT('',(191.5,12.424264068712,4.));
#4911 = VECTOR('',#4912,1.);
#4912 = DIRECTION('',(1.,0.,-0.));
#4913 = PCURVE('',#4676,#4914);
#4914 = DEFINITIONAL_REPRESENTATION('',(#4915),#4919);
#4915 = LINE('',#4916,#4917);
#4916 = CARTESIAN_POINT('',(-0.5,42.424264068712));
#4917 = VECTOR('',#4918,1.);
#4918 = DIRECTION('',(1.,0.));
#4919 = ( GEOMETRIC_REPRESENTATION_CONTEXT(2) 
PARAMETRIC_REPRESENTATION_CONTEXT() REPRESENTATION_CONTEXT('2D SPACE',''
  ) );
#4920 = PCURVE('',#4648,#4921);
#4921 = DEFINITIONAL_REPRESENTATION('',(#4922),#4926);
#4922 = LINE('',#4923,#4924);
#4923 = CARTESIAN_POINT('',(2.828427124746,-0.5));
#4924 = VECTOR('',#4925,1.);
#4925 = DIRECTION('',(0.,-1.));
#4926 = ( GEOMETRIC_REPRESENTATION_CONTEXT(2) 
PARAMETRIC_REPRESENTATION_CONTEXT() REPRESENTATION_CONTEXT('2D SPACE',''
  ) );
#4927 = ORIENTED_EDGE('',*,*,#4928,.T.);
#4928 = EDGE_CURVE('',#4906,#4856,#4929,.T.);
#4929 = SURFACE_CURVE('',#4930,(#4934,#4941),.PCURVE_S1.);
#4930 = LINE('',#4931,#4932);
#4931 = CARTESIAN_POINT('',(200.,-30.,4.));
#4932 = VECTOR('',#4933,1.);
#4933 = DIRECTION('',(0.,1.,0.));
#4934 = PCURVE('',#4676,#4935);
#4935 = DEFINITIONAL_REPRESENTATION('',(#4936),#4940);
#4936 = LINE('',#4937,#4938);
#4937 = CARTESIAN_POINT('',(8.,0.));
#4938 = VECTOR('',#4939,1.);
#4939 = DIRECTION('',(0.,1.));
#4940 = ( GEOMETRIC_REPRESENTATION_CONTEXT(2) 
PARAMETRIC_REPRESENTATION_CONTEXT() REPRESENTATION_CONTEXT('2D SPACE',''
  ) );
#4941 = PCURVE('',#4757,#4942);
#4942 = DEFINITIONAL_REPRESENTATION('',(#4943),#4947);
#4943 = LINE('',#4944,#4945);
#4944 = CARTESIAN_POINT('',(0.,0.));
#4945 = VECTOR('',#4946,1.);
#4946 = DIRECTION('',(0.,-1.));
#4947 = ( GEOMETRIC_REPRESENTATION_CONTEXT(2) 
PARAMETRIC_REPRESENTATION_CONTEXT() REPRESENTATION_CONTEXT('2D SPACE',''
  ) );
#4948 = ORIENTED_EDGE('',*,*,#4855,.F.);
#4949 = FACE_BOUND('',#4950,.F.);
#4950 = EDGE_LOOP('',(#4951));
#4951 = ORIENTED_EDGE('',*,*,#4952,.F.);
#4952 = EDGE_CURVE('',#4953,#4953,#4955,.T.);
#4953 = VERTEX_POINT('',#4954);
#4954 = CARTESIAN_POINT('',(197.7,26.,4.));
#4955 = SURFACE_CURVE('',#4956,(#4961,#4968),.PCURVE_S1.);
#4956 = CIRCLE('',#4957,1.7);
#4957 = AXIS2_PLACEMENT_3D('',#4958,#4959,#4960);
#4958 = CARTESIAN_POINT('',(196.,26.,4.));
#4959 = DIRECTION('',(0.,0.,1.));
#4960 = DIRECTION('',(1.,0.,-0.));
#4961 = PCURVE('',#4676,#4962);
#4962 = DEFINITIONAL_REPRESENTATION('',(#4963),#4967);
#4963 = CIRCLE('',#4964,1.7);
#4964 = AXIS2_PLACEMENT_2D('',#4965,#4966);
#4965 = CARTESIAN_POINT('',(4.,56.));
#4966 = DIRECTION('',(1.,0.));
#4967 = ( GEOMETRIC_REPRESENTATION_CONTEXT(2) 
PARAMETRIC_REPRESENTATION_CONTEXT() REPRESENTATION_CONTEXT('2D SPACE',''
  ) );
#4968 = PCURVE('',#4969,#4974);
#4969 = CYLINDRICAL_SURFACE('',#4970,1.7);
#4970 = AXIS2_PLACEMENT_3D('',#4971,#4972,#4973);
#4971 = CARTESIAN_POINT('',(196.,26.,0.));
#4972 = DIRECTION('',(0.,0.,1.));
#4973 = DIRECTION('',(1.,0.,-0.));
#4974 = DEFINITIONAL_REPRESENTATION('',(#4975),#4979);
#4975 = LINE('',#4976,#4977);
#4976 = CARTESIAN_POINT('',(0.,4.));
#4977 = VECTOR('',#4978,1.);
#4978 = DIRECTION('',(1.,0.));
#4979 = ( GEOMETRIC_REPRESENTATION_CONTEXT(2) 
PARAMETRIC_REPRESENTATION_CONTEXT() REPRESENTATION_CONTEXT('2D SPACE',''
  ) );
#4980 = ADVANCED_FACE('',(#4981),#4648,.T.);
#4981 = FACE_BOUND('',#4982,.T.);
#4982 = EDGE_LOOP('',(#4983,#5006,#5007,#5008));
#4983 = ORIENTED_EDGE('',*,*,#4984,.F.);
#4984 = EDGE_CURVE('',#4605,#4985,#4987,.T.);
#4985 = VERTEX_POINT('',#4986);
#4986 = CARTESIAN_POINT('',(200.,20.724264068712,12.3));
#4987 = SURFACE_CURVE('',#4988,(#4992,#4999),.PCURVE_S1.);
#4988 = LINE('',#4989,#4990);
#4989 = CARTESIAN_POINT('',(191.,20.724264068712,12.3));
#4990 = VECTOR('',#4991,1.);
#4991 = DIRECTION('',(1.,0.,0.));
#4992 = PCURVE('',#4648,#4993);
#4993 = DEFINITIONAL_REPRESENTATION('',(#4994),#4998);
#4994 = LINE('',#4995,#4996);
#4995 = CARTESIAN_POINT('',(14.566399692443,0.));
#4996 = VECTOR('',#4997,1.);
#4997 = DIRECTION('',(0.,-1.));
#4998 = ( GEOMETRIC_REPRESENTATION_CONTEXT(2) 
PARAMETRIC_REPRESENTATION_CONTEXT() REPRESENTATION_CONTEXT('2D SPACE',''
  ) );
#4999 = PCURVE('',#4620,#5000);
#5000 = DEFINITIONAL_REPRESENTATION('',(#5001),#5005);
#5001 = LINE('',#5002,#5003);
#5002 = CARTESIAN_POINT('',(0.,-0.));
#5003 = VECTOR('',#5004,1.);
#5004 = DIRECTION('',(0.,-1.));
#5005 = ( GEOMETRIC_REPRESENTATION_CONTEXT(2) 
PARAMETRIC_REPRESENTATION_CONTEXT() REPRESENTATION_CONTEXT('2D SPACE',''
  ) );
#5006 = ORIENTED_EDGE('',*,*,#4632,.T.);
#5007 = ORIENTED_EDGE('',*,*,#4905,.T.);
#5008 = ORIENTED_EDGE('',*,*,#5009,.F.);
#5009 = EDGE_CURVE('',#4985,#4906,#5010,.T.);
#5010 = SURFACE_CURVE('',#5011,(#5015,#5022),.PCURVE_S1.);
#5011 = LINE('',#5012,#5013);
#5012 = CARTESIAN_POINT('',(200.,0.818198051534,-7.606066017178));
#5013 = VECTOR('',#5014,1.);
#5014 = DIRECTION('',(0.,-0.707106781187,-0.707106781187));
#5015 = PCURVE('',#4648,#5016);
#5016 = DEFINITIONAL_REPRESENTATION('',(#5017),#5021);
#5017 = LINE('',#5018,#5019);
#5018 = CARTESIAN_POINT('',(-13.58502884254,-9.));
#5019 = VECTOR('',#5020,1.);
#5020 = DIRECTION('',(-1.,-0.));
#5021 = ( GEOMETRIC_REPRESENTATION_CONTEXT(2) 
PARAMETRIC_REPRESENTATION_CONTEXT() REPRESENTATION_CONTEXT('2D SPACE',''
  ) );
#5022 = PCURVE('',#4757,#5023);
#5023 = DEFINITIONAL_REPRESENTATION('',(#5024),#5028);
#5024 = LINE('',#5025,#5026);
#5025 = CARTESIAN_POINT('',(-11.60606601717,-30.81819805153));
#5026 = VECTOR('',#5027,1.);
#5027 = DIRECTION('',(-0.707106781187,0.707106781187));
#5028 = ( GEOMETRIC_REPRESENTATION_CONTEXT(2) 
PARAMETRIC_REPRESENTATION_CONTEXT() REPRESENTATION_CONTEXT('2D SPACE',''
  ) );
#5029 = ADVANCED_FACE('',(#5030),#4620,.T.);
#5030 = FACE_BOUND('',#5031,.T.);
#5031 = EDGE_LOOP('',(#5032,#5033,#5034,#5057));
#5032 = ORIENTED_EDGE('',*,*,#4604,.T.);
#5033 = ORIENTED_EDGE('',*,*,#4984,.T.);
#5034 = ORIENTED_EDGE('',*,*,#5035,.F.);
#5035 = EDGE_CURVE('',#5036,#4985,#5038,.T.);
#5036 = VERTEX_POINT('',#5037);
#5037 = CARTESIAN_POINT('',(200.,-20.72426406871,12.3));
#5038 = SURFACE_CURVE('',#5039,(#5043,#5050),.PCURVE_S1.);
#5039 = LINE('',#5040,#5041);
#5040 = CARTESIAN_POINT('',(200.,-4.637867965644,12.3));
#5041 = VECTOR('',#5042,1.);
#5042 = DIRECTION('',(-0.,1.,0.));
#5043 = PCURVE('',#4620,#5044);
#5044 = DEFINITIONAL_REPRESENTATION('',(#5045),#5049);
#5045 = LINE('',#5046,#5047);
#5046 = CARTESIAN_POINT('',(25.362132034356,-9.));
#5047 = VECTOR('',#5048,1.);
#5048 = DIRECTION('',(-1.,0.));
#5049 = ( GEOMETRIC_REPRESENTATION_CONTEXT(2) 
PARAMETRIC_REPRESENTATION_CONTEXT() REPRESENTATION_CONTEXT('2D SPACE',''
  ) );
#5050 = PCURVE('',#4757,#5051);
#5051 = DEFINITIONAL_REPRESENTATION('',(#5052),#5056);
#5052 = LINE('',#5053,#5054);
#5053 = CARTESIAN_POINT('',(8.3,-25.36213203435));
#5054 = VECTOR('',#5055,1.);
#5055 = DIRECTION('',(0.,-1.));
#5056 = ( GEOMETRIC_REPRESENTATION_CONTEXT(2) 
PARAMETRIC_REPRESENTATION_CONTEXT() REPRESENTATION_CONTEXT('2D SPACE',''
  ) );
#5057 = ORIENTED_EDGE('',*,*,#5058,.F.);
#5058 = EDGE_CURVE('',#4577,#5036,#5059,.T.);
#5059 = SURFACE_CURVE('',#5060,(#5064,#5071),.PCURVE_S1.);
#5060 = LINE('',#5061,#5062);
#5061 = CARTESIAN_POINT('',(191.,-20.72426406871,12.3));
#5062 = VECTOR('',#5063,1.);
#5063 = DIRECTION('',(1.,0.,0.));
#5064 = PCURVE('',#4620,#5065);
#5065 = DEFINITIONAL_REPRESENTATION('',(#5066),#5070);
#5066 = LINE('',#5067,#5068);
#5067 = CARTESIAN_POINT('',(41.448528137424,0.));
#5068 = VECTOR('',#5069,1.);
#5069 = DIRECTION('',(0.,-1.));
#5070 = ( GEOMETRIC_REPRESENTATION_CONTEXT(2) 
PARAMETRIC_REPRESENTATION_CONTEXT() REPRESENTATION_CONTEXT('2D SPACE',''
  ) );
#5071 = PCURVE('',#4592,#5072);
#5072 = DEFINITIONAL_REPRESENTATION('',(#5073),#5077);
#5073 = LINE('',#5074,#5075);
#5074 = CARTESIAN_POINT('',(0.,0.));
#5075 = VECTOR('',#5076,1.);
#5076 = DIRECTION('',(0.,-1.));
#5077 = ( GEOMETRIC_REPRESENTATION_CONTEXT(2) 
PARAMETRIC_REPRESENTATION_CONTEXT() REPRESENTATION_CONTEXT('2D SPACE',''
  ) );
#5078 = ADVANCED_FACE('',(#5079),#4592,.T.);
#5079 = FACE_BOUND('',#5080,.T.);
#5080 = EDGE_LOOP('',(#5081,#5082,#5083,#5106));
#5081 = ORIENTED_EDGE('',*,*,#4576,.T.);
#5082 = ORIENTED_EDGE('',*,*,#5058,.T.);
#5083 = ORIENTED_EDGE('',*,*,#5084,.F.);
#5084 = EDGE_CURVE('',#5085,#5036,#5087,.T.);
#5085 = VERTEX_POINT('',#5086);
#5086 = CARTESIAN_POINT('',(200.,-12.42426406871,4.));
#5087 = SURFACE_CURVE('',#5088,(#5092,#5099),.PCURVE_S1.);
#5088 = LINE('',#5089,#5090);
#5089 = CARTESIAN_POINT('',(200.,-20.96819805153,12.543933982822));
#5090 = VECTOR('',#5091,1.);
#5091 = DIRECTION('',(0.,-0.707106781187,0.707106781187));
#5092 = PCURVE('',#4592,#5093);
#5093 = DEFINITIONAL_REPRESENTATION('',(#5094),#5098);
#5094 = LINE('',#5095,#5096);
#5095 = CARTESIAN_POINT('',(-0.344974746831,-9.));
#5096 = VECTOR('',#5097,1.);
#5097 = DIRECTION('',(-1.,-0.));
#5098 = ( GEOMETRIC_REPRESENTATION_CONTEXT(2) 
PARAMETRIC_REPRESENTATION_CONTEXT() REPRESENTATION_CONTEXT('2D SPACE',''
  ) );
#5099 = PCURVE('',#4757,#5100);
#5100 = DEFINITIONAL_REPRESENTATION('',(#5101),#5105);
#5101 = LINE('',#5102,#5103);
#5102 = CARTESIAN_POINT('',(8.543933982822,-9.031801948466));
#5103 = VECTOR('',#5104,1.);
#5104 = DIRECTION('',(0.707106781187,0.707106781187));
#5105 = ( GEOMETRIC_REPRESENTATION_CONTEXT(2) 
PARAMETRIC_REPRESENTATION_CONTEXT() REPRESENTATION_CONTEXT('2D SPACE',''
  ) );
#5106 = ORIENTED_EDGE('',*,*,#5107,.T.);
#5107 = EDGE_CURVE('',#5085,#4549,#5108,.T.);
#5108 = SURFACE_CURVE('',#5109,(#5113,#5120),.PCURVE_S1.);
#5109 = LINE('',#5110,#5111);
#5110 = CARTESIAN_POINT('',(191.5,-12.42426406871,4.));
#5111 = VECTOR('',#5112,1.);
#5112 = DIRECTION('',(-1.,-0.,0.));
#5113 = PCURVE('',#4592,#5114);
#5114 = DEFINITIONAL_REPRESENTATION('',(#5115),#5119);
#5115 = LINE('',#5116,#5117);
#5116 = CARTESIAN_POINT('',(11.737972567697,-0.5));
#5117 = VECTOR('',#5118,1.);
#5118 = DIRECTION('',(-0.,1.));
#5119 = ( GEOMETRIC_REPRESENTATION_CONTEXT(2) 
PARAMETRIC_REPRESENTATION_CONTEXT() REPRESENTATION_CONTEXT('2D SPACE',''
  ) );
#5120 = PCURVE('',#4564,#5121);
#5121 = DEFINITIONAL_REPRESENTATION('',(#5122),#5126);
#5122 = LINE('',#5123,#5124);
#5123 = CARTESIAN_POINT('',(-0.5,17.575735931288));
#5124 = VECTOR('',#5125,1.);
#5125 = DIRECTION('',(-1.,0.));
#5126 = ( GEOMETRIC_REPRESENTATION_CONTEXT(2) 
PARAMETRIC_REPRESENTATION_CONTEXT() REPRESENTATION_CONTEXT('2D SPACE',''
  ) );
#5127 = ADVANCED_FACE('',(#5128,#5176),#4564,.F.);
#5128 = FACE_BOUND('',#5129,.F.);
#5129 = EDGE_LOOP('',(#5130,#5131,#5154,#5175));
#5130 = ORIENTED_EDGE('',*,*,#4548,.F.);
#5131 = ORIENTED_EDGE('',*,*,#5132,.T.);
#5132 = EDGE_CURVE('',#4521,#5133,#5135,.T.);
#5133 = VERTEX_POINT('',#5134);
#5134 = CARTESIAN_POINT('',(200.,-30.,4.));
#5135 = SURFACE_CURVE('',#5136,(#5140,#5147),.PCURVE_S1.);
#5136 = LINE('',#5137,#5138);
#5137 = CARTESIAN_POINT('',(192.,-30.,4.));
#5138 = VECTOR('',#5139,1.);
#5139 = DIRECTION('',(1.,0.,0.));
#5140 = PCURVE('',#4564,#5141);
#5141 = DEFINITIONAL_REPRESENTATION('',(#5142),#5146);
#5142 = LINE('',#5143,#5144);
#5143 = CARTESIAN_POINT('',(0.,0.));
#5144 = VECTOR('',#5145,1.);
#5145 = DIRECTION('',(1.,0.));
#5146 = ( GEOMETRIC_REPRESENTATION_CONTEXT(2) 
PARAMETRIC_REPRESENTATION_CONTEXT() REPRESENTATION_CONTEXT('2D SPACE',''
  ) );
#5147 = PCURVE('',#4536,#5148);
#5148 = DEFINITIONAL_REPRESENTATION('',(#5149),#5153);
#5149 = LINE('',#5150,#5151);
#5150 = CARTESIAN_POINT('',(0.,0.));
#5151 = VECTOR('',#5152,1.);
#5152 = DIRECTION('',(0.,1.));
#5153 = ( GEOMETRIC_REPRESENTATION_CONTEXT(2) 
PARAMETRIC_REPRESENTATION_CONTEXT() REPRESENTATION_CONTEXT('2D SPACE',''
  ) );
#5154 = ORIENTED_EDGE('',*,*,#5155,.T.);
#5155 = EDGE_CURVE('',#5133,#5085,#5156,.T.);
#5156 = SURFACE_CURVE('',#5157,(#5161,#5168),.PCURVE_S1.);
#5157 = LINE('',#5158,#5159);
#5158 = CARTESIAN_POINT('',(200.,-30.,4.));
#5159 = VECTOR('',#5160,1.);
#5160 = DIRECTION('',(0.,1.,0.));
#5161 = PCURVE('',#4564,#5162);
#5162 = DEFINITIONAL_REPRESENTATION('',(#5163),#5167);
#5163 = LINE('',#5164,#5165);
#5164 = CARTESIAN_POINT('',(8.,0.));
#5165 = VECTOR('',#5166,1.);
#5166 = DIRECTION('',(0.,1.));
#5167 = ( GEOMETRIC_REPRESENTATION_CONTEXT(2) 
PARAMETRIC_REPRESENTATION_CONTEXT() REPRESENTATION_CONTEXT('2D SPACE',''
  ) );
#5168 = PCURVE('',#4757,#5169);
#5169 = DEFINITIONAL_REPRESENTATION('',(#5170),#5174);
#5170 = LINE('',#5171,#5172);
#5171 = CARTESIAN_POINT('',(0.,0.));
#5172 = VECTOR('',#5173,1.);
#5173 = DIRECTION('',(0.,-1.));
#5174 = ( GEOMETRIC_REPRESENTATION_CONTEXT(2) 
PARAMETRIC_REPRESENTATION_CONTEXT() REPRESENTATION_CONTEXT('2D SPACE',''
  ) );
#5175 = ORIENTED_EDGE('',*,*,#5107,.T.);
#5176 = FACE_BOUND('',#5177,.F.);
#5177 = EDGE_LOOP('',(#5178));
#5178 = ORIENTED_EDGE('',*,*,#5179,.F.);
#5179 = EDGE_CURVE('',#5180,#5180,#5182,.T.);
#5180 = VERTEX_POINT('',#5181);
#5181 = CARTESIAN_POINT('',(197.7,-26.,4.));
#5182 = SURFACE_CURVE('',#5183,(#5188,#5195),.PCURVE_S1.);
#5183 = CIRCLE('',#5184,1.7);
#5184 = AXIS2_PLACEMENT_3D('',#5185,#5186,#5187);
#5185 = CARTESIAN_POINT('',(196.,-26.,4.));
#5186 = DIRECTION('',(0.,0.,1.));
#5187 = DIRECTION('',(1.,0.,-0.));
#5188 = PCURVE('',#4564,#5189);
#5189 = DEFINITIONAL_REPRESENTATION('',(#5190),#5194);
#5190 = CIRCLE('',#5191,1.7);
#5191 = AXIS2_PLACEMENT_2D('',#5192,#5193);
#5192 = CARTESIAN_POINT('',(4.,4.));
#5193 = DIRECTION('',(1.,0.));
#5194 = ( GEOMETRIC_REPRESENTATION_CONTEXT(2) 
PARAMETRIC_REPRESENTATION_CONTEXT() REPRESENTATION_CONTEXT('2D SPACE',''
  ) );
#5195 = PCURVE('',#5196,#5201);
#5196 = CYLINDRICAL_SURFACE('',#5197,1.7);
#5197 = AXIS2_PLACEMENT_3D('',#5198,#5199,#5200);
#5198 = CARTESIAN_POINT('',(196.,-26.,0.));
#5199 = DIRECTION('',(0.,0.,1.));
#5200 = DIRECTION('',(1.,0.,-0.));
#5201 = DEFINITIONAL_REPRESENTATION('',(#5202),#5206);
#5202 = LINE('',#5203,#5204);
#5203 = CARTESIAN_POINT('',(0.,4.));
#5204 = VECTOR('',#5205,1.);
#5205 = DIRECTION('',(1.,0.));
#5206 = ( GEOMETRIC_REPRESENTATION_CONTEXT(2) 
PARAMETRIC_REPRESENTATION_CONTEXT() REPRESENTATION_CONTEXT('2D SPACE',''
  ) );
#5207 = ADVANCED_FACE('',(#5208),#4536,.F.);
#5208 = FACE_BOUND('',#5209,.F.);
#5209 = EDGE_LOOP('',(#5210,#5211,#5212,#5213));
#5210 = ORIENTED_EDGE('',*,*,#5132,.F.);
#5211 = ORIENTED_EDGE('',*,*,#4520,.T.);
#5212 = ORIENTED_EDGE('',*,*,#4718,.T.);
#5213 = ORIENTED_EDGE('',*,*,#5214,.F.);
#5214 = EDGE_CURVE('',#5133,#4719,#5215,.T.);
#5215 = SURFACE_CURVE('',#5216,(#5220,#5227),.PCURVE_S1.);
#5216 = LINE('',#5217,#5218);
#5217 = CARTESIAN_POINT('',(200.,-30.,4.));
#5218 = VECTOR('',#5219,1.);
#5219 = DIRECTION('',(0.,0.,1.));
#5220 = PCURVE('',#4536,#5221);
#5221 = DEFINITIONAL_REPRESENTATION('',(#5222),#5226);
#5222 = LINE('',#5223,#5224);
#5223 = CARTESIAN_POINT('',(0.,8.));
#5224 = VECTOR('',#5225,1.);
#5225 = DIRECTION('',(1.,0.));
#5226 = ( GEOMETRIC_REPRESENTATION_CONTEXT(2) 
PARAMETRIC_REPRESENTATION_CONTEXT() REPRESENTATION_CONTEXT('2D SPACE',''
  ) );
#5227 = PCURVE('',#4757,#5228);
#5228 = DEFINITIONAL_REPRESENTATION('',(#5229),#5233);
#5229 = LINE('',#5230,#5231);
#5230 = CARTESIAN_POINT('',(0.,0.));
#5231 = VECTOR('',#5232,1.);
#5232 = DIRECTION('',(1.,0.));
#5233 = ( GEOMETRIC_REPRESENTATION_CONTEXT(2) 
PARAMETRIC_REPRESENTATION_CONTEXT() REPRESENTATION_CONTEXT('2D SPACE',''
  ) );
#5234 = ADVANCED_FACE('',(#5235),#4757,.T.);
#5235 = FACE_BOUND('',#5236,.T.);
#5236 = EDGE_LOOP('',(#5237,#5238,#5239,#5240,#5241,#5242,#5243,#5244));
#5237 = ORIENTED_EDGE('',*,*,#4741,.F.);
#5238 = ORIENTED_EDGE('',*,*,#5214,.F.);
#5239 = ORIENTED_EDGE('',*,*,#5155,.T.);
#5240 = ORIENTED_EDGE('',*,*,#5084,.T.);
#5241 = ORIENTED_EDGE('',*,*,#5035,.T.);
#5242 = ORIENTED_EDGE('',*,*,#5009,.T.);
#5243 = ORIENTED_EDGE('',*,*,#4928,.T.);
#5244 = ORIENTED_EDGE('',*,*,#4880,.T.);
#5245 = ADVANCED_FACE('',(#5246),#4809,.F.);
#5246 = FACE_BOUND('',#5247,.F.);
#5247 = EDGE_LOOP('',(#5248,#5249,#5272,#5299));
#5248 = ORIENTED_EDGE('',*,*,#4792,.F.);
#5249 = ORIENTED_EDGE('',*,*,#5250,.F.);
#5250 = EDGE_CURVE('',#5251,#4793,#5253,.T.);
#5251 = VERTEX_POINT('',#5252);
#5252 = CARTESIAN_POINT('',(199.1,-26.,12.));
#5253 = SEAM_CURVE('',#5254,(#5258,#5265),.PCURVE_S1.);
#5254 = LINE('',#5255,#5256);
#5255 = CARTESIAN_POINT('',(199.1,-26.,12.));
#5256 = VECTOR('',#5257,1.);
#5257 = DIRECTION('',(0.,0.,1.));
#5258 = PCURVE('',#4809,#5259);
#5259 = DEFINITIONAL_REPRESENTATION('',(#5260),#5264);
#5260 = LINE('',#5261,#5262);
#5261 = CARTESIAN_POINT('',(6.28318530718,-0.));
#5262 = VECTOR('',#5263,1.);
#5263 = DIRECTION('',(0.,1.));
#5264 = ( GEOMETRIC_REPRESENTATION_CONTEXT(2) 
PARAMETRIC_REPRESENTATION_CONTEXT() REPRESENTATION_CONTEXT('2D SPACE',''
  ) );
#5265 = PCURVE('',#4809,#5266);
#5266 = DEFINITIONAL_REPRESENTATION('',(#5267),#5271);
#5267 = LINE('',#5268,#5269);
#5268 = CARTESIAN_POINT('',(0.,-0.));
#5269 = VECTOR('',#5270,1.);
#5270 = DIRECTION('',(0.,1.));
#5271 = ( GEOMETRIC_REPRESENTATION_CONTEXT(2) 
PARAMETRIC_REPRESENTATION_CONTEXT() REPRESENTATION_CONTEXT('2D SPACE',''
  ) );
#5272 = ORIENTED_EDGE('',*,*,#5273,.T.);
#5273 = EDGE_CURVE('',#5251,#5251,#5274,.T.);
#5274 = SURFACE_CURVE('',#5275,(#5280,#5287),.PCURVE_S1.);
#5275 = CIRCLE('',#5276,3.1);
#5276 = AXIS2_PLACEMENT_3D('',#5277,#5278,#5279);
#5277 = CARTESIAN_POINT('',(196.,-26.,12.));
#5278 = DIRECTION('',(0.,0.,1.));
#5279 = DIRECTION('',(1.,0.,-0.));
#5280 = PCURVE('',#4809,#5281);
#5281 = DEFINITIONAL_REPRESENTATION('',(#5282),#5286);
#5282 = LINE('',#5283,#5284);
#5283 = CARTESIAN_POINT('',(0.,0.));
#5284 = VECTOR('',#5285,1.);
#5285 = DIRECTION('',(1.,0.));
#5286 = ( GEOMETRIC_REPRESENTATION_CONTEXT(2) 
PARAMETRIC_REPRESENTATION_CONTEXT() REPRESENTATION_CONTEXT('2D SPACE',''
  ) );
#5287 = PCURVE('',#5288,#5293);
#5288 = PLANE('',#5289);
#5289 = AXIS2_PLACEMENT_3D('',#5290,#5291,#5292);
#5290 = CARTESIAN_POINT('',(196.,-26.,12.));
#5291 = DIRECTION('',(0.,0.,1.));
#5292 = DIRECTION('',(1.,0.,-0.));
#5293 = DEFINITIONAL_REPRESENTATION('',(#5294),#5298);
#5294 = CIRCLE('',#5295,3.1);
#5295 = AXIS2_PLACEMENT_2D('',#5296,#5297);
#5296 = CARTESIAN_POINT('',(0.,0.));
#5297 = DIRECTION('',(1.,0.));
#5298 = ( GEOMETRIC_REPRESENTATION_CONTEXT(2) 
PARAMETRIC_REPRESENTATION_CONTEXT() REPRESENTATION_CONTEXT('2D SPACE',''
  ) );
#5299 = ORIENTED_EDGE('',*,*,#5250,.T.);
#5300 = ADVANCED_FACE('',(#5301),#4840,.F.);
#5301 = FACE_BOUND('',#5302,.F.);
#5302 = EDGE_LOOP('',(#5303,#5304,#5327,#5354));
#5303 = ORIENTED_EDGE('',*,*,#4823,.F.);
#5304 = ORIENTED_EDGE('',*,*,#5305,.F.);
#5305 = EDGE_CURVE('',#5306,#4824,#5308,.T.);
#5306 = VERTEX_POINT('',#5307);
#5307 = CARTESIAN_POINT('',(199.1,26.,12.));
#5308 = SEAM_CURVE('',#5309,(#5313,#5320),.PCURVE_S1.);
#5309 = LINE('',#5310,#5311);
#5310 = CARTESIAN_POINT('',(199.1,26.,12.));
#5311 = VECTOR('',#5312,1.);
#5312 = DIRECTION('',(0.,0.,1.));
#5313 = PCURVE('',#4840,#5314);
#5314 = DEFINITIONAL_REPRESENTATION('',(#5315),#5319);
#5315 = LINE('',#5316,#5317);
#5316 = CARTESIAN_POINT('',(6.28318530718,-0.));
#5317 = VECTOR('',#5318,1.);
#5318 = DIRECTION('',(0.,1.));
#5319 = ( GEOMETRIC_REPRESENTATION_CONTEXT(2) 
PARAMETRIC_REPRESENTATION_CONTEXT() REPRESENTATION_CONTEXT('2D SPACE',''
  ) );
#5320 = PCURVE('',#4840,#5321);
#5321 = DEFINITIONAL_REPRESENTATION('',(#5322),#5326);
#5322 = LINE('',#5323,#5324);
#5323 = CARTESIAN_POINT('',(0.,-0.));
#5324 = VECTOR('',#5325,1.);
#5325 = DIRECTION('',(0.,1.));
#5326 = ( GEOMETRIC_REPRESENTATION_CONTEXT(2) 
PARAMETRIC_REPRESENTATION_CONTEXT() REPRESENTATION_CONTEXT('2D SPACE',''
  ) );
#5327 = ORIENTED_EDGE('',*,*,#5328,.T.);
#5328 = EDGE_CURVE('',#5306,#5306,#5329,.T.);
#5329 = SURFACE_CURVE('',#5330,(#5335,#5342),.PCURVE_S1.);
#5330 = CIRCLE('',#5331,3.1);
#5331 = AXIS2_PLACEMENT_3D('',#5332,#5333,#5334);
#5332 = CARTESIAN_POINT('',(196.,26.,12.));
#5333 = DIRECTION('',(0.,0.,1.));
#5334 = DIRECTION('',(1.,0.,-0.));
#5335 = PCURVE('',#4840,#5336);
#5336 = DEFINITIONAL_REPRESENTATION('',(#5337),#5341);
#5337 = LINE('',#5338,#5339);
#5338 = CARTESIAN_POINT('',(0.,0.));
#5339 = VECTOR('',#5340,1.);
#5340 = DIRECTION('',(1.,0.));
#5341 = ( GEOMETRIC_REPRESENTATION_CONTEXT(2) 
PARAMETRIC_REPRESENTATION_CONTEXT() REPRESENTATION_CONTEXT('2D SPACE',''
  ) );
#5342 = PCURVE('',#5343,#5348);
#5343 = PLANE('',#5344);
#5344 = AXIS2_PLACEMENT_3D('',#5345,#5346,#5347);
#5345 = CARTESIAN_POINT('',(196.,26.,12.));
#5346 = DIRECTION('',(0.,0.,1.));
#5347 = DIRECTION('',(1.,0.,-0.));
#5348 = DEFINITIONAL_REPRESENTATION('',(#5349),#5353);
#5349 = CIRCLE('',#5350,3.1);
#5350 = AXIS2_PLACEMENT_2D('',#5351,#5352);
#5351 = CARTESIAN_POINT('',(0.,0.));
#5352 = DIRECTION('',(1.,0.));
#5353 = ( GEOMETRIC_REPRESENTATION_CONTEXT(2) 
PARAMETRIC_REPRESENTATION_CONTEXT() REPRESENTATION_CONTEXT('2D SPACE',''
  ) );
#5354 = ORIENTED_EDGE('',*,*,#5305,.T.);
#5355 = ADVANCED_FACE('',(#5356),#4969,.F.);
#5356 = FACE_BOUND('',#5357,.F.);
#5357 = EDGE_LOOP('',(#5358,#5382,#5403,#5404));
#5358 = ORIENTED_EDGE('',*,*,#5359,.F.);
#5359 = EDGE_CURVE('',#5360,#5360,#5362,.T.);
#5360 = VERTEX_POINT('',#5361);
#5361 = CARTESIAN_POINT('',(197.7,26.,12.));
#5362 = SURFACE_CURVE('',#5363,(#5368,#5375),.PCURVE_S1.);
#5363 = CIRCLE('',#5364,1.7);
#5364 = AXIS2_PLACEMENT_3D('',#5365,#5366,#5367);
#5365 = CARTESIAN_POINT('',(196.,26.,12.));
#5366 = DIRECTION('',(0.,0.,1.));
#5367 = DIRECTION('',(1.,0.,-0.));
#5368 = PCURVE('',#4969,#5369);
#5369 = DEFINITIONAL_REPRESENTATION('',(#5370),#5374);
#5370 = LINE('',#5371,#5372);
#5371 = CARTESIAN_POINT('',(0.,12.));
#5372 = VECTOR('',#5373,1.);
#5373 = DIRECTION('',(1.,0.));
#5374 = ( GEOMETRIC_REPRESENTATION_CONTEXT(2) 
PARAMETRIC_REPRESENTATION_CONTEXT() REPRESENTATION_CONTEXT('2D SPACE',''
  ) );
#5375 = PCURVE('',#5343,#5376);
#5376 = DEFINITIONAL_REPRESENTATION('',(#5377),#5381);
#5377 = CIRCLE('',#5378,1.7);
#5378 = AXIS2_PLACEMENT_2D('',#5379,#5380);
#5379 = CARTESIAN_POINT('',(0.,0.));
#5380 = DIRECTION('',(1.,0.));
#5381 = ( GEOMETRIC_REPRESENTATION_CONTEXT(2) 
PARAMETRIC_REPRESENTATION_CONTEXT() REPRESENTATION_CONTEXT('2D SPACE',''
  ) );
#5382 = ORIENTED_EDGE('',*,*,#5383,.F.);
#5383 = EDGE_CURVE('',#4953,#5360,#5384,.T.);
#5384 = SEAM_CURVE('',#5385,(#5389,#5396),.PCURVE_S1.);
#5385 = LINE('',#5386,#5387);
#5386 = CARTESIAN_POINT('',(197.7,26.,0.));
#5387 = VECTOR('',#5388,1.);
#5388 = DIRECTION('',(0.,0.,1.));
#5389 = PCURVE('',#4969,#5390);
#5390 = DEFINITIONAL_REPRESENTATION('',(#5391),#5395);
#5391 = LINE('',#5392,#5393);
#5392 = CARTESIAN_POINT('',(6.28318530718,-0.));
#5393 = VECTOR('',#5394,1.);
#5394 = DIRECTION('',(0.,1.));
#5395 = ( GEOMETRIC_REPRESENTATION_CONTEXT(2) 
PARAMETRIC_REPRESENTATION_CONTEXT() REPRESENTATION_CONTEXT('2D SPACE',''
  ) );
#5396 = PCURVE('',#4969,#5397);
#5397 = DEFINITIONAL_REPRESENTATION('',(#5398),#5402);
#5398 = LINE('',#5399,#5400);
#5399 = CARTESIAN_POINT('',(0.,-0.));
#5400 = VECTOR('',#5401,1.);
#5401 = DIRECTION('',(0.,1.));
#5402 = ( GEOMETRIC_REPRESENTATION_CONTEXT(2) 
PARAMETRIC_REPRESENTATION_CONTEXT() REPRESENTATION_CONTEXT('2D SPACE',''
  ) );
#5403 = ORIENTED_EDGE('',*,*,#4952,.T.);
#5404 = ORIENTED_EDGE('',*,*,#5383,.T.);
#5405 = ADVANCED_FACE('',(#5406),#5196,.F.);
#5406 = FACE_BOUND('',#5407,.F.);
#5407 = EDGE_LOOP('',(#5408,#5432,#5453,#5454));
#5408 = ORIENTED_EDGE('',*,*,#5409,.F.);
#5409 = EDGE_CURVE('',#5410,#5410,#5412,.T.);
#5410 = VERTEX_POINT('',#5411);
#5411 = CARTESIAN_POINT('',(197.7,-26.,12.));
#5412 = SURFACE_CURVE('',#5413,(#5418,#5425),.PCURVE_S1.);
#5413 = CIRCLE('',#5414,1.7);
#5414 = AXIS2_PLACEMENT_3D('',#5415,#5416,#5417);
#5415 = CARTESIAN_POINT('',(196.,-26.,12.));
#5416 = DIRECTION('',(0.,0.,1.));
#5417 = DIRECTION('',(1.,0.,-0.));
#5418 = PCURVE('',#5196,#5419);
#5419 = DEFINITIONAL_REPRESENTATION('',(#5420),#5424);
#5420 = LINE('',#5421,#5422);
#5421 = CARTESIAN_POINT('',(0.,12.));
#5422 = VECTOR('',#5423,1.);
#5423 = DIRECTION('',(1.,0.));
#5424 = ( GEOMETRIC_REPRESENTATION_CONTEXT(2) 
PARAMETRIC_REPRESENTATION_CONTEXT() REPRESENTATION_CONTEXT('2D SPACE',''
  ) );
#5425 = PCURVE('',#5288,#5426);
#5426 = DEFINITIONAL_REPRESENTATION('',(#5427),#5431);
#5427 = CIRCLE('',#5428,1.7);
#5428 = AXIS2_PLACEMENT_2D('',#5429,#5430);
#5429 = CARTESIAN_POINT('',(0.,0.));
#5430 = DIRECTION('',(1.,0.));
#5431 = ( GEOMETRIC_REPRESENTATION_CONTEXT(2) 
PARAMETRIC_REPRESENTATION_CONTEXT() REPRESENTATION_CONTEXT('2D SPACE',''
  ) );
#5432 = ORIENTED_EDGE('',*,*,#5433,.F.);
#5433 = EDGE_CURVE('',#5180,#5410,#5434,.T.);
#5434 = SEAM_CURVE('',#5435,(#5439,#5446),.PCURVE_S1.);
#5435 = LINE('',#5436,#5437);
#5436 = CARTESIAN_POINT('',(197.7,-26.,0.));
#5437 = VECTOR('',#5438,1.);
#5438 = DIRECTION('',(0.,0.,1.));
#5439 = PCURVE('',#5196,#5440);
#5440 = DEFINITIONAL_REPRESENTATION('',(#5441),#5445);
#5441 = LINE('',#5442,#5443);
#5442 = CARTESIAN_POINT('',(6.28318530718,-0.));
#5443 = VECTOR('',#5444,1.);
#5444 = DIRECTION('',(0.,1.));
#5445 = ( GEOMETRIC_REPRESENTATION_CONTEXT(2) 
PARAMETRIC_REPRESENTATION_CONTEXT() REPRESENTATION_CONTEXT('2D SPACE',''
  ) );
#5446 = PCURVE('',#5196,#5447);
#5447 = DEFINITIONAL_REPRESENTATION('',(#5448),#5452);
#5448 = LINE('',#5449,#5450);
#5449 = CARTESIAN_POINT('',(0.,-0.));
#5450 = VECTOR('',#5451,1.);
#5451 = DIRECTION('',(0.,1.));
#5452 = ( GEOMETRIC_REPRESENTATION_CONTEXT(2) 
PARAMETRIC_REPRESENTATION_CONTEXT() REPRESENTATION_CONTEXT('2D SPACE',''
  ) );
#5453 = ORIENTED_EDGE('',*,*,#5179,.T.);
#5454 = ORIENTED_EDGE('',*,*,#5433,.T.);
#5455 = ADVANCED_FACE('',(#5456,#5459),#5288,.T.);
#5456 = FACE_BOUND('',#5457,.T.);
#5457 = EDGE_LOOP('',(#5458));
#5458 = ORIENTED_EDGE('',*,*,#5273,.T.);
#5459 = FACE_BOUND('',#5460,.T.);
#5460 = EDGE_LOOP('',(#5461));
#5461 = ORIENTED_EDGE('',*,*,#5409,.F.);
#5462 = ADVANCED_FACE('',(#5463,#5466),#5343,.T.);
#5463 = FACE_BOUND('',#5464,.T.);
#5464 = EDGE_LOOP('',(#5465));
#5465 = ORIENTED_EDGE('',*,*,#5328,.T.);
#5466 = FACE_BOUND('',#5467,.T.);
#5467 = EDGE_LOOP('',(#5468));
#5468 = ORIENTED_EDGE('',*,*,#5359,.F.);
#5469 = ( GEOMETRIC_REPRESENTATION_CONTEXT(3) 
GLOBAL_UNCERTAINTY_ASSIGNED_CONTEXT((#5473)) 
GLOBAL_UNIT_ASSIGNED_CONTEXT((#5470,#5471,#5472)) REPRESENTATION_CONTEXT
('Context #1','3D Context with UNIT and UNCERTAINTY') );
#5470 = ( LENGTH_UNIT() NAMED_UNIT(*) SI_UNIT(.MILLI.,.METRE.) );
#5471 = ( NAMED_UNIT(*) PLANE_ANGLE_UNIT() SI_UNIT($,.RADIAN.) );
#5472 = ( NAMED_UNIT(*) SI_UNIT($,.STERADIAN.) SOLID_ANGLE_UNIT() );
#5473 = UNCERTAINTY_MEASURE_WITH_UNIT(LENGTH_MEASURE(1.E-07),#5470,
  'distance_accuracy_value','confusion accuracy');
#5474 = CONTEXT_DEPENDENT_SHAPE_REPRESENTATION(#5475,#5477);
#5475 = ( REPRESENTATION_RELATIONSHIP('','',#4478,#10) 
REPRESENTATION_RELATIONSHIP_WITH_TRANSFORMATION(#5476) 
SHAPE_REPRESENTATION_RELATIONSHIP() );
#5476 = ITEM_DEFINED_TRANSFORMATION('','',#11,#23);
#5477 = PRODUCT_DEFINITION_SHAPE('Placement','Placement of an item',
  #5478);
#5478 = NEXT_ASSEMBLY_USAGE_OCCURRENCE('3','front_stop','',#5,#4473,$);
#5479 = PRODUCT_RELATED_PRODUCT_CATEGORY('part',$,(#4475));
#5480 = SHAPE_DEFINITION_REPRESENTATION(#5481,#5487);
#5481 = PRODUCT_DEFINITION_SHAPE('','',#5482);
#5482 = PRODUCT_DEFINITION('design','',#5483,#5486);
#5483 = PRODUCT_DEFINITION_FORMATION('','',#5484);
#5484 = PRODUCT('carriage','carriage','',(#5485));
#5485 = PRODUCT_CONTEXT('',#2,'mechanical');
#5486 = PRODUCT_DEFINITION_CONTEXT('part definition',#2,'design');
#5487 = ADVANCED_BREP_SHAPE_REPRESENTATION('',(#11,#5488),#9600);
#5488 = MANIFOLD_SOLID_BREP('',#5489);
#5489 = CLOSED_SHELL('',(#5490,#5829,#5905,#6083,#6159,#6241,#6317,#6393
    ,#6469,#6551,#6627,#6800,#6932,#7008,#7119,#7174,#7310,#7432,#7561,
    #7620,#7738,#7809,#7858,#7907,#7934,#7961,#7988,#8059,#8110,#8139,
    #8215,#8286,#8561,#8637,#8686,#8740,#8767,#8843,#8892,#8946,#8973,
    #9000,#9027,#9054,#9120,#9179,#9218,#9272,#9305,#9336,#9365,#9441,
    #9512,#9539,#9566));
#5490 = ADVANCED_FACE('',(#5491),#5505,.F.);
#5491 = FACE_BOUND('',#5492,.T.);
#5492 = EDGE_LOOP('',(#5493,#5528,#5556,#5584,#5612,#5640,#5668,#5696,
    #5724,#5747,#5775,#5803));
#5493 = ORIENTED_EDGE('',*,*,#5494,.F.);
#5494 = EDGE_CURVE('',#5495,#5497,#5499,.T.);
#5495 = VERTEX_POINT('',#5496);
#5496 = CARTESIAN_POINT('',(76.,30.,23.3));
#5497 = VERTEX_POINT('',#5498);
#5498 = CARTESIAN_POINT('',(76.,12.,23.3));
#5499 = SURFACE_CURVE('',#5500,(#5504,#5516),.PCURVE_S1.);
#5500 = LINE('',#5501,#5502);
#5501 = CARTESIAN_POINT('',(76.,30.,23.3));
#5502 = VECTOR('',#5503,1.);
#5503 = DIRECTION('',(0.,-1.,0.));
#5504 = PCURVE('',#5505,#5510);
#5505 = PLANE('',#5506);
#5506 = AXIS2_PLACEMENT_3D('',#5507,#5508,#5509);
#5507 = CARTESIAN_POINT('',(76.,30.,4.3));
#5508 = DIRECTION('',(1.,0.,0.));
#5509 = DIRECTION('',(0.,-0.,-1.));
#5510 = DEFINITIONAL_REPRESENTATION('',(#5511),#5515);
#5511 = LINE('',#5512,#5513);
#5512 = CARTESIAN_POINT('',(-19.,0.));
#5513 = VECTOR('',#5514,1.);
#5514 = DIRECTION('',(-0.,-1.));
#5515 = ( GEOMETRIC_REPRESENTATION_CONTEXT(2) 
PARAMETRIC_REPRESENTATION_CONTEXT() REPRESENTATION_CONTEXT('2D SPACE',''
  ) );
#5516 = PCURVE('',#5517,#5522);
#5517 = PLANE('',#5518);
#5518 = AXIS2_PLACEMENT_3D('',#5519,#5520,#5521);
#5519 = CARTESIAN_POINT('',(76.,30.,23.3));
#5520 = DIRECTION('',(0.,0.,1.));
#5521 = DIRECTION('',(-1.,-0.,0.));
#5522 = DEFINITIONAL_REPRESENTATION('',(#5523),#5527);
#5523 = LINE('',#5524,#5525);
#5524 = CARTESIAN_POINT('',(-0.,0.));
#5525 = VECTOR('',#5526,1.);
#5526 = DIRECTION('',(-0.,1.));
#5527 = ( GEOMETRIC_REPRESENTATION_CONTEXT(2) 
PARAMETRIC_REPRESENTATION_CONTEXT() REPRESENTATION_CONTEXT('2D SPACE',''
  ) );
#5528 = ORIENTED_EDGE('',*,*,#5529,.F.);
#5529 = EDGE_CURVE('',#5530,#5495,#5532,.T.);
#5530 = VERTEX_POINT('',#5531);
#5531 = CARTESIAN_POINT('',(76.,30.,4.3));
#5532 = SURFACE_CURVE('',#5533,(#5537,#5544),.PCURVE_S1.);
#5533 = LINE('',#5534,#5535);
#5534 = CARTESIAN_POINT('',(76.,30.,4.3));
#5535 = VECTOR('',#5536,1.);
#5536 = DIRECTION('',(0.,0.,1.));
#5537 = PCURVE('',#5505,#5538);
#5538 = DEFINITIONAL_REPRESENTATION('',(#5539),#5543);
#5539 = LINE('',#5540,#5541);
#5540 = CARTESIAN_POINT('',(-0.,0.));
#5541 = VECTOR('',#5542,1.);
#5542 = DIRECTION('',(-1.,0.));
#5543 = ( GEOMETRIC_REPRESENTATION_CONTEXT(2) 
PARAMETRIC_REPRESENTATION_CONTEXT() REPRESENTATION_CONTEXT('2D SPACE',''
  ) );
#5544 = PCURVE('',#5545,#5550);
#5545 = PLANE('',#5546);
#5546 = AXIS2_PLACEMENT_3D('',#5547,#5548,#5549);
#5547 = CARTESIAN_POINT('',(76.,30.,4.3));
#5548 = DIRECTION('',(0.,-1.,0.));
#5549 = DIRECTION('',(0.,-0.,-1.));
#5550 = DEFINITIONAL_REPRESENTATION('',(#5551),#5555);
#5551 = LINE('',#5552,#5553);
#5552 = CARTESIAN_POINT('',(-0.,0.));
#5553 = VECTOR('',#5554,1.);
#5554 = DIRECTION('',(-1.,0.));
#5555 = ( GEOMETRIC_REPRESENTATION_CONTEXT(2) 
PARAMETRIC_REPRESENTATION_CONTEXT() REPRESENTATION_CONTEXT('2D SPACE',''
  ) );
#5556 = ORIENTED_EDGE('',*,*,#5557,.T.);
#5557 = EDGE_CURVE('',#5530,#5558,#5560,.T.);
#5558 = VERTEX_POINT('',#5559);
#5559 = CARTESIAN_POINT('',(76.,12.724264068712,4.3));
#5560 = SURFACE_CURVE('',#5561,(#5565,#5572),.PCURVE_S1.);
#5561 = LINE('',#5562,#5563);
#5562 = CARTESIAN_POINT('',(76.,30.,4.3));
#5563 = VECTOR('',#5564,1.);
#5564 = DIRECTION('',(0.,-1.,0.));
#5565 = PCURVE('',#5505,#5566);
#5566 = DEFINITIONAL_REPRESENTATION('',(#5567),#5571);
#5567 = LINE('',#5568,#5569);
#5568 = CARTESIAN_POINT('',(-0.,0.));
#5569 = VECTOR('',#5570,1.);
#5570 = DIRECTION('',(-0.,-1.));
#5571 = ( GEOMETRIC_REPRESENTATION_CONTEXT(2) 
PARAMETRIC_REPRESENTATION_CONTEXT() REPRESENTATION_CONTEXT('2D SPACE',''
  ) );
#5572 = PCURVE('',#5573,#5578);
#5573 = PLANE('',#5574);
#5574 = AXIS2_PLACEMENT_3D('',#5575,#5576,#5577);
#5575 = CARTESIAN_POINT('',(76.,30.,4.3));
#5576 = DIRECTION('',(0.,0.,1.));
#5577 = DIRECTION('',(-1.,-0.,0.));
#5578 = DEFINITIONAL_REPRESENTATION('',(#5579),#5583);
#5579 = LINE('',#5580,#5581);
#5580 = CARTESIAN_POINT('',(-0.,-0.));
#5581 = VECTOR('',#5582,1.);
#5582 = DIRECTION('',(-0.,1.));
#5583 = ( GEOMETRIC_REPRESENTATION_CONTEXT(2) 
PARAMETRIC_REPRESENTATION_CONTEXT() REPRESENTATION_CONTEXT('2D SPACE',''
  ) );
#5584 = ORIENTED_EDGE('',*,*,#5585,.T.);
#5585 = EDGE_CURVE('',#5558,#5586,#5588,.T.);
#5586 = VERTEX_POINT('',#5587);
#5587 = CARTESIAN_POINT('',(76.,20.724264068712,12.3));
#5588 = SURFACE_CURVE('',#5589,(#5593,#5600),.PCURVE_S1.);
#5589 = LINE('',#5590,#5591);
#5590 = CARTESIAN_POINT('',(76.,21.043198051534,12.618933982822));
#5591 = VECTOR('',#5592,1.);
#5592 = DIRECTION('',(-0.,0.707106781187,0.707106781187));
#5593 = PCURVE('',#5505,#5594);
#5594 = DEFINITIONAL_REPRESENTATION('',(#5595),#5599);
#5595 = LINE('',#5596,#5597);
#5596 = CARTESIAN_POINT('',(-8.318933982822,-8.956801948466));
#5597 = VECTOR('',#5598,1.);
#5598 = DIRECTION('',(-0.707106781187,0.707106781187));
#5599 = ( GEOMETRIC_REPRESENTATION_CONTEXT(2) 
PARAMETRIC_REPRESENTATION_CONTEXT() REPRESENTATION_CONTEXT('2D SPACE',''
  ) );
#5600 = PCURVE('',#5601,#5606);
#5601 = PLANE('',#5602);
#5602 = AXIS2_PLACEMENT_3D('',#5603,#5604,#5605);
#5603 = CARTESIAN_POINT('',(75.,20.724264068712,12.3));
#5604 = DIRECTION('',(-0.,-0.707106781187,0.707106781187));
#5605 = DIRECTION('',(0.,0.707106781187,0.707106781187));
#5606 = DEFINITIONAL_REPRESENTATION('',(#5607),#5611);
#5607 = LINE('',#5608,#5609);
#5608 = CARTESIAN_POINT('',(0.451040764009,-1.));
#5609 = VECTOR('',#5610,1.);
#5610 = DIRECTION('',(1.,-0.));
#5611 = ( GEOMETRIC_REPRESENTATION_CONTEXT(2) 
PARAMETRIC_REPRESENTATION_CONTEXT() REPRESENTATION_CONTEXT('2D SPACE',''
  ) );
#5612 = ORIENTED_EDGE('',*,*,#5613,.T.);
#5613 = EDGE_CURVE('',#5586,#5614,#5616,.T.);
#5614 = VERTEX_POINT('',#5615);
#5615 = CARTESIAN_POINT('',(76.,-20.72426406871,12.3));
#5616 = SURFACE_CURVE('',#5617,(#5621,#5628),.PCURVE_S1.);
#5617 = LINE('',#5618,#5619);
#5618 = CARTESIAN_POINT('',(76.,4.637867965644,12.3));
#5619 = VECTOR('',#5620,1.);
#5620 = DIRECTION('',(-0.,-1.,-0.));
#5621 = PCURVE('',#5505,#5622);
#5622 = DEFINITIONAL_REPRESENTATION('',(#5623),#5627);
#5623 = LINE('',#5624,#5625);
#5624 = CARTESIAN_POINT('',(-8.,-25.36213203435));
#5625 = VECTOR('',#5626,1.);
#5626 = DIRECTION('',(-0.,-1.));
#5627 = ( GEOMETRIC_REPRESENTATION_CONTEXT(2) 
PARAMETRIC_REPRESENTATION_CONTEXT() REPRESENTATION_CONTEXT('2D SPACE',''
  ) );
#5628 = PCURVE('',#5629,#5634);
#5629 = PLANE('',#5630);
#5630 = AXIS2_PLACEMENT_3D('',#5631,#5632,#5633);
#5631 = CARTESIAN_POINT('',(75.,-20.72426406871,12.3));
#5632 = DIRECTION('',(-0.,-0.,-1.));
#5633 = DIRECTION('',(0.,-1.,0.));
#5634 = DEFINITIONAL_REPRESENTATION('',(#5635),#5639);
#5635 = LINE('',#5636,#5637);
#5636 = CARTESIAN_POINT('',(-25.36213203435,-1.));
#5637 = VECTOR('',#5638,1.);
#5638 = DIRECTION('',(1.,-0.));
#5639 = ( GEOMETRIC_REPRESENTATION_CONTEXT(2) 
PARAMETRIC_REPRESENTATION_CONTEXT() REPRESENTATION_CONTEXT('2D SPACE',''
  ) );
#5640 = ORIENTED_EDGE('',*,*,#5641,.T.);
#5641 = EDGE_CURVE('',#5614,#5642,#5644,.T.);
#5642 = VERTEX_POINT('',#5643);
#5643 = CARTESIAN_POINT('',(76.,-12.72426406871,4.3));
#5644 = SURFACE_CURVE('',#5645,(#5649,#5656),.PCURVE_S1.);
#5645 = LINE('',#5646,#5647);
#5646 = CARTESIAN_POINT('',(76.,-0.893198051534,-7.531066017178));
#5647 = VECTOR('',#5648,1.);
#5648 = DIRECTION('',(0.,0.707106781187,-0.707106781187));
#5649 = PCURVE('',#5505,#5650);
#5650 = DEFINITIONAL_REPRESENTATION('',(#5651),#5655);
#5651 = LINE('',#5652,#5653);
#5652 = CARTESIAN_POINT('',(11.831066017178,-30.89319805153));
#5653 = VECTOR('',#5654,1.);
#5654 = DIRECTION('',(0.707106781187,0.707106781187));
#5655 = ( GEOMETRIC_REPRESENTATION_CONTEXT(2) 
PARAMETRIC_REPRESENTATION_CONTEXT() REPRESENTATION_CONTEXT('2D SPACE',''
  ) );
#5656 = PCURVE('',#5657,#5662);
#5657 = PLANE('',#5658);
#5658 = AXIS2_PLACEMENT_3D('',#5659,#5660,#5661);
#5659 = CARTESIAN_POINT('',(75.,-10.42426406871,2.));
#5660 = DIRECTION('',(-0.,0.707106781187,0.707106781187));
#5661 = DIRECTION('',(0.,0.707106781187,-0.707106781187));
#5662 = DEFINITIONAL_REPRESENTATION('',(#5663),#5667);
#5663 = LINE('',#5664,#5665);
#5664 = CARTESIAN_POINT('',(13.478962825366,-1.));
#5665 = VECTOR('',#5666,1.);
#5666 = DIRECTION('',(1.,-0.));
#5667 = ( GEOMETRIC_REPRESENTATION_CONTEXT(2) 
PARAMETRIC_REPRESENTATION_CONTEXT() REPRESENTATION_CONTEXT('2D SPACE',''
  ) );
#5668 = ORIENTED_EDGE('',*,*,#5669,.T.);
#5669 = EDGE_CURVE('',#5642,#5670,#5672,.T.);
#5670 = VERTEX_POINT('',#5671);
#5671 = CARTESIAN_POINT('',(76.,-30.,4.3));
#5672 = SURFACE_CURVE('',#5673,(#5677,#5684),.PCURVE_S1.);
#5673 = LINE('',#5674,#5675);
#5674 = CARTESIAN_POINT('',(76.,30.,4.3));
#5675 = VECTOR('',#5676,1.);
#5676 = DIRECTION('',(0.,-1.,0.));
#5677 = PCURVE('',#5505,#5678);
#5678 = DEFINITIONAL_REPRESENTATION('',(#5679),#5683);
#5679 = LINE('',#5680,#5681);
#5680 = CARTESIAN_POINT('',(-0.,0.));
#5681 = VECTOR('',#5682,1.);
#5682 = DIRECTION('',(-0.,-1.));
#5683 = ( GEOMETRIC_REPRESENTATION_CONTEXT(2) 
PARAMETRIC_REPRESENTATION_CONTEXT() REPRESENTATION_CONTEXT('2D SPACE',''
  ) );
#5684 = PCURVE('',#5685,#5690);
#5685 = PLANE('',#5686);
#5686 = AXIS2_PLACEMENT_3D('',#5687,#5688,#5689);
#5687 = CARTESIAN_POINT('',(76.,30.,4.3));
#5688 = DIRECTION('',(0.,0.,1.));
#5689 = DIRECTION('',(-1.,-0.,0.));
#5690 = DEFINITIONAL_REPRESENTATION('',(#5691),#5695);
#5691 = LINE('',#5692,#5693);
#5692 = CARTESIAN_POINT('',(-0.,0.));
#5693 = VECTOR('',#5694,1.);
#5694 = DIRECTION('',(-0.,1.));
#5695 = ( GEOMETRIC_REPRESENTATION_CONTEXT(2) 
PARAMETRIC_REPRESENTATION_CONTEXT() REPRESENTATION_CONTEXT('2D SPACE',''
  ) );
#5696 = ORIENTED_EDGE('',*,*,#5697,.T.);
#5697 = EDGE_CURVE('',#5670,#5698,#5700,.T.);
#5698 = VERTEX_POINT('',#5699);
#5699 = CARTESIAN_POINT('',(76.,-30.,23.3));
#5700 = SURFACE_CURVE('',#5701,(#5705,#5712),.PCURVE_S1.);
#5701 = LINE('',#5702,#5703);
#5702 = CARTESIAN_POINT('',(76.,-30.,4.3));
#5703 = VECTOR('',#5704,1.);
#5704 = DIRECTION('',(0.,0.,1.));
#5705 = PCURVE('',#5505,#5706);
#5706 = DEFINITIONAL_REPRESENTATION('',(#5707),#5711);
#5707 = LINE('',#5708,#5709);
#5708 = CARTESIAN_POINT('',(-0.,-60.));
#5709 = VECTOR('',#5710,1.);
#5710 = DIRECTION('',(-1.,0.));
#5711 = ( GEOMETRIC_REPRESENTATION_CONTEXT(2) 
PARAMETRIC_REPRESENTATION_CONTEXT() REPRESENTATION_CONTEXT('2D SPACE',''
  ) );
#5712 = PCURVE('',#5713,#5718);
#5713 = PLANE('',#5714);
#5714 = AXIS2_PLACEMENT_3D('',#5715,#5716,#5717);
#5715 = CARTESIAN_POINT('',(76.,-30.,4.3));
#5716 = DIRECTION('',(0.,-1.,0.));
#5717 = DIRECTION('',(0.,-0.,-1.));
#5718 = DEFINITIONAL_REPRESENTATION('',(#5719),#5723);
#5719 = LINE('',#5720,#5721);
#5720 = CARTESIAN_POINT('',(-0.,0.));
#5721 = VECTOR('',#5722,1.);
#5722 = DIRECTION('',(-1.,0.));
#5723 = ( GEOMETRIC_REPRESENTATION_CONTEXT(2) 
PARAMETRIC_REPRESENTATION_CONTEXT() REPRESENTATION_CONTEXT('2D SPACE',''
  ) );
#5724 = ORIENTED_EDGE('',*,*,#5725,.F.);
#5725 = EDGE_CURVE('',#5726,#5698,#5728,.T.);
#5726 = VERTEX_POINT('',#5727);
#5727 = CARTESIAN_POINT('',(76.,-12.,23.3));
#5728 = SURFACE_CURVE('',#5729,(#5733,#5740),.PCURVE_S1.);
#5729 = LINE('',#5730,#5731);
#5730 = CARTESIAN_POINT('',(76.,30.,23.3));
#5731 = VECTOR('',#5732,1.);
#5732 = DIRECTION('',(0.,-1.,0.));
#5733 = PCURVE('',#5505,#5734);
#5734 = DEFINITIONAL_REPRESENTATION('',(#5735),#5739);
#5735 = LINE('',#5736,#5737);
#5736 = CARTESIAN_POINT('',(-19.,0.));
#5737 = VECTOR('',#5738,1.);
#5738 = DIRECTION('',(-0.,-1.));
#5739 = ( GEOMETRIC_REPRESENTATION_CONTEXT(2) 
PARAMETRIC_REPRESENTATION_CONTEXT() REPRESENTATION_CONTEXT('2D SPACE',''
  ) );
#5740 = PCURVE('',#5517,#5741);
#5741 = DEFINITIONAL_REPRESENTATION('',(#5742),#5746);
#5742 = LINE('',#5743,#5744);
#5743 = CARTESIAN_POINT('',(-0.,0.));
#5744 = VECTOR('',#5745,1.);
#5745 = DIRECTION('',(-0.,1.));
#5746 = ( GEOMETRIC_REPRESENTATION_CONTEXT(2) 
PARAMETRIC_REPRESENTATION_CONTEXT() REPRESENTATION_CONTEXT('2D SPACE',''
  ) );
#5747 = ORIENTED_EDGE('',*,*,#5748,.F.);
#5748 = EDGE_CURVE('',#5749,#5726,#5751,.T.);
#5749 = VERTEX_POINT('',#5750);
#5750 = CARTESIAN_POINT('',(76.,-12.,20.3));
#5751 = SURFACE_CURVE('',#5752,(#5756,#5763),.PCURVE_S1.);
#5752 = LINE('',#5753,#5754);
#5753 = CARTESIAN_POINT('',(76.,-12.,12.3));
#5754 = VECTOR('',#5755,1.);
#5755 = DIRECTION('',(-0.,-0.,1.));
#5756 = PCURVE('',#5505,#5757);
#5757 = DEFINITIONAL_REPRESENTATION('',(#5758),#5762);
#5758 = LINE('',#5759,#5760);
#5759 = CARTESIAN_POINT('',(-8.,-42.));
#5760 = VECTOR('',#5761,1.);
#5761 = DIRECTION('',(-1.,0.));
#5762 = ( GEOMETRIC_REPRESENTATION_CONTEXT(2) 
PARAMETRIC_REPRESENTATION_CONTEXT() REPRESENTATION_CONTEXT('2D SPACE',''
  ) );
#5763 = PCURVE('',#5764,#5769);
#5764 = PLANE('',#5765);
#5765 = AXIS2_PLACEMENT_3D('',#5766,#5767,#5768);
#5766 = CARTESIAN_POINT('',(75.,-12.,20.3));
#5767 = DIRECTION('',(0.,-1.,0.));
#5768 = DIRECTION('',(0.,-0.,-1.));
#5769 = DEFINITIONAL_REPRESENTATION('',(#5770),#5774);
#5770 = LINE('',#5771,#5772);
#5771 = CARTESIAN_POINT('',(8.,1.));
#5772 = VECTOR('',#5773,1.);
#5773 = DIRECTION('',(-1.,0.));
#5774 = ( GEOMETRIC_REPRESENTATION_CONTEXT(2) 
PARAMETRIC_REPRESENTATION_CONTEXT() REPRESENTATION_CONTEXT('2D SPACE',''
  ) );
#5775 = ORIENTED_EDGE('',*,*,#5776,.T.);
#5776 = EDGE_CURVE('',#5749,#5777,#5779,.T.);
#5777 = VERTEX_POINT('',#5778);
#5778 = CARTESIAN_POINT('',(76.,12.,20.3));
#5779 = SURFACE_CURVE('',#5780,(#5784,#5791),.PCURVE_S1.);
#5780 = LINE('',#5781,#5782);
#5781 = CARTESIAN_POINT('',(76.,21.,20.3));
#5782 = VECTOR('',#5783,1.);
#5783 = DIRECTION('',(-0.,1.,-0.));
#5784 = PCURVE('',#5505,#5785);
#5785 = DEFINITIONAL_REPRESENTATION('',(#5786),#5790);
#5786 = LINE('',#5787,#5788);
#5787 = CARTESIAN_POINT('',(-16.,-9.));
#5788 = VECTOR('',#5789,1.);
#5789 = DIRECTION('',(-0.,1.));
#5790 = ( GEOMETRIC_REPRESENTATION_CONTEXT(2) 
PARAMETRIC_REPRESENTATION_CONTEXT() REPRESENTATION_CONTEXT('2D SPACE',''
  ) );
#5791 = PCURVE('',#5792,#5797);
#5792 = PLANE('',#5793);
#5793 = AXIS2_PLACEMENT_3D('',#5794,#5795,#5796);
#5794 = CARTESIAN_POINT('',(75.,12.,20.3));
#5795 = DIRECTION('',(0.,0.,1.));
#5796 = DIRECTION('',(-1.,-0.,0.));
#5797 = DEFINITIONAL_REPRESENTATION('',(#5798),#5802);
#5798 = LINE('',#5799,#5800);
#5799 = CARTESIAN_POINT('',(-1.,-9.));
#5800 = VECTOR('',#5801,1.);
#5801 = DIRECTION('',(-0.,-1.));
#5802 = ( GEOMETRIC_REPRESENTATION_CONTEXT(2) 
PARAMETRIC_REPRESENTATION_CONTEXT() REPRESENTATION_CONTEXT('2D SPACE',''
  ) );
#5803 = ORIENTED_EDGE('',*,*,#5804,.T.);
#5804 = EDGE_CURVE('',#5777,#5497,#5805,.T.);
#5805 = SURFACE_CURVE('',#5806,(#5810,#5817),.PCURVE_S1.);
#5806 = LINE('',#5807,#5808);
#5807 = CARTESIAN_POINT('',(76.,12.,12.3));
#5808 = VECTOR('',#5809,1.);
#5809 = DIRECTION('',(-0.,-0.,1.));
#5810 = PCURVE('',#5505,#5811);
#5811 = DEFINITIONAL_REPRESENTATION('',(#5812),#5816);
#5812 = LINE('',#5813,#5814);
#5813 = CARTESIAN_POINT('',(-8.,-18.));
#5814 = VECTOR('',#5815,1.);
#5815 = DIRECTION('',(-1.,0.));
#5816 = ( GEOMETRIC_REPRESENTATION_CONTEXT(2) 
PARAMETRIC_REPRESENTATION_CONTEXT() REPRESENTATION_CONTEXT('2D SPACE',''
  ) );
#5817 = PCURVE('',#5818,#5823);
#5818 = PLANE('',#5819);
#5819 = AXIS2_PLACEMENT_3D('',#5820,#5821,#5822);
#5820 = CARTESIAN_POINT('',(75.,12.,20.3));
#5821 = DIRECTION('',(0.,-1.,0.));
#5822 = DIRECTION('',(0.,-0.,-1.));
#5823 = DEFINITIONAL_REPRESENTATION('',(#5824),#5828);
#5824 = LINE('',#5825,#5826);
#5825 = CARTESIAN_POINT('',(8.,1.));
#5826 = VECTOR('',#5827,1.);
#5827 = DIRECTION('',(-1.,0.));
#5828 = ( GEOMETRIC_REPRESENTATION_CONTEXT(2) 
PARAMETRIC_REPRESENTATION_CONTEXT() REPRESENTATION_CONTEXT('2D SPACE',''
  ) );
#5829 = ADVANCED_FACE('',(#5830),#5545,.F.);
#5830 = FACE_BOUND('',#5831,.T.);
#5831 = EDGE_LOOP('',(#5832,#5855,#5856,#5879));
#5832 = ORIENTED_EDGE('',*,*,#5833,.F.);
#5833 = EDGE_CURVE('',#5530,#5834,#5836,.T.);
#5834 = VERTEX_POINT('',#5835);
#5835 = CARTESIAN_POINT('',(124.,30.,4.3));
#5836 = SURFACE_CURVE('',#5837,(#5841,#5848),.PCURVE_S1.);
#5837 = LINE('',#5838,#5839);
#5838 = CARTESIAN_POINT('',(76.,30.,4.3));
#5839 = VECTOR('',#5840,1.);
#5840 = DIRECTION('',(1.,0.,0.));
#5841 = PCURVE('',#5545,#5842);
#5842 = DEFINITIONAL_REPRESENTATION('',(#5843),#5847);
#5843 = LINE('',#5844,#5845);
#5844 = CARTESIAN_POINT('',(-0.,0.));
#5845 = VECTOR('',#5846,1.);
#5846 = DIRECTION('',(-0.,1.));
#5847 = ( GEOMETRIC_REPRESENTATION_CONTEXT(2) 
PARAMETRIC_REPRESENTATION_CONTEXT() REPRESENTATION_CONTEXT('2D SPACE',''
  ) );
#5848 = PCURVE('',#5573,#5849);
#5849 = DEFINITIONAL_REPRESENTATION('',(#5850),#5854);
#5850 = LINE('',#5851,#5852);
#5851 = CARTESIAN_POINT('',(-0.,-0.));
#5852 = VECTOR('',#5853,1.);
#5853 = DIRECTION('',(-1.,-0.));
#5854 = ( GEOMETRIC_REPRESENTATION_CONTEXT(2) 
PARAMETRIC_REPRESENTATION_CONTEXT() REPRESENTATION_CONTEXT('2D SPACE',''
  ) );
#5855 = ORIENTED_EDGE('',*,*,#5529,.T.);
#5856 = ORIENTED_EDGE('',*,*,#5857,.T.);
#5857 = EDGE_CURVE('',#5495,#5858,#5860,.T.);
#5858 = VERTEX_POINT('',#5859);
#5859 = CARTESIAN_POINT('',(124.,30.,23.3));
#5860 = SURFACE_CURVE('',#5861,(#5865,#5872),.PCURVE_S1.);
#5861 = LINE('',#5862,#5863);
#5862 = CARTESIAN_POINT('',(76.,30.,23.3));
#5863 = VECTOR('',#5864,1.);
#5864 = DIRECTION('',(1.,0.,0.));
#5865 = PCURVE('',#5545,#5866);
#5866 = DEFINITIONAL_REPRESENTATION('',(#5867),#5871);
#5867 = LINE('',#5868,#5869);
#5868 = CARTESIAN_POINT('',(-19.,0.));
#5869 = VECTOR('',#5870,1.);
#5870 = DIRECTION('',(-0.,1.));
#5871 = ( GEOMETRIC_REPRESENTATION_CONTEXT(2) 
PARAMETRIC_REPRESENTATION_CONTEXT() REPRESENTATION_CONTEXT('2D SPACE',''
  ) );
#5872 = PCURVE('',#5517,#5873);
#5873 = DEFINITIONAL_REPRESENTATION('',(#5874),#5878);
#5874 = LINE('',#5875,#5876);
#5875 = CARTESIAN_POINT('',(-0.,0.));
#5876 = VECTOR('',#5877,1.);
#5877 = DIRECTION('',(-1.,0.));
#5878 = ( GEOMETRIC_REPRESENTATION_CONTEXT(2) 
PARAMETRIC_REPRESENTATION_CONTEXT() REPRESENTATION_CONTEXT('2D SPACE',''
  ) );
#5879 = ORIENTED_EDGE('',*,*,#5880,.F.);
#5880 = EDGE_CURVE('',#5834,#5858,#5881,.T.);
#5881 = SURFACE_CURVE('',#5882,(#5886,#5893),.PCURVE_S1.);
#5882 = LINE('',#5883,#5884);
#5883 = CARTESIAN_POINT('',(124.,30.,4.3));
#5884 = VECTOR('',#5885,1.);
#5885 = DIRECTION('',(0.,0.,1.));
#5886 = PCURVE('',#5545,#5887);
#5887 = DEFINITIONAL_REPRESENTATION('',(#5888),#5892);
#5888 = LINE('',#5889,#5890);
#5889 = CARTESIAN_POINT('',(-0.,48.));
#5890 = VECTOR('',#5891,1.);
#5891 = DIRECTION('',(-1.,0.));
#5892 = ( GEOMETRIC_REPRESENTATION_CONTEXT(2) 
PARAMETRIC_REPRESENTATION_CONTEXT() REPRESENTATION_CONTEXT('2D SPACE',''
  ) );
#5893 = PCURVE('',#5894,#5899);
#5894 = PLANE('',#5895);
#5895 = AXIS2_PLACEMENT_3D('',#5896,#5897,#5898);
#5896 = CARTESIAN_POINT('',(124.,30.,4.3));
#5897 = DIRECTION('',(1.,0.,0.));
#5898 = DIRECTION('',(0.,-0.,-1.));
#5899 = DEFINITIONAL_REPRESENTATION('',(#5900),#5904);
#5900 = LINE('',#5901,#5902);
#5901 = CARTESIAN_POINT('',(-0.,0.));
#5902 = VECTOR('',#5903,1.);
#5903 = DIRECTION('',(-1.,0.));
#5904 = ( GEOMETRIC_REPRESENTATION_CONTEXT(2) 
PARAMETRIC_REPRESENTATION_CONTEXT() REPRESENTATION_CONTEXT('2D SPACE',''
  ) );
#5905 = ADVANCED_FACE('',(#5906),#5894,.T.);
#5906 = FACE_BOUND('',#5907,.F.);
#5907 = EDGE_LOOP('',(#5908,#5931,#5932,#5955,#5978,#6001,#6029,#6057));
#5908 = ORIENTED_EDGE('',*,*,#5909,.F.);
#5909 = EDGE_CURVE('',#5858,#5910,#5912,.T.);
#5910 = VERTEX_POINT('',#5911);
#5911 = CARTESIAN_POINT('',(124.,29.,23.3));
#5912 = SURFACE_CURVE('',#5913,(#5917,#5924),.PCURVE_S1.);
#5913 = LINE('',#5914,#5915);
#5914 = CARTESIAN_POINT('',(124.,30.,23.3));
#5915 = VECTOR('',#5916,1.);
#5916 = DIRECTION('',(0.,-1.,0.));
#5917 = PCURVE('',#5894,#5918);
#5918 = DEFINITIONAL_REPRESENTATION('',(#5919),#5923);
#5919 = LINE('',#5920,#5921);
#5920 = CARTESIAN_POINT('',(-19.,0.));
#5921 = VECTOR('',#5922,1.);
#5922 = DIRECTION('',(-0.,-1.));
#5923 = ( GEOMETRIC_REPRESENTATION_CONTEXT(2) 
PARAMETRIC_REPRESENTATION_CONTEXT() REPRESENTATION_CONTEXT('2D SPACE',''
  ) );
#5924 = PCURVE('',#5517,#5925);
#5925 = DEFINITIONAL_REPRESENTATION('',(#5926),#5930);
#5926 = LINE('',#5927,#5928);
#5927 = CARTESIAN_POINT('',(-48.,0.));
#5928 = VECTOR('',#5929,1.);
#5929 = DIRECTION('',(-0.,1.));
#5930 = ( GEOMETRIC_REPRESENTATION_CONTEXT(2) 
PARAMETRIC_REPRESENTATION_CONTEXT() REPRESENTATION_CONTEXT('2D SPACE',''
  ) );
#5931 = ORIENTED_EDGE('',*,*,#5880,.F.);
#5932 = ORIENTED_EDGE('',*,*,#5933,.T.);
#5933 = EDGE_CURVE('',#5834,#5934,#5936,.T.);
#5934 = VERTEX_POINT('',#5935);
#5935 = CARTESIAN_POINT('',(124.,12.724264068712,4.3));
#5936 = SURFACE_CURVE('',#5937,(#5941,#5948),.PCURVE_S1.);
#5937 = LINE('',#5938,#5939);
#5938 = CARTESIAN_POINT('',(124.,30.,4.3));
#5939 = VECTOR('',#5940,1.);
#5940 = DIRECTION('',(0.,-1.,0.));
#5941 = PCURVE('',#5894,#5942);
#5942 = DEFINITIONAL_REPRESENTATION('',(#5943),#5947);
#5943 = LINE('',#5944,#5945);
#5944 = CARTESIAN_POINT('',(-0.,0.));
#5945 = VECTOR('',#5946,1.);
#5946 = DIRECTION('',(-0.,-1.));
#5947 = ( GEOMETRIC_REPRESENTATION_CONTEXT(2) 
PARAMETRIC_REPRESENTATION_CONTEXT() REPRESENTATION_CONTEXT('2D SPACE',''
  ) );
#5948 = PCURVE('',#5573,#5949);
#5949 = DEFINITIONAL_REPRESENTATION('',(#5950),#5954);
#5950 = LINE('',#5951,#5952);
#5951 = CARTESIAN_POINT('',(-48.,-0.));
#5952 = VECTOR('',#5953,1.);
#5953 = DIRECTION('',(-0.,1.));
#5954 = ( GEOMETRIC_REPRESENTATION_CONTEXT(2) 
PARAMETRIC_REPRESENTATION_CONTEXT() REPRESENTATION_CONTEXT('2D SPACE',''
  ) );
#5955 = ORIENTED_EDGE('',*,*,#5956,.T.);
#5956 = EDGE_CURVE('',#5934,#5957,#5959,.T.);
#5957 = VERTEX_POINT('',#5958);
#5958 = CARTESIAN_POINT('',(124.,20.724264068712,12.3));
#5959 = SURFACE_CURVE('',#5960,(#5964,#5971),.PCURVE_S1.);
#5960 = LINE('',#5961,#5962);
#5961 = CARTESIAN_POINT('',(124.,21.043198051534,12.618933982822));
#5962 = VECTOR('',#5963,1.);
#5963 = DIRECTION('',(-0.,0.707106781187,0.707106781187));
#5964 = PCURVE('',#5894,#5965);
#5965 = DEFINITIONAL_REPRESENTATION('',(#5966),#5970);
#5966 = LINE('',#5967,#5968);
#5967 = CARTESIAN_POINT('',(-8.318933982822,-8.956801948466));
#5968 = VECTOR('',#5969,1.);
#5969 = DIRECTION('',(-0.707106781187,0.707106781187));
#5970 = ( GEOMETRIC_REPRESENTATION_CONTEXT(2) 
PARAMETRIC_REPRESENTATION_CONTEXT() REPRESENTATION_CONTEXT('2D SPACE',''
  ) );
#5971 = PCURVE('',#5601,#5972);
#5972 = DEFINITIONAL_REPRESENTATION('',(#5973),#5977);
#5973 = LINE('',#5974,#5975);
#5974 = CARTESIAN_POINT('',(0.451040764009,-49.));
#5975 = VECTOR('',#5976,1.);
#5976 = DIRECTION('',(1.,-0.));
#5977 = ( GEOMETRIC_REPRESENTATION_CONTEXT(2) 
PARAMETRIC_REPRESENTATION_CONTEXT() REPRESENTATION_CONTEXT('2D SPACE',''
  ) );
#5978 = ORIENTED_EDGE('',*,*,#5979,.T.);
#5979 = EDGE_CURVE('',#5957,#5980,#5982,.T.);
#5980 = VERTEX_POINT('',#5981);
#5981 = CARTESIAN_POINT('',(124.,17.8,12.3));
#5982 = SURFACE_CURVE('',#5983,(#5987,#5994),.PCURVE_S1.);
#5983 = LINE('',#5984,#5985);
#5984 = CARTESIAN_POINT('',(124.,4.637867965644,12.3));
#5985 = VECTOR('',#5986,1.);
#5986 = DIRECTION('',(-0.,-1.,-0.));
#5987 = PCURVE('',#5894,#5988);
#5988 = DEFINITIONAL_REPRESENTATION('',(#5989),#5993);
#5989 = LINE('',#5990,#5991);
#5990 = CARTESIAN_POINT('',(-8.,-25.36213203435));
#5991 = VECTOR('',#5992,1.);
#5992 = DIRECTION('',(-0.,-1.));
#5993 = ( GEOMETRIC_REPRESENTATION_CONTEXT(2) 
PARAMETRIC_REPRESENTATION_CONTEXT() REPRESENTATION_CONTEXT('2D SPACE',''
  ) );
#5994 = PCURVE('',#5629,#5995);
#5995 = DEFINITIONAL_REPRESENTATION('',(#5996),#6000);
#5996 = LINE('',#5997,#5998);
#5997 = CARTESIAN_POINT('',(-25.36213203435,-49.));
#5998 = VECTOR('',#5999,1.);
#5999 = DIRECTION('',(1.,-0.));
#6000 = ( GEOMETRIC_REPRESENTATION_CONTEXT(2) 
PARAMETRIC_REPRESENTATION_CONTEXT() REPRESENTATION_CONTEXT('2D SPACE',''
  ) );
#6001 = ORIENTED_EDGE('',*,*,#6002,.T.);
#6002 = EDGE_CURVE('',#5980,#6003,#6005,.T.);
#6003 = VERTEX_POINT('',#6004);
#6004 = CARTESIAN_POINT('',(124.,17.8,19.3));
#6005 = SURFACE_CURVE('',#6006,(#6010,#6017),.PCURVE_S1.);
#6006 = LINE('',#6007,#6008);
#6007 = CARTESIAN_POINT('',(124.,17.8,8.3));
#6008 = VECTOR('',#6009,1.);
#6009 = DIRECTION('',(-0.,-0.,1.));
#6010 = PCURVE('',#5894,#6011);
#6011 = DEFINITIONAL_REPRESENTATION('',(#6012),#6016);
#6012 = LINE('',#6013,#6014);
#6013 = CARTESIAN_POINT('',(-4.,-12.2));
#6014 = VECTOR('',#6015,1.);
#6015 = DIRECTION('',(-1.,0.));
#6016 = ( GEOMETRIC_REPRESENTATION_CONTEXT(2) 
PARAMETRIC_REPRESENTATION_CONTEXT() REPRESENTATION_CONTEXT('2D SPACE',''
  ) );
#6017 = PCURVE('',#6018,#6023);
#6018 = PLANE('',#6019);
#6019 = AXIS2_PLACEMENT_3D('',#6020,#6021,#6022);
#6020 = CARTESIAN_POINT('',(108.,17.8,12.3));
#6021 = DIRECTION('',(0.,-1.,0.));
#6022 = DIRECTION('',(0.,-0.,-1.));
#6023 = DEFINITIONAL_REPRESENTATION('',(#6024),#6028);
#6024 = LINE('',#6025,#6026);
#6025 = CARTESIAN_POINT('',(4.,16.));
#6026 = VECTOR('',#6027,1.);
#6027 = DIRECTION('',(-1.,0.));
#6028 = ( GEOMETRIC_REPRESENTATION_CONTEXT(2) 
PARAMETRIC_REPRESENTATION_CONTEXT() REPRESENTATION_CONTEXT('2D SPACE',''
  ) );
#6029 = ORIENTED_EDGE('',*,*,#6030,.T.);
#6030 = EDGE_CURVE('',#6003,#6031,#6033,.T.);
#6031 = VERTEX_POINT('',#6032);
#6032 = CARTESIAN_POINT('',(124.,29.,19.3));
#6033 = SURFACE_CURVE('',#6034,(#6038,#6045),.PCURVE_S1.);
#6034 = LINE('',#6035,#6036);
#6035 = CARTESIAN_POINT('',(124.,29.5,19.3));
#6036 = VECTOR('',#6037,1.);
#6037 = DIRECTION('',(-0.,1.,-0.));
#6038 = PCURVE('',#5894,#6039);
#6039 = DEFINITIONAL_REPRESENTATION('',(#6040),#6044);
#6040 = LINE('',#6041,#6042);
#6041 = CARTESIAN_POINT('',(-15.,-0.5));
#6042 = VECTOR('',#6043,1.);
#6043 = DIRECTION('',(-0.,1.));
#6044 = ( GEOMETRIC_REPRESENTATION_CONTEXT(2) 
PARAMETRIC_REPRESENTATION_CONTEXT() REPRESENTATION_CONTEXT('2D SPACE',''
  ) );
#6045 = PCURVE('',#6046,#6051);
#6046 = PLANE('',#6047);
#6047 = AXIS2_PLACEMENT_3D('',#6048,#6049,#6050);
#6048 = CARTESIAN_POINT('',(108.,-10.2,19.3));
#6049 = DIRECTION('',(0.,0.,1.));
#6050 = DIRECTION('',(-1.,-0.,0.));
#6051 = DEFINITIONAL_REPRESENTATION('',(#6052),#6056);
#6052 = LINE('',#6053,#6054);
#6053 = CARTESIAN_POINT('',(-16.,-39.7));
#6054 = VECTOR('',#6055,1.);
#6055 = DIRECTION('',(-0.,-1.));
#6056 = ( GEOMETRIC_REPRESENTATION_CONTEXT(2) 
PARAMETRIC_REPRESENTATION_CONTEXT() REPRESENTATION_CONTEXT('2D SPACE',''
  ) );
#6057 = ORIENTED_EDGE('',*,*,#6058,.T.);
#6058 = EDGE_CURVE('',#6031,#5910,#6059,.T.);
#6059 = SURFACE_CURVE('',#6060,(#6064,#6071),.PCURVE_S1.);
#6060 = LINE('',#6061,#6062);
#6061 = CARTESIAN_POINT('',(124.,29.,11.8));
#6062 = VECTOR('',#6063,1.);
#6063 = DIRECTION('',(-0.,-0.,1.));
#6064 = PCURVE('',#5894,#6065);
#6065 = DEFINITIONAL_REPRESENTATION('',(#6066),#6070);
#6066 = LINE('',#6067,#6068);
#6067 = CARTESIAN_POINT('',(-7.5,-1.));
#6068 = VECTOR('',#6069,1.);
#6069 = DIRECTION('',(-1.,0.));
#6070 = ( GEOMETRIC_REPRESENTATION_CONTEXT(2) 
PARAMETRIC_REPRESENTATION_CONTEXT() REPRESENTATION_CONTEXT('2D SPACE',''
  ) );
#6071 = PCURVE('',#6072,#6077);
#6072 = PLANE('',#6073);
#6073 = AXIS2_PLACEMENT_3D('',#6074,#6075,#6076);
#6074 = CARTESIAN_POINT('',(114.,29.,19.3));
#6075 = DIRECTION('',(0.,-1.,0.));
#6076 = DIRECTION('',(0.,-0.,-1.));
#6077 = DEFINITIONAL_REPRESENTATION('',(#6078),#6082);
#6078 = LINE('',#6079,#6080);
#6079 = CARTESIAN_POINT('',(7.5,10.));
#6080 = VECTOR('',#6081,1.);
#6081 = DIRECTION('',(-1.,0.));
#6082 = ( GEOMETRIC_REPRESENTATION_CONTEXT(2) 
PARAMETRIC_REPRESENTATION_CONTEXT() REPRESENTATION_CONTEXT('2D SPACE',''
  ) );
#6083 = ADVANCED_FACE('',(#6084),#6018,.T.);
#6084 = FACE_BOUND('',#6085,.F.);
#6085 = EDGE_LOOP('',(#6086,#6109,#6137,#6158));
#6086 = ORIENTED_EDGE('',*,*,#6087,.F.);
#6087 = EDGE_CURVE('',#6088,#5980,#6090,.T.);
#6088 = VERTEX_POINT('',#6089);
#6089 = CARTESIAN_POINT('',(108.,17.8,12.3));
#6090 = SURFACE_CURVE('',#6091,(#6095,#6102),.PCURVE_S1.);
#6091 = LINE('',#6092,#6093);
#6092 = CARTESIAN_POINT('',(108.,17.8,12.3));
#6093 = VECTOR('',#6094,1.);
#6094 = DIRECTION('',(1.,0.,0.));
#6095 = PCURVE('',#6018,#6096);
#6096 = DEFINITIONAL_REPRESENTATION('',(#6097),#6101);
#6097 = LINE('',#6098,#6099);
#6098 = CARTESIAN_POINT('',(-0.,0.));
#6099 = VECTOR('',#6100,1.);
#6100 = DIRECTION('',(-0.,1.));
#6101 = ( GEOMETRIC_REPRESENTATION_CONTEXT(2) 
PARAMETRIC_REPRESENTATION_CONTEXT() REPRESENTATION_CONTEXT('2D SPACE',''
  ) );
#6102 = PCURVE('',#5629,#6103);
#6103 = DEFINITIONAL_REPRESENTATION('',(#6104),#6108);
#6104 = LINE('',#6105,#6106);
#6105 = CARTESIAN_POINT('',(-38.52426406871,-33.));
#6106 = VECTOR('',#6107,1.);
#6107 = DIRECTION('',(-0.,-1.));
#6108 = ( GEOMETRIC_REPRESENTATION_CONTEXT(2) 
PARAMETRIC_REPRESENTATION_CONTEXT() REPRESENTATION_CONTEXT('2D SPACE',''
  ) );
#6109 = ORIENTED_EDGE('',*,*,#6110,.T.);
#6110 = EDGE_CURVE('',#6088,#6111,#6113,.T.);
#6111 = VERTEX_POINT('',#6112);
#6112 = CARTESIAN_POINT('',(108.,17.8,19.3));
#6113 = SURFACE_CURVE('',#6114,(#6118,#6125),.PCURVE_S1.);
#6114 = LINE('',#6115,#6116);
#6115 = CARTESIAN_POINT('',(108.,17.8,12.3));
#6116 = VECTOR('',#6117,1.);
#6117 = DIRECTION('',(0.,0.,1.));
#6118 = PCURVE('',#6018,#6119);
#6119 = DEFINITIONAL_REPRESENTATION('',(#6120),#6124);
#6120 = LINE('',#6121,#6122);
#6121 = CARTESIAN_POINT('',(-0.,0.));
#6122 = VECTOR('',#6123,1.);
#6123 = DIRECTION('',(-1.,0.));
#6124 = ( GEOMETRIC_REPRESENTATION_CONTEXT(2) 
PARAMETRIC_REPRESENTATION_CONTEXT() REPRESENTATION_CONTEXT('2D SPACE',''
  ) );
#6125 = PCURVE('',#6126,#6131);
#6126 = CYLINDRICAL_SURFACE('',#6127,3.8);
#6127 = AXIS2_PLACEMENT_3D('',#6128,#6129,#6130);
#6128 = CARTESIAN_POINT('',(108.,14.,12.3));
#6129 = DIRECTION('',(-0.,-0.,1.));
#6130 = DIRECTION('',(1.,-0.,-0.));
#6131 = DEFINITIONAL_REPRESENTATION('',(#6132),#6136);
#6132 = LINE('',#6133,#6134);
#6133 = CARTESIAN_POINT('',(-4.712388980385,0.));
#6134 = VECTOR('',#6135,1.);
#6135 = DIRECTION('',(-0.,1.));
#6136 = ( GEOMETRIC_REPRESENTATION_CONTEXT(2) 
PARAMETRIC_REPRESENTATION_CONTEXT() REPRESENTATION_CONTEXT('2D SPACE',''
  ) );
#6137 = ORIENTED_EDGE('',*,*,#6138,.T.);
#6138 = EDGE_CURVE('',#6111,#6003,#6139,.T.);
#6139 = SURFACE_CURVE('',#6140,(#6144,#6151),.PCURVE_S1.);
#6140 = LINE('',#6141,#6142);
#6141 = CARTESIAN_POINT('',(108.,17.8,19.3));
#6142 = VECTOR('',#6143,1.);
#6143 = DIRECTION('',(1.,0.,0.));
#6144 = PCURVE('',#6018,#6145);
#6145 = DEFINITIONAL_REPRESENTATION('',(#6146),#6150);
#6146 = LINE('',#6147,#6148);
#6147 = CARTESIAN_POINT('',(-7.,0.));
#6148 = VECTOR('',#6149,1.);
#6149 = DIRECTION('',(-0.,1.));
#6150 = ( GEOMETRIC_REPRESENTATION_CONTEXT(2) 
PARAMETRIC_REPRESENTATION_CONTEXT() REPRESENTATION_CONTEXT('2D SPACE',''
  ) );
#6151 = PCURVE('',#6046,#6152);
#6152 = DEFINITIONAL_REPRESENTATION('',(#6153),#6157);
#6153 = LINE('',#6154,#6155);
#6154 = CARTESIAN_POINT('',(-0.,-28.));
#6155 = VECTOR('',#6156,1.);
#6156 = DIRECTION('',(-1.,0.));
#6157 = ( GEOMETRIC_REPRESENTATION_CONTEXT(2) 
PARAMETRIC_REPRESENTATION_CONTEXT() REPRESENTATION_CONTEXT('2D SPACE',''
  ) );
#6158 = ORIENTED_EDGE('',*,*,#6002,.F.);
#6159 = ADVANCED_FACE('',(#6160),#6126,.F.);
#6160 = FACE_BOUND('',#6161,.T.);
#6161 = EDGE_LOOP('',(#6162,#6190,#6218,#6240));
#6162 = ORIENTED_EDGE('',*,*,#6163,.F.);
#6163 = EDGE_CURVE('',#6164,#6111,#6166,.T.);
#6164 = VERTEX_POINT('',#6165);
#6165 = CARTESIAN_POINT('',(108.,10.2,19.3));
#6166 = SURFACE_CURVE('',#6167,(#6172,#6179),.PCURVE_S1.);
#6167 = CIRCLE('',#6168,3.8);
#6168 = AXIS2_PLACEMENT_3D('',#6169,#6170,#6171);
#6169 = CARTESIAN_POINT('',(108.,14.,19.3));
#6170 = DIRECTION('',(0.,0.,-1.));
#6171 = DIRECTION('',(1.,-0.,-0.));
#6172 = PCURVE('',#6126,#6173);
#6173 = DEFINITIONAL_REPRESENTATION('',(#6174),#6178);
#6174 = LINE('',#6175,#6176);
#6175 = CARTESIAN_POINT('',(-0.,7.));
#6176 = VECTOR('',#6177,1.);
#6177 = DIRECTION('',(-1.,0.));
#6178 = ( GEOMETRIC_REPRESENTATION_CONTEXT(2) 
PARAMETRIC_REPRESENTATION_CONTEXT() REPRESENTATION_CONTEXT('2D SPACE',''
  ) );
#6179 = PCURVE('',#6046,#6180);
#6180 = DEFINITIONAL_REPRESENTATION('',(#6181),#6189);
#6181 = ( BOUNDED_CURVE() B_SPLINE_CURVE(2,(#6182,#6183,#6184,#6185,
#6186,#6187,#6188),.UNSPECIFIED.,.T.,.F.) B_SPLINE_CURVE_WITH_KNOTS((1,2
    ,2,2,2,1),(-2.094395102393,0.,2.094395102393,4.188790204786,
6.28318530718,8.377580409573),.UNSPECIFIED.) CURVE() 
GEOMETRIC_REPRESENTATION_ITEM() RATIONAL_B_SPLINE_CURVE((1.,0.5,1.,0.5,
1.,0.5,1.)) REPRESENTATION_ITEM('') );
#6182 = CARTESIAN_POINT('',(-3.8,-24.2));
#6183 = CARTESIAN_POINT('',(-3.8,-17.61820693123));
#6184 = CARTESIAN_POINT('',(1.9,-20.90910346561));
#6185 = CARTESIAN_POINT('',(7.6,-24.2));
#6186 = CARTESIAN_POINT('',(1.9,-27.49089653438));
#6187 = CARTESIAN_POINT('',(-3.8,-30.78179306876));
#6188 = CARTESIAN_POINT('',(-3.8,-24.2));
#6189 = ( GEOMETRIC_REPRESENTATION_CONTEXT(2) 
PARAMETRIC_REPRESENTATION_CONTEXT() REPRESENTATION_CONTEXT('2D SPACE',''
  ) );
#6190 = ORIENTED_EDGE('',*,*,#6191,.F.);
#6191 = EDGE_CURVE('',#6192,#6164,#6194,.T.);
#6192 = VERTEX_POINT('',#6193);
#6193 = CARTESIAN_POINT('',(108.,10.2,12.3));
#6194 = SURFACE_CURVE('',#6195,(#6199,#6206),.PCURVE_S1.);
#6195 = LINE('',#6196,#6197);
#6196 = CARTESIAN_POINT('',(108.,10.2,12.3));
#6197 = VECTOR('',#6198,1.);
#6198 = DIRECTION('',(0.,0.,1.));
#6199 = PCURVE('',#6126,#6200);
#6200 = DEFINITIONAL_REPRESENTATION('',(#6201),#6205);
#6201 = LINE('',#6202,#6203);
#6202 = CARTESIAN_POINT('',(-1.570796326795,0.));
#6203 = VECTOR('',#6204,1.);
#6204 = DIRECTION('',(-0.,1.));
#6205 = ( GEOMETRIC_REPRESENTATION_CONTEXT(2) 
PARAMETRIC_REPRESENTATION_CONTEXT() REPRESENTATION_CONTEXT('2D SPACE',''
  ) );
#6206 = PCURVE('',#6207,#6212);
#6207 = PLANE('',#6208);
#6208 = AXIS2_PLACEMENT_3D('',#6209,#6210,#6211);
#6209 = CARTESIAN_POINT('',(108.,10.2,12.3));
#6210 = DIRECTION('',(0.,-1.,0.));
#6211 = DIRECTION('',(0.,-0.,-1.));
#6212 = DEFINITIONAL_REPRESENTATION('',(#6213),#6217);
#6213 = LINE('',#6214,#6215);
#6214 = CARTESIAN_POINT('',(-0.,0.));
#6215 = VECTOR('',#6216,1.);
#6216 = DIRECTION('',(-1.,0.));
#6217 = ( GEOMETRIC_REPRESENTATION_CONTEXT(2) 
PARAMETRIC_REPRESENTATION_CONTEXT() REPRESENTATION_CONTEXT('2D SPACE',''
  ) );
#6218 = ORIENTED_EDGE('',*,*,#6219,.T.);
#6219 = EDGE_CURVE('',#6192,#6088,#6220,.T.);
#6220 = SURFACE_CURVE('',#6221,(#6226,#6233),.PCURVE_S1.);
#6221 = CIRCLE('',#6222,3.8);
#6222 = AXIS2_PLACEMENT_3D('',#6223,#6224,#6225);
#6223 = CARTESIAN_POINT('',(108.,14.,12.3));
#6224 = DIRECTION('',(0.,0.,-1.));
#6225 = DIRECTION('',(1.,-0.,-0.));
#6226 = PCURVE('',#6126,#6227);
#6227 = DEFINITIONAL_REPRESENTATION('',(#6228),#6232);
#6228 = LINE('',#6229,#6230);
#6229 = CARTESIAN_POINT('',(-0.,0.));
#6230 = VECTOR('',#6231,1.);
#6231 = DIRECTION('',(-1.,0.));
#6232 = ( GEOMETRIC_REPRESENTATION_CONTEXT(2) 
PARAMETRIC_REPRESENTATION_CONTEXT() REPRESENTATION_CONTEXT('2D SPACE',''
  ) );
#6233 = PCURVE('',#5629,#6234);
#6234 = DEFINITIONAL_REPRESENTATION('',(#6235),#6239);
#6235 = CIRCLE('',#6236,3.8);
#6236 = AXIS2_PLACEMENT_2D('',#6237,#6238);
#6237 = CARTESIAN_POINT('',(-34.72426406871,-33.));
#6238 = DIRECTION('',(-0.,-1.));
#6239 = ( GEOMETRIC_REPRESENTATION_CONTEXT(2) 
PARAMETRIC_REPRESENTATION_CONTEXT() REPRESENTATION_CONTEXT('2D SPACE',''
  ) );
#6240 = ORIENTED_EDGE('',*,*,#6110,.T.);
#6241 = ADVANCED_FACE('',(#6242),#6207,.F.);
#6242 = FACE_BOUND('',#6243,.T.);
#6243 = EDGE_LOOP('',(#6244,#6267,#6268,#6291));
#6244 = ORIENTED_EDGE('',*,*,#6245,.F.);
#6245 = EDGE_CURVE('',#6192,#6246,#6248,.T.);
#6246 = VERTEX_POINT('',#6247);
#6247 = CARTESIAN_POINT('',(124.,10.2,12.3));
#6248 = SURFACE_CURVE('',#6249,(#6253,#6260),.PCURVE_S1.);
#6249 = LINE('',#6250,#6251);
#6250 = CARTESIAN_POINT('',(108.,10.2,12.3));
#6251 = VECTOR('',#6252,1.);
#6252 = DIRECTION('',(1.,0.,0.));
#6253 = PCURVE('',#6207,#6254);
#6254 = DEFINITIONAL_REPRESENTATION('',(#6255),#6259);
#6255 = LINE('',#6256,#6257);
#6256 = CARTESIAN_POINT('',(-0.,0.));
#6257 = VECTOR('',#6258,1.);
#6258 = DIRECTION('',(-0.,1.));
#6259 = ( GEOMETRIC_REPRESENTATION_CONTEXT(2) 
PARAMETRIC_REPRESENTATION_CONTEXT() REPRESENTATION_CONTEXT('2D SPACE',''
  ) );
#6260 = PCURVE('',#5629,#6261);
#6261 = DEFINITIONAL_REPRESENTATION('',(#6262),#6266);
#6262 = LINE('',#6263,#6264);
#6263 = CARTESIAN_POINT('',(-30.92426406871,-33.));
#6264 = VECTOR('',#6265,1.);
#6265 = DIRECTION('',(-0.,-1.));
#6266 = ( GEOMETRIC_REPRESENTATION_CONTEXT(2) 
PARAMETRIC_REPRESENTATION_CONTEXT() REPRESENTATION_CONTEXT('2D SPACE',''
  ) );
#6267 = ORIENTED_EDGE('',*,*,#6191,.T.);
#6268 = ORIENTED_EDGE('',*,*,#6269,.T.);
#6269 = EDGE_CURVE('',#6164,#6270,#6272,.T.);
#6270 = VERTEX_POINT('',#6271);
#6271 = CARTESIAN_POINT('',(124.,10.2,19.3));
#6272 = SURFACE_CURVE('',#6273,(#6277,#6284),.PCURVE_S1.);
#6273 = LINE('',#6274,#6275);
#6274 = CARTESIAN_POINT('',(108.,10.2,19.3));
#6275 = VECTOR('',#6276,1.);
#6276 = DIRECTION('',(1.,0.,0.));
#6277 = PCURVE('',#6207,#6278);
#6278 = DEFINITIONAL_REPRESENTATION('',(#6279),#6283);
#6279 = LINE('',#6280,#6281);
#6280 = CARTESIAN_POINT('',(-7.,0.));
#6281 = VECTOR('',#6282,1.);
#6282 = DIRECTION('',(-0.,1.));
#6283 = ( GEOMETRIC_REPRESENTATION_CONTEXT(2) 
PARAMETRIC_REPRESENTATION_CONTEXT() REPRESENTATION_CONTEXT('2D SPACE',''
  ) );
#6284 = PCURVE('',#6046,#6285);
#6285 = DEFINITIONAL_REPRESENTATION('',(#6286),#6290);
#6286 = LINE('',#6287,#6288);
#6287 = CARTESIAN_POINT('',(-0.,-20.4));
#6288 = VECTOR('',#6289,1.);
#6289 = DIRECTION('',(-1.,0.));
#6290 = ( GEOMETRIC_REPRESENTATION_CONTEXT(2) 
PARAMETRIC_REPRESENTATION_CONTEXT() REPRESENTATION_CONTEXT('2D SPACE',''
  ) );
#6291 = ORIENTED_EDGE('',*,*,#6292,.F.);
#6292 = EDGE_CURVE('',#6246,#6270,#6293,.T.);
#6293 = SURFACE_CURVE('',#6294,(#6298,#6305),.PCURVE_S1.);
#6294 = LINE('',#6295,#6296);
#6295 = CARTESIAN_POINT('',(124.,10.2,8.3));
#6296 = VECTOR('',#6297,1.);
#6297 = DIRECTION('',(-0.,-0.,1.));
#6298 = PCURVE('',#6207,#6299);
#6299 = DEFINITIONAL_REPRESENTATION('',(#6300),#6304);
#6300 = LINE('',#6301,#6302);
#6301 = CARTESIAN_POINT('',(4.,16.));
#6302 = VECTOR('',#6303,1.);
#6303 = DIRECTION('',(-1.,0.));
#6304 = ( GEOMETRIC_REPRESENTATION_CONTEXT(2) 
PARAMETRIC_REPRESENTATION_CONTEXT() REPRESENTATION_CONTEXT('2D SPACE',''
  ) );
#6305 = PCURVE('',#6306,#6311);
#6306 = PLANE('',#6307);
#6307 = AXIS2_PLACEMENT_3D('',#6308,#6309,#6310);
#6308 = CARTESIAN_POINT('',(124.,30.,4.3));
#6309 = DIRECTION('',(1.,0.,0.));
#6310 = DIRECTION('',(0.,-0.,-1.));
#6311 = DEFINITIONAL_REPRESENTATION('',(#6312),#6316);
#6312 = LINE('',#6313,#6314);
#6313 = CARTESIAN_POINT('',(-4.,-19.8));
#6314 = VECTOR('',#6315,1.);
#6315 = DIRECTION('',(-1.,0.));
#6316 = ( GEOMETRIC_REPRESENTATION_CONTEXT(2) 
PARAMETRIC_REPRESENTATION_CONTEXT() REPRESENTATION_CONTEXT('2D SPACE',''
  ) );
#6317 = ADVANCED_FACE('',(#6318),#6306,.T.);
#6318 = FACE_BOUND('',#6319,.F.);
#6319 = EDGE_LOOP('',(#6320,#6321,#6344,#6372));
#6320 = ORIENTED_EDGE('',*,*,#6292,.F.);
#6321 = ORIENTED_EDGE('',*,*,#6322,.T.);
#6322 = EDGE_CURVE('',#6246,#6323,#6325,.T.);
#6323 = VERTEX_POINT('',#6324);
#6324 = CARTESIAN_POINT('',(124.,-10.2,12.3));
#6325 = SURFACE_CURVE('',#6326,(#6330,#6337),.PCURVE_S1.);
#6326 = LINE('',#6327,#6328);
#6327 = CARTESIAN_POINT('',(124.,4.637867965644,12.3));
#6328 = VECTOR('',#6329,1.);
#6329 = DIRECTION('',(-0.,-1.,-0.));
#6330 = PCURVE('',#6306,#6331);
#6331 = DEFINITIONAL_REPRESENTATION('',(#6332),#6336);
#6332 = LINE('',#6333,#6334);
#6333 = CARTESIAN_POINT('',(-8.,-25.36213203435));
#6334 = VECTOR('',#6335,1.);
#6335 = DIRECTION('',(-0.,-1.));
#6336 = ( GEOMETRIC_REPRESENTATION_CONTEXT(2) 
PARAMETRIC_REPRESENTATION_CONTEXT() REPRESENTATION_CONTEXT('2D SPACE',''
  ) );
#6337 = PCURVE('',#5629,#6338);
#6338 = DEFINITIONAL_REPRESENTATION('',(#6339),#6343);
#6339 = LINE('',#6340,#6341);
#6340 = CARTESIAN_POINT('',(-25.36213203435,-49.));
#6341 = VECTOR('',#6342,1.);
#6342 = DIRECTION('',(1.,-0.));
#6343 = ( GEOMETRIC_REPRESENTATION_CONTEXT(2) 
PARAMETRIC_REPRESENTATION_CONTEXT() REPRESENTATION_CONTEXT('2D SPACE',''
  ) );
#6344 = ORIENTED_EDGE('',*,*,#6345,.T.);
#6345 = EDGE_CURVE('',#6323,#6346,#6348,.T.);
#6346 = VERTEX_POINT('',#6347);
#6347 = CARTESIAN_POINT('',(124.,-10.2,19.3));
#6348 = SURFACE_CURVE('',#6349,(#6353,#6360),.PCURVE_S1.);
#6349 = LINE('',#6350,#6351);
#6350 = CARTESIAN_POINT('',(124.,-10.2,8.3));
#6351 = VECTOR('',#6352,1.);
#6352 = DIRECTION('',(-0.,-0.,1.));
#6353 = PCURVE('',#6306,#6354);
#6354 = DEFINITIONAL_REPRESENTATION('',(#6355),#6359);
#6355 = LINE('',#6356,#6357);
#6356 = CARTESIAN_POINT('',(-4.,-40.2));
#6357 = VECTOR('',#6358,1.);
#6358 = DIRECTION('',(-1.,0.));
#6359 = ( GEOMETRIC_REPRESENTATION_CONTEXT(2) 
PARAMETRIC_REPRESENTATION_CONTEXT() REPRESENTATION_CONTEXT('2D SPACE',''
  ) );
#6360 = PCURVE('',#6361,#6366);
#6361 = PLANE('',#6362);
#6362 = AXIS2_PLACEMENT_3D('',#6363,#6364,#6365);
#6363 = CARTESIAN_POINT('',(108.,-10.2,12.3));
#6364 = DIRECTION('',(0.,-1.,0.));
#6365 = DIRECTION('',(0.,-0.,-1.));
#6366 = DEFINITIONAL_REPRESENTATION('',(#6367),#6371);
#6367 = LINE('',#6368,#6369);
#6368 = CARTESIAN_POINT('',(4.,16.));
#6369 = VECTOR('',#6370,1.);
#6370 = DIRECTION('',(-1.,0.));
#6371 = ( GEOMETRIC_REPRESENTATION_CONTEXT(2) 
PARAMETRIC_REPRESENTATION_CONTEXT() REPRESENTATION_CONTEXT('2D SPACE',''
  ) );
#6372 = ORIENTED_EDGE('',*,*,#6373,.T.);
#6373 = EDGE_CURVE('',#6346,#6270,#6374,.T.);
#6374 = SURFACE_CURVE('',#6375,(#6379,#6386),.PCURVE_S1.);
#6375 = LINE('',#6376,#6377);
#6376 = CARTESIAN_POINT('',(124.,29.5,19.3));
#6377 = VECTOR('',#6378,1.);
#6378 = DIRECTION('',(-0.,1.,-0.));
#6379 = PCURVE('',#6306,#6380);
#6380 = DEFINITIONAL_REPRESENTATION('',(#6381),#6385);
#6381 = LINE('',#6382,#6383);
#6382 = CARTESIAN_POINT('',(-15.,-0.5));
#6383 = VECTOR('',#6384,1.);
#6384 = DIRECTION('',(-0.,1.));
#6385 = ( GEOMETRIC_REPRESENTATION_CONTEXT(2) 
PARAMETRIC_REPRESENTATION_CONTEXT() REPRESENTATION_CONTEXT('2D SPACE',''
  ) );
#6386 = PCURVE('',#6046,#6387);
#6387 = DEFINITIONAL_REPRESENTATION('',(#6388),#6392);
#6388 = LINE('',#6389,#6390);
#6389 = CARTESIAN_POINT('',(-16.,-39.7));
#6390 = VECTOR('',#6391,1.);
#6391 = DIRECTION('',(-0.,-1.));
#6392 = ( GEOMETRIC_REPRESENTATION_CONTEXT(2) 
PARAMETRIC_REPRESENTATION_CONTEXT() REPRESENTATION_CONTEXT('2D SPACE',''
  ) );
#6393 = ADVANCED_FACE('',(#6394),#6361,.T.);
#6394 = FACE_BOUND('',#6395,.F.);
#6395 = EDGE_LOOP('',(#6396,#6419,#6447,#6468));
#6396 = ORIENTED_EDGE('',*,*,#6397,.F.);
#6397 = EDGE_CURVE('',#6398,#6323,#6400,.T.);
#6398 = VERTEX_POINT('',#6399);
#6399 = CARTESIAN_POINT('',(108.,-10.2,12.3));
#6400 = SURFACE_CURVE('',#6401,(#6405,#6412),.PCURVE_S1.);
#6401 = LINE('',#6402,#6403);
#6402 = CARTESIAN_POINT('',(108.,-10.2,12.3));
#6403 = VECTOR('',#6404,1.);
#6404 = DIRECTION('',(1.,0.,0.));
#6405 = PCURVE('',#6361,#6406);
#6406 = DEFINITIONAL_REPRESENTATION('',(#6407),#6411);
#6407 = LINE('',#6408,#6409);
#6408 = CARTESIAN_POINT('',(-0.,0.));
#6409 = VECTOR('',#6410,1.);
#6410 = DIRECTION('',(-0.,1.));
#6411 = ( GEOMETRIC_REPRESENTATION_CONTEXT(2) 
PARAMETRIC_REPRESENTATION_CONTEXT() REPRESENTATION_CONTEXT('2D SPACE',''
  ) );
#6412 = PCURVE('',#5629,#6413);
#6413 = DEFINITIONAL_REPRESENTATION('',(#6414),#6418);
#6414 = LINE('',#6415,#6416);
#6415 = CARTESIAN_POINT('',(-10.52426406871,-33.));
#6416 = VECTOR('',#6417,1.);
#6417 = DIRECTION('',(-0.,-1.));
#6418 = ( GEOMETRIC_REPRESENTATION_CONTEXT(2) 
PARAMETRIC_REPRESENTATION_CONTEXT() REPRESENTATION_CONTEXT('2D SPACE',''
  ) );
#6419 = ORIENTED_EDGE('',*,*,#6420,.T.);
#6420 = EDGE_CURVE('',#6398,#6421,#6423,.T.);
#6421 = VERTEX_POINT('',#6422);
#6422 = CARTESIAN_POINT('',(108.,-10.2,19.3));
#6423 = SURFACE_CURVE('',#6424,(#6428,#6435),.PCURVE_S1.);
#6424 = LINE('',#6425,#6426);
#6425 = CARTESIAN_POINT('',(108.,-10.2,12.3));
#6426 = VECTOR('',#6427,1.);
#6427 = DIRECTION('',(0.,0.,1.));
#6428 = PCURVE('',#6361,#6429);
#6429 = DEFINITIONAL_REPRESENTATION('',(#6430),#6434);
#6430 = LINE('',#6431,#6432);
#6431 = CARTESIAN_POINT('',(-0.,0.));
#6432 = VECTOR('',#6433,1.);
#6433 = DIRECTION('',(-1.,0.));
#6434 = ( GEOMETRIC_REPRESENTATION_CONTEXT(2) 
PARAMETRIC_REPRESENTATION_CONTEXT() REPRESENTATION_CONTEXT('2D SPACE',''
  ) );
#6435 = PCURVE('',#6436,#6441);
#6436 = CYLINDRICAL_SURFACE('',#6437,3.8);
#6437 = AXIS2_PLACEMENT_3D('',#6438,#6439,#6440);
#6438 = CARTESIAN_POINT('',(108.,-14.,12.3));
#6439 = DIRECTION('',(-0.,-0.,1.));
#6440 = DIRECTION('',(1.,-0.,-0.));
#6441 = DEFINITIONAL_REPRESENTATION('',(#6442),#6446);
#6442 = LINE('',#6443,#6444);
#6443 = CARTESIAN_POINT('',(-4.712388980385,0.));
#6444 = VECTOR('',#6445,1.);
#6445 = DIRECTION('',(-0.,1.));
#6446 = ( GEOMETRIC_REPRESENTATION_CONTEXT(2) 
PARAMETRIC_REPRESENTATION_CONTEXT() REPRESENTATION_CONTEXT('2D SPACE',''
  ) );
#6447 = ORIENTED_EDGE('',*,*,#6448,.T.);
#6448 = EDGE_CURVE('',#6421,#6346,#6449,.T.);
#6449 = SURFACE_CURVE('',#6450,(#6454,#6461),.PCURVE_S1.);
#6450 = LINE('',#6451,#6452);
#6451 = CARTESIAN_POINT('',(108.,-10.2,19.3));
#6452 = VECTOR('',#6453,1.);
#6453 = DIRECTION('',(1.,0.,0.));
#6454 = PCURVE('',#6361,#6455);
#6455 = DEFINITIONAL_REPRESENTATION('',(#6456),#6460);
#6456 = LINE('',#6457,#6458);
#6457 = CARTESIAN_POINT('',(-7.,0.));
#6458 = VECTOR('',#6459,1.);
#6459 = DIRECTION('',(-0.,1.));
#6460 = ( GEOMETRIC_REPRESENTATION_CONTEXT(2) 
PARAMETRIC_REPRESENTATION_CONTEXT() REPRESENTATION_CONTEXT('2D SPACE',''
  ) );
#6461 = PCURVE('',#6046,#6462);
#6462 = DEFINITIONAL_REPRESENTATION('',(#6463),#6467);
#6463 = LINE('',#6464,#6465);
#6464 = CARTESIAN_POINT('',(-0.,0.));
#6465 = VECTOR('',#6466,1.);
#6466 = DIRECTION('',(-1.,0.));
#6467 = ( GEOMETRIC_REPRESENTATION_CONTEXT(2) 
PARAMETRIC_REPRESENTATION_CONTEXT() REPRESENTATION_CONTEXT('2D SPACE',''
  ) );
#6468 = ORIENTED_EDGE('',*,*,#6345,.F.);
#6469 = ADVANCED_FACE('',(#6470),#6436,.F.);
#6470 = FACE_BOUND('',#6471,.T.);
#6471 = EDGE_LOOP('',(#6472,#6500,#6528,#6550));
#6472 = ORIENTED_EDGE('',*,*,#6473,.F.);
#6473 = EDGE_CURVE('',#6474,#6421,#6476,.T.);
#6474 = VERTEX_POINT('',#6475);
#6475 = CARTESIAN_POINT('',(108.,-17.8,19.3));
#6476 = SURFACE_CURVE('',#6477,(#6482,#6489),.PCURVE_S1.);
#6477 = CIRCLE('',#6478,3.8);
#6478 = AXIS2_PLACEMENT_3D('',#6479,#6480,#6481);
#6479 = CARTESIAN_POINT('',(108.,-14.,19.3));
#6480 = DIRECTION('',(0.,0.,-1.));
#6481 = DIRECTION('',(1.,-0.,-0.));
#6482 = PCURVE('',#6436,#6483);
#6483 = DEFINITIONAL_REPRESENTATION('',(#6484),#6488);
#6484 = LINE('',#6485,#6486);
#6485 = CARTESIAN_POINT('',(-0.,7.));
#6486 = VECTOR('',#6487,1.);
#6487 = DIRECTION('',(-1.,0.));
#6488 = ( GEOMETRIC_REPRESENTATION_CONTEXT(2) 
PARAMETRIC_REPRESENTATION_CONTEXT() REPRESENTATION_CONTEXT('2D SPACE',''
  ) );
#6489 = PCURVE('',#6046,#6490);
#6490 = DEFINITIONAL_REPRESENTATION('',(#6491),#6499);
#6491 = ( BOUNDED_CURVE() B_SPLINE_CURVE(2,(#6492,#6493,#6494,#6495,
#6496,#6497,#6498),.UNSPECIFIED.,.T.,.F.) B_SPLINE_CURVE_WITH_KNOTS((1,2
    ,2,2,2,1),(-2.094395102393,0.,2.094395102393,4.188790204786,
6.28318530718,8.377580409573),.UNSPECIFIED.) CURVE() 
GEOMETRIC_REPRESENTATION_ITEM() RATIONAL_B_SPLINE_CURVE((1.,0.5,1.,0.5,
1.,0.5,1.)) REPRESENTATION_ITEM('') );
#6492 = CARTESIAN_POINT('',(-3.8,3.8));
#6493 = CARTESIAN_POINT('',(-3.8,10.381793068762));
#6494 = CARTESIAN_POINT('',(1.9,7.090896534381));
#6495 = CARTESIAN_POINT('',(7.6,3.8));
#6496 = CARTESIAN_POINT('',(1.9,0.509103465619));
#6497 = CARTESIAN_POINT('',(-3.8,-2.781793068762));
#6498 = CARTESIAN_POINT('',(-3.8,3.8));
#6499 = ( GEOMETRIC_REPRESENTATION_CONTEXT(2) 
PARAMETRIC_REPRESENTATION_CONTEXT() REPRESENTATION_CONTEXT('2D SPACE',''
  ) );
#6500 = ORIENTED_EDGE('',*,*,#6501,.F.);
#6501 = EDGE_CURVE('',#6502,#6474,#6504,.T.);
#6502 = VERTEX_POINT('',#6503);
#6503 = CARTESIAN_POINT('',(108.,-17.8,12.3));
#6504 = SURFACE_CURVE('',#6505,(#6509,#6516),.PCURVE_S1.);
#6505 = LINE('',#6506,#6507);
#6506 = CARTESIAN_POINT('',(108.,-17.8,12.3));
#6507 = VECTOR('',#6508,1.);
#6508 = DIRECTION('',(0.,0.,1.));
#6509 = PCURVE('',#6436,#6510);
#6510 = DEFINITIONAL_REPRESENTATION('',(#6511),#6515);
#6511 = LINE('',#6512,#6513);
#6512 = CARTESIAN_POINT('',(-1.570796326795,0.));
#6513 = VECTOR('',#6514,1.);
#6514 = DIRECTION('',(-0.,1.));
#6515 = ( GEOMETRIC_REPRESENTATION_CONTEXT(2) 
PARAMETRIC_REPRESENTATION_CONTEXT() REPRESENTATION_CONTEXT('2D SPACE',''
  ) );
#6516 = PCURVE('',#6517,#6522);
#6517 = PLANE('',#6518);
#6518 = AXIS2_PLACEMENT_3D('',#6519,#6520,#6521);
#6519 = CARTESIAN_POINT('',(108.,-17.8,12.3));
#6520 = DIRECTION('',(0.,-1.,0.));
#6521 = DIRECTION('',(0.,-0.,-1.));
#6522 = DEFINITIONAL_REPRESENTATION('',(#6523),#6527);
#6523 = LINE('',#6524,#6525);
#6524 = CARTESIAN_POINT('',(-0.,0.));
#6525 = VECTOR('',#6526,1.);
#6526 = DIRECTION('',(-1.,0.));
#6527 = ( GEOMETRIC_REPRESENTATION_CONTEXT(2) 
PARAMETRIC_REPRESENTATION_CONTEXT() REPRESENTATION_CONTEXT('2D SPACE',''
  ) );
#6528 = ORIENTED_EDGE('',*,*,#6529,.T.);
#6529 = EDGE_CURVE('',#6502,#6398,#6530,.T.);
#6530 = SURFACE_CURVE('',#6531,(#6536,#6543),.PCURVE_S1.);
#6531 = CIRCLE('',#6532,3.8);
#6532 = AXIS2_PLACEMENT_3D('',#6533,#6534,#6535);
#6533 = CARTESIAN_POINT('',(108.,-14.,12.3));
#6534 = DIRECTION('',(0.,0.,-1.));
#6535 = DIRECTION('',(1.,-0.,-0.));
#6536 = PCURVE('',#6436,#6537);
#6537 = DEFINITIONAL_REPRESENTATION('',(#6538),#6542);
#6538 = LINE('',#6539,#6540);
#6539 = CARTESIAN_POINT('',(-0.,0.));
#6540 = VECTOR('',#6541,1.);
#6541 = DIRECTION('',(-1.,0.));
#6542 = ( GEOMETRIC_REPRESENTATION_CONTEXT(2) 
PARAMETRIC_REPRESENTATION_CONTEXT() REPRESENTATION_CONTEXT('2D SPACE',''
  ) );
#6543 = PCURVE('',#5629,#6544);
#6544 = DEFINITIONAL_REPRESENTATION('',(#6545),#6549);
#6545 = CIRCLE('',#6546,3.8);
#6546 = AXIS2_PLACEMENT_2D('',#6547,#6548);
#6547 = CARTESIAN_POINT('',(-6.724264068712,-33.));
#6548 = DIRECTION('',(-0.,-1.));
#6549 = ( GEOMETRIC_REPRESENTATION_CONTEXT(2) 
PARAMETRIC_REPRESENTATION_CONTEXT() REPRESENTATION_CONTEXT('2D SPACE',''
  ) );
#6550 = ORIENTED_EDGE('',*,*,#6420,.T.);
#6551 = ADVANCED_FACE('',(#6552),#6517,.F.);
#6552 = FACE_BOUND('',#6553,.T.);
#6553 = EDGE_LOOP('',(#6554,#6577,#6578,#6601));
#6554 = ORIENTED_EDGE('',*,*,#6555,.F.);
#6555 = EDGE_CURVE('',#6502,#6556,#6558,.T.);
#6556 = VERTEX_POINT('',#6557);
#6557 = CARTESIAN_POINT('',(124.,-17.8,12.3));
#6558 = SURFACE_CURVE('',#6559,(#6563,#6570),.PCURVE_S1.);
#6559 = LINE('',#6560,#6561);
#6560 = CARTESIAN_POINT('',(108.,-17.8,12.3));
#6561 = VECTOR('',#6562,1.);
#6562 = DIRECTION('',(1.,0.,0.));
#6563 = PCURVE('',#6517,#6564);
#6564 = DEFINITIONAL_REPRESENTATION('',(#6565),#6569);
#6565 = LINE('',#6566,#6567);
#6566 = CARTESIAN_POINT('',(-0.,0.));
#6567 = VECTOR('',#6568,1.);
#6568 = DIRECTION('',(-0.,1.));
#6569 = ( GEOMETRIC_REPRESENTATION_CONTEXT(2) 
PARAMETRIC_REPRESENTATION_CONTEXT() REPRESENTATION_CONTEXT('2D SPACE',''
  ) );
#6570 = PCURVE('',#5629,#6571);
#6571 = DEFINITIONAL_REPRESENTATION('',(#6572),#6576);
#6572 = LINE('',#6573,#6574);
#6573 = CARTESIAN_POINT('',(-2.924264068712,-33.));
#6574 = VECTOR('',#6575,1.);
#6575 = DIRECTION('',(-0.,-1.));
#6576 = ( GEOMETRIC_REPRESENTATION_CONTEXT(2) 
PARAMETRIC_REPRESENTATION_CONTEXT() REPRESENTATION_CONTEXT('2D SPACE',''
  ) );
#6577 = ORIENTED_EDGE('',*,*,#6501,.T.);
#6578 = ORIENTED_EDGE('',*,*,#6579,.T.);
#6579 = EDGE_CURVE('',#6474,#6580,#6582,.T.);
#6580 = VERTEX_POINT('',#6581);
#6581 = CARTESIAN_POINT('',(124.,-17.8,19.3));
#6582 = SURFACE_CURVE('',#6583,(#6587,#6594),.PCURVE_S1.);
#6583 = LINE('',#6584,#6585);
#6584 = CARTESIAN_POINT('',(108.,-17.8,19.3));
#6585 = VECTOR('',#6586,1.);
#6586 = DIRECTION('',(1.,0.,0.));
#6587 = PCURVE('',#6517,#6588);
#6588 = DEFINITIONAL_REPRESENTATION('',(#6589),#6593);
#6589 = LINE('',#6590,#6591);
#6590 = CARTESIAN_POINT('',(-7.,0.));
#6591 = VECTOR('',#6592,1.);
#6592 = DIRECTION('',(-0.,1.));
#6593 = ( GEOMETRIC_REPRESENTATION_CONTEXT(2) 
PARAMETRIC_REPRESENTATION_CONTEXT() REPRESENTATION_CONTEXT('2D SPACE',''
  ) );
#6594 = PCURVE('',#6046,#6595);
#6595 = DEFINITIONAL_REPRESENTATION('',(#6596),#6600);
#6596 = LINE('',#6597,#6598);
#6597 = CARTESIAN_POINT('',(-0.,7.6));
#6598 = VECTOR('',#6599,1.);
#6599 = DIRECTION('',(-1.,0.));
#6600 = ( GEOMETRIC_REPRESENTATION_CONTEXT(2) 
PARAMETRIC_REPRESENTATION_CONTEXT() REPRESENTATION_CONTEXT('2D SPACE',''
  ) );
#6601 = ORIENTED_EDGE('',*,*,#6602,.F.);
#6602 = EDGE_CURVE('',#6556,#6580,#6603,.T.);
#6603 = SURFACE_CURVE('',#6604,(#6608,#6615),.PCURVE_S1.);
#6604 = LINE('',#6605,#6606);
#6605 = CARTESIAN_POINT('',(124.,-17.8,8.3));
#6606 = VECTOR('',#6607,1.);
#6607 = DIRECTION('',(-0.,-0.,1.));
#6608 = PCURVE('',#6517,#6609);
#6609 = DEFINITIONAL_REPRESENTATION('',(#6610),#6614);
#6610 = LINE('',#6611,#6612);
#6611 = CARTESIAN_POINT('',(4.,16.));
#6612 = VECTOR('',#6613,1.);
#6613 = DIRECTION('',(-1.,0.));
#6614 = ( GEOMETRIC_REPRESENTATION_CONTEXT(2) 
PARAMETRIC_REPRESENTATION_CONTEXT() REPRESENTATION_CONTEXT('2D SPACE',''
  ) );
#6615 = PCURVE('',#6616,#6621);
#6616 = PLANE('',#6617);
#6617 = AXIS2_PLACEMENT_3D('',#6618,#6619,#6620);
#6618 = CARTESIAN_POINT('',(124.,30.,4.3));
#6619 = DIRECTION('',(1.,0.,0.));
#6620 = DIRECTION('',(0.,-0.,-1.));
#6621 = DEFINITIONAL_REPRESENTATION('',(#6622),#6626);
#6622 = LINE('',#6623,#6624);
#6623 = CARTESIAN_POINT('',(-4.,-47.8));
#6624 = VECTOR('',#6625,1.);
#6625 = DIRECTION('',(-1.,0.));
#6626 = ( GEOMETRIC_REPRESENTATION_CONTEXT(2) 
PARAMETRIC_REPRESENTATION_CONTEXT() REPRESENTATION_CONTEXT('2D SPACE',''
  ) );
#6627 = ADVANCED_FACE('',(#6628),#6616,.T.);
#6628 = FACE_BOUND('',#6629,.F.);
#6629 = EDGE_LOOP('',(#6630,#6631,#6654,#6677,#6700,#6728,#6751,#6779));
#6630 = ORIENTED_EDGE('',*,*,#6602,.F.);
#6631 = ORIENTED_EDGE('',*,*,#6632,.T.);
#6632 = EDGE_CURVE('',#6556,#6633,#6635,.T.);
#6633 = VERTEX_POINT('',#6634);
#6634 = CARTESIAN_POINT('',(124.,-20.72426406871,12.3));
#6635 = SURFACE_CURVE('',#6636,(#6640,#6647),.PCURVE_S1.);
#6636 = LINE('',#6637,#6638);
#6637 = CARTESIAN_POINT('',(124.,4.637867965644,12.3));
#6638 = VECTOR('',#6639,1.);
#6639 = DIRECTION('',(-0.,-1.,-0.));
#6640 = PCURVE('',#6616,#6641);
#6641 = DEFINITIONAL_REPRESENTATION('',(#6642),#6646);
#6642 = LINE('',#6643,#6644);
#6643 = CARTESIAN_POINT('',(-8.,-25.36213203435));
#6644 = VECTOR('',#6645,1.);
#6645 = DIRECTION('',(-0.,-1.));
#6646 = ( GEOMETRIC_REPRESENTATION_CONTEXT(2) 
PARAMETRIC_REPRESENTATION_CONTEXT() REPRESENTATION_CONTEXT('2D SPACE',''
  ) );
#6647 = PCURVE('',#5629,#6648);
#6648 = DEFINITIONAL_REPRESENTATION('',(#6649),#6653);
#6649 = LINE('',#6650,#6651);
#6650 = CARTESIAN_POINT('',(-25.36213203435,-49.));
#6651 = VECTOR('',#6652,1.);
#6652 = DIRECTION('',(1.,-0.));
#6653 = ( GEOMETRIC_REPRESENTATION_CONTEXT(2) 
PARAMETRIC_REPRESENTATION_CONTEXT() REPRESENTATION_CONTEXT('2D SPACE',''
  ) );
#6654 = ORIENTED_EDGE('',*,*,#6655,.T.);
#6655 = EDGE_CURVE('',#6633,#6656,#6658,.T.);
#6656 = VERTEX_POINT('',#6657);
#6657 = CARTESIAN_POINT('',(124.,-12.72426406871,4.3));
#6658 = SURFACE_CURVE('',#6659,(#6663,#6670),.PCURVE_S1.);
#6659 = LINE('',#6660,#6661);
#6660 = CARTESIAN_POINT('',(124.,-0.893198051534,-7.531066017178));
#6661 = VECTOR('',#6662,1.);
#6662 = DIRECTION('',(0.,0.707106781187,-0.707106781187));
#6663 = PCURVE('',#6616,#6664);
#6664 = DEFINITIONAL_REPRESENTATION('',(#6665),#6669);
#6665 = LINE('',#6666,#6667);
#6666 = CARTESIAN_POINT('',(11.831066017178,-30.89319805153));
#6667 = VECTOR('',#6668,1.);
#6668 = DIRECTION('',(0.707106781187,0.707106781187));
#6669 = ( GEOMETRIC_REPRESENTATION_CONTEXT(2) 
PARAMETRIC_REPRESENTATION_CONTEXT() REPRESENTATION_CONTEXT('2D SPACE',''
  ) );
#6670 = PCURVE('',#5657,#6671);
#6671 = DEFINITIONAL_REPRESENTATION('',(#6672),#6676);
#6672 = LINE('',#6673,#6674);
#6673 = CARTESIAN_POINT('',(13.478962825366,-49.));
#6674 = VECTOR('',#6675,1.);
#6675 = DIRECTION('',(1.,-0.));
#6676 = ( GEOMETRIC_REPRESENTATION_CONTEXT(2) 
PARAMETRIC_REPRESENTATION_CONTEXT() REPRESENTATION_CONTEXT('2D SPACE',''
  ) );
#6677 = ORIENTED_EDGE('',*,*,#6678,.T.);
#6678 = EDGE_CURVE('',#6656,#6679,#6681,.T.);
#6679 = VERTEX_POINT('',#6680);
#6680 = CARTESIAN_POINT('',(124.,-30.,4.3));
#6681 = SURFACE_CURVE('',#6682,(#6686,#6693),.PCURVE_S1.);
#6682 = LINE('',#6683,#6684);
#6683 = CARTESIAN_POINT('',(124.,30.,4.3));
#6684 = VECTOR('',#6685,1.);
#6685 = DIRECTION('',(0.,-1.,0.));
#6686 = PCURVE('',#6616,#6687);
#6687 = DEFINITIONAL_REPRESENTATION('',(#6688),#6692);
#6688 = LINE('',#6689,#6690);
#6689 = CARTESIAN_POINT('',(-0.,0.));
#6690 = VECTOR('',#6691,1.);
#6691 = DIRECTION('',(-0.,-1.));
#6692 = ( GEOMETRIC_REPRESENTATION_CONTEXT(2) 
PARAMETRIC_REPRESENTATION_CONTEXT() REPRESENTATION_CONTEXT('2D SPACE',''
  ) );
#6693 = PCURVE('',#5685,#6694);
#6694 = DEFINITIONAL_REPRESENTATION('',(#6695),#6699);
#6695 = LINE('',#6696,#6697);
#6696 = CARTESIAN_POINT('',(-48.,0.));
#6697 = VECTOR('',#6698,1.);
#6698 = DIRECTION('',(-0.,1.));
#6699 = ( GEOMETRIC_REPRESENTATION_CONTEXT(2) 
PARAMETRIC_REPRESENTATION_CONTEXT() REPRESENTATION_CONTEXT('2D SPACE',''
  ) );
#6700 = ORIENTED_EDGE('',*,*,#6701,.T.);
#6701 = EDGE_CURVE('',#6679,#6702,#6704,.T.);
#6702 = VERTEX_POINT('',#6703);
#6703 = CARTESIAN_POINT('',(124.,-30.,23.3));
#6704 = SURFACE_CURVE('',#6705,(#6709,#6716),.PCURVE_S1.);
#6705 = LINE('',#6706,#6707);
#6706 = CARTESIAN_POINT('',(124.,-30.,4.3));
#6707 = VECTOR('',#6708,1.);
#6708 = DIRECTION('',(0.,0.,1.));
#6709 = PCURVE('',#6616,#6710);
#6710 = DEFINITIONAL_REPRESENTATION('',(#6711),#6715);
#6711 = LINE('',#6712,#6713);
#6712 = CARTESIAN_POINT('',(-0.,-60.));
#6713 = VECTOR('',#6714,1.);
#6714 = DIRECTION('',(-1.,0.));
#6715 = ( GEOMETRIC_REPRESENTATION_CONTEXT(2) 
PARAMETRIC_REPRESENTATION_CONTEXT() REPRESENTATION_CONTEXT('2D SPACE',''
  ) );
#6716 = PCURVE('',#6717,#6722);
#6717 = PLANE('',#6718);
#6718 = AXIS2_PLACEMENT_3D('',#6719,#6720,#6721);
#6719 = CARTESIAN_POINT('',(76.,-30.,4.3));
#6720 = DIRECTION('',(0.,-1.,0.));
#6721 = DIRECTION('',(0.,-0.,-1.));
#6722 = DEFINITIONAL_REPRESENTATION('',(#6723),#6727);
#6723 = LINE('',#6724,#6725);
#6724 = CARTESIAN_POINT('',(-0.,48.));
#6725 = VECTOR('',#6726,1.);
#6726 = DIRECTION('',(-1.,0.));
#6727 = ( GEOMETRIC_REPRESENTATION_CONTEXT(2) 
PARAMETRIC_REPRESENTATION_CONTEXT() REPRESENTATION_CONTEXT('2D SPACE',''
  ) );
#6728 = ORIENTED_EDGE('',*,*,#6729,.F.);
#6729 = EDGE_CURVE('',#6730,#6702,#6732,.T.);
#6730 = VERTEX_POINT('',#6731);
#6731 = CARTESIAN_POINT('',(124.,-29.,23.3));
#6732 = SURFACE_CURVE('',#6733,(#6737,#6744),.PCURVE_S1.);
#6733 = LINE('',#6734,#6735);
#6734 = CARTESIAN_POINT('',(124.,30.,23.3));
#6735 = VECTOR('',#6736,1.);
#6736 = DIRECTION('',(0.,-1.,0.));
#6737 = PCURVE('',#6616,#6738);
#6738 = DEFINITIONAL_REPRESENTATION('',(#6739),#6743);
#6739 = LINE('',#6740,#6741);
#6740 = CARTESIAN_POINT('',(-19.,0.));
#6741 = VECTOR('',#6742,1.);
#6742 = DIRECTION('',(-0.,-1.));
#6743 = ( GEOMETRIC_REPRESENTATION_CONTEXT(2) 
PARAMETRIC_REPRESENTATION_CONTEXT() REPRESENTATION_CONTEXT('2D SPACE',''
  ) );
#6744 = PCURVE('',#5517,#6745);
#6745 = DEFINITIONAL_REPRESENTATION('',(#6746),#6750);
#6746 = LINE('',#6747,#6748);
#6747 = CARTESIAN_POINT('',(-48.,0.));
#6748 = VECTOR('',#6749,1.);
#6749 = DIRECTION('',(-0.,1.));
#6750 = ( GEOMETRIC_REPRESENTATION_CONTEXT(2) 
PARAMETRIC_REPRESENTATION_CONTEXT() REPRESENTATION_CONTEXT('2D SPACE',''
  ) );
#6751 = ORIENTED_EDGE('',*,*,#6752,.F.);
#6752 = EDGE_CURVE('',#6753,#6730,#6755,.T.);
#6753 = VERTEX_POINT('',#6754);
#6754 = CARTESIAN_POINT('',(124.,-29.,19.3));
#6755 = SURFACE_CURVE('',#6756,(#6760,#6767),.PCURVE_S1.);
#6756 = LINE('',#6757,#6758);
#6757 = CARTESIAN_POINT('',(124.,-29.,11.8));
#6758 = VECTOR('',#6759,1.);
#6759 = DIRECTION('',(-0.,-0.,1.));
#6760 = PCURVE('',#6616,#6761);
#6761 = DEFINITIONAL_REPRESENTATION('',(#6762),#6766);
#6762 = LINE('',#6763,#6764);
#6763 = CARTESIAN_POINT('',(-7.5,-59.));
#6764 = VECTOR('',#6765,1.);
#6765 = DIRECTION('',(-1.,0.));
#6766 = ( GEOMETRIC_REPRESENTATION_CONTEXT(2) 
PARAMETRIC_REPRESENTATION_CONTEXT() REPRESENTATION_CONTEXT('2D SPACE',''
  ) );
#6767 = PCURVE('',#6768,#6773);
#6768 = PLANE('',#6769);
#6769 = AXIS2_PLACEMENT_3D('',#6770,#6771,#6772);
#6770 = CARTESIAN_POINT('',(114.,-29.,19.3));
#6771 = DIRECTION('',(0.,-1.,0.));
#6772 = DIRECTION('',(0.,-0.,-1.));
#6773 = DEFINITIONAL_REPRESENTATION('',(#6774),#6778);
#6774 = LINE('',#6775,#6776);
#6775 = CARTESIAN_POINT('',(7.5,10.));
#6776 = VECTOR('',#6777,1.);
#6777 = DIRECTION('',(-1.,0.));
#6778 = ( GEOMETRIC_REPRESENTATION_CONTEXT(2) 
PARAMETRIC_REPRESENTATION_CONTEXT() REPRESENTATION_CONTEXT('2D SPACE',''
  ) );
#6779 = ORIENTED_EDGE('',*,*,#6780,.T.);
#6780 = EDGE_CURVE('',#6753,#6580,#6781,.T.);
#6781 = SURFACE_CURVE('',#6782,(#6786,#6793),.PCURVE_S1.);
#6782 = LINE('',#6783,#6784);
#6783 = CARTESIAN_POINT('',(124.,29.5,19.3));
#6784 = VECTOR('',#6785,1.);
#6785 = DIRECTION('',(-0.,1.,-0.));
#6786 = PCURVE('',#6616,#6787);
#6787 = DEFINITIONAL_REPRESENTATION('',(#6788),#6792);
#6788 = LINE('',#6789,#6790);
#6789 = CARTESIAN_POINT('',(-15.,-0.5));
#6790 = VECTOR('',#6791,1.);
#6791 = DIRECTION('',(-0.,1.));
#6792 = ( GEOMETRIC_REPRESENTATION_CONTEXT(2) 
PARAMETRIC_REPRESENTATION_CONTEXT() REPRESENTATION_CONTEXT('2D SPACE',''
  ) );
#6793 = PCURVE('',#6046,#6794);
#6794 = DEFINITIONAL_REPRESENTATION('',(#6795),#6799);
#6795 = LINE('',#6796,#6797);
#6796 = CARTESIAN_POINT('',(-16.,-39.7));
#6797 = VECTOR('',#6798,1.);
#6798 = DIRECTION('',(-0.,-1.));
#6799 = ( GEOMETRIC_REPRESENTATION_CONTEXT(2) 
PARAMETRIC_REPRESENTATION_CONTEXT() REPRESENTATION_CONTEXT('2D SPACE',''
  ) );
#6800 = ADVANCED_FACE('',(#6801),#6717,.T.);
#6801 = FACE_BOUND('',#6802,.F.);
#6802 = EDGE_LOOP('',(#6803,#6833,#6854,#6855,#6878,#6906));
#6803 = ORIENTED_EDGE('',*,*,#6804,.F.);
#6804 = EDGE_CURVE('',#6805,#6807,#6809,.T.);
#6805 = VERTEX_POINT('',#6806);
#6806 = CARTESIAN_POINT('',(115.65,-30.,23.3));
#6807 = VERTEX_POINT('',#6808);
#6808 = CARTESIAN_POINT('',(115.65,-30.,17.));
#6809 = SURFACE_CURVE('',#6810,(#6814,#6821),.PCURVE_S1.);
#6810 = LINE('',#6811,#6812);
#6811 = CARTESIAN_POINT('',(115.65,-30.,6.65));
#6812 = VECTOR('',#6813,1.);
#6813 = DIRECTION('',(-0.,-0.,-1.));
#6814 = PCURVE('',#6717,#6815);
#6815 = DEFINITIONAL_REPRESENTATION('',(#6816),#6820);
#6816 = LINE('',#6817,#6818);
#6817 = CARTESIAN_POINT('',(-2.35,39.65));
#6818 = VECTOR('',#6819,1.);
#6819 = DIRECTION('',(1.,-0.));
#6820 = ( GEOMETRIC_REPRESENTATION_CONTEXT(2) 
PARAMETRIC_REPRESENTATION_CONTEXT() REPRESENTATION_CONTEXT('2D SPACE',''
  ) );
#6821 = PCURVE('',#6822,#6827);
#6822 = PLANE('',#6823);
#6823 = AXIS2_PLACEMENT_3D('',#6824,#6825,#6826);
#6824 = CARTESIAN_POINT('',(115.65,-27.,9.));
#6825 = DIRECTION('',(1.,0.,-0.));
#6826 = DIRECTION('',(-0.,-0.,-1.));
#6827 = DEFINITIONAL_REPRESENTATION('',(#6828),#6832);
#6828 = LINE('',#6829,#6830);
#6829 = CARTESIAN_POINT('',(2.35,-3.));
#6830 = VECTOR('',#6831,1.);
#6831 = DIRECTION('',(1.,-0.));
#6832 = ( GEOMETRIC_REPRESENTATION_CONTEXT(2) 
PARAMETRIC_REPRESENTATION_CONTEXT() REPRESENTATION_CONTEXT('2D SPACE',''
  ) );
#6833 = ORIENTED_EDGE('',*,*,#6834,.T.);
#6834 = EDGE_CURVE('',#6805,#6702,#6835,.T.);
#6835 = SURFACE_CURVE('',#6836,(#6840,#6847),.PCURVE_S1.);
#6836 = LINE('',#6837,#6838);
#6837 = CARTESIAN_POINT('',(76.,-30.,23.3));
#6838 = VECTOR('',#6839,1.);
#6839 = DIRECTION('',(1.,0.,0.));
#6840 = PCURVE('',#6717,#6841);
#6841 = DEFINITIONAL_REPRESENTATION('',(#6842),#6846);
#6842 = LINE('',#6843,#6844);
#6843 = CARTESIAN_POINT('',(-19.,0.));
#6844 = VECTOR('',#6845,1.);
#6845 = DIRECTION('',(-0.,1.));
#6846 = ( GEOMETRIC_REPRESENTATION_CONTEXT(2) 
PARAMETRIC_REPRESENTATION_CONTEXT() REPRESENTATION_CONTEXT('2D SPACE',''
  ) );
#6847 = PCURVE('',#5517,#6848);
#6848 = DEFINITIONAL_REPRESENTATION('',(#6849),#6853);
#6849 = LINE('',#6850,#6851);
#6850 = CARTESIAN_POINT('',(-0.,60.));
#6851 = VECTOR('',#6852,1.);
#6852 = DIRECTION('',(-1.,0.));
#6853 = ( GEOMETRIC_REPRESENTATION_CONTEXT(2) 
PARAMETRIC_REPRESENTATION_CONTEXT() REPRESENTATION_CONTEXT('2D SPACE',''
  ) );
#6854 = ORIENTED_EDGE('',*,*,#6701,.F.);
#6855 = ORIENTED_EDGE('',*,*,#6856,.F.);
#6856 = EDGE_CURVE('',#6857,#6679,#6859,.T.);
#6857 = VERTEX_POINT('',#6858);
#6858 = CARTESIAN_POINT('',(122.,-30.,4.3));
#6859 = SURFACE_CURVE('',#6860,(#6864,#6871),.PCURVE_S1.);
#6860 = LINE('',#6861,#6862);
#6861 = CARTESIAN_POINT('',(76.,-30.,4.3));
#6862 = VECTOR('',#6863,1.);
#6863 = DIRECTION('',(1.,0.,0.));
#6864 = PCURVE('',#6717,#6865);
#6865 = DEFINITIONAL_REPRESENTATION('',(#6866),#6870);
#6866 = LINE('',#6867,#6868);
#6867 = CARTESIAN_POINT('',(-0.,0.));
#6868 = VECTOR('',#6869,1.);
#6869 = DIRECTION('',(-0.,1.));
#6870 = ( GEOMETRIC_REPRESENTATION_CONTEXT(2) 
PARAMETRIC_REPRESENTATION_CONTEXT() REPRESENTATION_CONTEXT('2D SPACE',''
  ) );
#6871 = PCURVE('',#5685,#6872);
#6872 = DEFINITIONAL_REPRESENTATION('',(#6873),#6877);
#6873 = LINE('',#6874,#6875);
#6874 = CARTESIAN_POINT('',(-0.,60.));
#6875 = VECTOR('',#6876,1.);
#6876 = DIRECTION('',(-1.,0.));
#6877 = ( GEOMETRIC_REPRESENTATION_CONTEXT(2) 
PARAMETRIC_REPRESENTATION_CONTEXT() REPRESENTATION_CONTEXT('2D SPACE',''
  ) );
#6878 = ORIENTED_EDGE('',*,*,#6879,.F.);
#6879 = EDGE_CURVE('',#6880,#6857,#6882,.T.);
#6880 = VERTEX_POINT('',#6881);
#6881 = CARTESIAN_POINT('',(122.,-30.,17.));
#6882 = SURFACE_CURVE('',#6883,(#6887,#6894),.PCURVE_S1.);
#6883 = LINE('',#6884,#6885);
#6884 = CARTESIAN_POINT('',(122.,-30.,4.3));
#6885 = VECTOR('',#6886,1.);
#6886 = DIRECTION('',(-0.,-0.,-1.));
#6887 = PCURVE('',#6717,#6888);
#6888 = DEFINITIONAL_REPRESENTATION('',(#6889),#6893);
#6889 = LINE('',#6890,#6891);
#6890 = CARTESIAN_POINT('',(-0.,46.));
#6891 = VECTOR('',#6892,1.);
#6892 = DIRECTION('',(1.,-0.));
#6893 = ( GEOMETRIC_REPRESENTATION_CONTEXT(2) 
PARAMETRIC_REPRESENTATION_CONTEXT() REPRESENTATION_CONTEXT('2D SPACE',''
  ) );
#6894 = PCURVE('',#6895,#6900);
#6895 = PLANE('',#6896);
#6896 = AXIS2_PLACEMENT_3D('',#6897,#6898,#6899);
#6897 = CARTESIAN_POINT('',(122.,-28.,4.3));
#6898 = DIRECTION('',(1.,0.,0.));
#6899 = DIRECTION('',(0.,-0.,-1.));
#6900 = DEFINITIONAL_REPRESENTATION('',(#6901),#6905);
#6901 = LINE('',#6902,#6903);
#6902 = CARTESIAN_POINT('',(-0.,-2.));
#6903 = VECTOR('',#6904,1.);
#6904 = DIRECTION('',(1.,-0.));
#6905 = ( GEOMETRIC_REPRESENTATION_CONTEXT(2) 
PARAMETRIC_REPRESENTATION_CONTEXT() REPRESENTATION_CONTEXT('2D SPACE',''
  ) );
#6906 = ORIENTED_EDGE('',*,*,#6907,.F.);
#6907 = EDGE_CURVE('',#6807,#6880,#6908,.T.);
#6908 = SURFACE_CURVE('',#6909,(#6913,#6920),.PCURVE_S1.);
#6909 = LINE('',#6910,#6911);
#6910 = CARTESIAN_POINT('',(89.,-30.,17.));
#6911 = VECTOR('',#6912,1.);
#6912 = DIRECTION('',(1.,-0.,-0.));
#6913 = PCURVE('',#6717,#6914);
#6914 = DEFINITIONAL_REPRESENTATION('',(#6915),#6919);
#6915 = LINE('',#6916,#6917);
#6916 = CARTESIAN_POINT('',(-12.7,13.));
#6917 = VECTOR('',#6918,1.);
#6918 = DIRECTION('',(-0.,1.));
#6919 = ( GEOMETRIC_REPRESENTATION_CONTEXT(2) 
PARAMETRIC_REPRESENTATION_CONTEXT() REPRESENTATION_CONTEXT('2D SPACE',''
  ) );
#6920 = PCURVE('',#6921,#6926);
#6921 = PLANE('',#6922);
#6922 = AXIS2_PLACEMENT_3D('',#6923,#6924,#6925);
#6923 = CARTESIAN_POINT('',(102.,-28.,17.));
#6924 = DIRECTION('',(0.,0.,1.));
#6925 = DIRECTION('',(-1.,-0.,0.));
#6926 = DEFINITIONAL_REPRESENTATION('',(#6927),#6931);
#6927 = LINE('',#6928,#6929);
#6928 = CARTESIAN_POINT('',(13.,2.));
#6929 = VECTOR('',#6930,1.);
#6930 = DIRECTION('',(-1.,0.));
#6931 = ( GEOMETRIC_REPRESENTATION_CONTEXT(2) 
PARAMETRIC_REPRESENTATION_CONTEXT() REPRESENTATION_CONTEXT('2D SPACE',''
  ) );
#6932 = ADVANCED_FACE('',(#6933),#6895,.T.);
#6933 = FACE_BOUND('',#6934,.F.);
#6934 = EDGE_LOOP('',(#6935,#6958,#6959,#6982));
#6935 = ORIENTED_EDGE('',*,*,#6936,.F.);
#6936 = EDGE_CURVE('',#6880,#6937,#6939,.T.);
#6937 = VERTEX_POINT('',#6938);
#6938 = CARTESIAN_POINT('',(122.,-33.,17.));
#6939 = SURFACE_CURVE('',#6940,(#6944,#6951),.PCURVE_S1.);
#6940 = LINE('',#6941,#6942);
#6941 = CARTESIAN_POINT('',(122.,-28.,17.));
#6942 = VECTOR('',#6943,1.);
#6943 = DIRECTION('',(0.,-1.,0.));
#6944 = PCURVE('',#6895,#6945);
#6945 = DEFINITIONAL_REPRESENTATION('',(#6946),#6950);
#6946 = LINE('',#6947,#6948);
#6947 = CARTESIAN_POINT('',(-12.7,0.));
#6948 = VECTOR('',#6949,1.);
#6949 = DIRECTION('',(-0.,-1.));
#6950 = ( GEOMETRIC_REPRESENTATION_CONTEXT(2) 
PARAMETRIC_REPRESENTATION_CONTEXT() REPRESENTATION_CONTEXT('2D SPACE',''
  ) );
#6951 = PCURVE('',#6921,#6952);
#6952 = DEFINITIONAL_REPRESENTATION('',(#6953),#6957);
#6953 = LINE('',#6954,#6955);
#6954 = CARTESIAN_POINT('',(-20.,-0.));
#6955 = VECTOR('',#6956,1.);
#6956 = DIRECTION('',(-0.,1.));
#6957 = ( GEOMETRIC_REPRESENTATION_CONTEXT(2) 
PARAMETRIC_REPRESENTATION_CONTEXT() REPRESENTATION_CONTEXT('2D SPACE',''
  ) );
#6958 = ORIENTED_EDGE('',*,*,#6879,.T.);
#6959 = ORIENTED_EDGE('',*,*,#6960,.T.);
#6960 = EDGE_CURVE('',#6857,#6961,#6963,.T.);
#6961 = VERTEX_POINT('',#6962);
#6962 = CARTESIAN_POINT('',(122.,-33.,4.3));
#6963 = SURFACE_CURVE('',#6964,(#6968,#6975),.PCURVE_S1.);
#6964 = LINE('',#6965,#6966);
#6965 = CARTESIAN_POINT('',(122.,-28.,4.3));
#6966 = VECTOR('',#6967,1.);
#6967 = DIRECTION('',(0.,-1.,0.));
#6968 = PCURVE('',#6895,#6969);
#6969 = DEFINITIONAL_REPRESENTATION('',(#6970),#6974);
#6970 = LINE('',#6971,#6972);
#6971 = CARTESIAN_POINT('',(-0.,0.));
#6972 = VECTOR('',#6973,1.);
#6973 = DIRECTION('',(-0.,-1.));
#6974 = ( GEOMETRIC_REPRESENTATION_CONTEXT(2) 
PARAMETRIC_REPRESENTATION_CONTEXT() REPRESENTATION_CONTEXT('2D SPACE',''
  ) );
#6975 = PCURVE('',#5685,#6976);
#6976 = DEFINITIONAL_REPRESENTATION('',(#6977),#6981);
#6977 = LINE('',#6978,#6979);
#6978 = CARTESIAN_POINT('',(-46.,58.));
#6979 = VECTOR('',#6980,1.);
#6980 = DIRECTION('',(-0.,1.));
#6981 = ( GEOMETRIC_REPRESENTATION_CONTEXT(2) 
PARAMETRIC_REPRESENTATION_CONTEXT() REPRESENTATION_CONTEXT('2D SPACE',''
  ) );
#6982 = ORIENTED_EDGE('',*,*,#6983,.T.);
#6983 = EDGE_CURVE('',#6961,#6937,#6984,.T.);
#6984 = SURFACE_CURVE('',#6985,(#6989,#6996),.PCURVE_S1.);
#6985 = LINE('',#6986,#6987);
#6986 = CARTESIAN_POINT('',(122.,-33.,4.3));
#6987 = VECTOR('',#6988,1.);
#6988 = DIRECTION('',(0.,0.,1.));
#6989 = PCURVE('',#6895,#6990);
#6990 = DEFINITIONAL_REPRESENTATION('',(#6991),#6995);
#6991 = LINE('',#6992,#6993);
#6992 = CARTESIAN_POINT('',(-0.,-5.));
#6993 = VECTOR('',#6994,1.);
#6994 = DIRECTION('',(-1.,0.));
#6995 = ( GEOMETRIC_REPRESENTATION_CONTEXT(2) 
PARAMETRIC_REPRESENTATION_CONTEXT() REPRESENTATION_CONTEXT('2D SPACE',''
  ) );
#6996 = PCURVE('',#6997,#7002);
#6997 = PLANE('',#6998);
#6998 = AXIS2_PLACEMENT_3D('',#6999,#7000,#7001);
#6999 = CARTESIAN_POINT('',(102.,-33.,4.3));
#7000 = DIRECTION('',(0.,-1.,0.));
#7001 = DIRECTION('',(0.,-0.,-1.));
#7002 = DEFINITIONAL_REPRESENTATION('',(#7003),#7007);
#7003 = LINE('',#7004,#7005);
#7004 = CARTESIAN_POINT('',(-0.,20.));
#7005 = VECTOR('',#7006,1.);
#7006 = DIRECTION('',(-1.,0.));
#7007 = ( GEOMETRIC_REPRESENTATION_CONTEXT(2) 
PARAMETRIC_REPRESENTATION_CONTEXT() REPRESENTATION_CONTEXT('2D SPACE',''
  ) );
#7008 = ADVANCED_FACE('',(#7009,#7084),#6997,.T.);
#7009 = FACE_BOUND('',#7010,.F.);
#7010 = EDGE_LOOP('',(#7011,#7034,#7062,#7083));
#7011 = ORIENTED_EDGE('',*,*,#7012,.F.);
#7012 = EDGE_CURVE('',#7013,#6961,#7015,.T.);
#7013 = VERTEX_POINT('',#7014);
#7014 = CARTESIAN_POINT('',(102.,-33.,4.3));
#7015 = SURFACE_CURVE('',#7016,(#7020,#7027),.PCURVE_S1.);
#7016 = LINE('',#7017,#7018);
#7017 = CARTESIAN_POINT('',(102.,-33.,4.3));
#7018 = VECTOR('',#7019,1.);
#7019 = DIRECTION('',(1.,0.,0.));
#7020 = PCURVE('',#6997,#7021);
#7021 = DEFINITIONAL_REPRESENTATION('',(#7022),#7026);
#7022 = LINE('',#7023,#7024);
#7023 = CARTESIAN_POINT('',(-0.,0.));
#7024 = VECTOR('',#7025,1.);
#7025 = DIRECTION('',(-0.,1.));
#7026 = ( GEOMETRIC_REPRESENTATION_CONTEXT(2) 
PARAMETRIC_REPRESENTATION_CONTEXT() REPRESENTATION_CONTEXT('2D SPACE',''
  ) );
#7027 = PCURVE('',#5685,#7028);
#7028 = DEFINITIONAL_REPRESENTATION('',(#7029),#7033);
#7029 = LINE('',#7030,#7031);
#7030 = CARTESIAN_POINT('',(-26.,63.));
#7031 = VECTOR('',#7032,1.);
#7032 = DIRECTION('',(-1.,0.));
#7033 = ( GEOMETRIC_REPRESENTATION_CONTEXT(2) 
PARAMETRIC_REPRESENTATION_CONTEXT() REPRESENTATION_CONTEXT('2D SPACE',''
  ) );
#7034 = ORIENTED_EDGE('',*,*,#7035,.T.);
#7035 = EDGE_CURVE('',#7013,#7036,#7038,.T.);
#7036 = VERTEX_POINT('',#7037);
#7037 = CARTESIAN_POINT('',(102.,-33.,17.));
#7038 = SURFACE_CURVE('',#7039,(#7043,#7050),.PCURVE_S1.);
#7039 = LINE('',#7040,#7041);
#7040 = CARTESIAN_POINT('',(102.,-33.,4.3));
#7041 = VECTOR('',#7042,1.);
#7042 = DIRECTION('',(0.,0.,1.));
#7043 = PCURVE('',#6997,#7044);
#7044 = DEFINITIONAL_REPRESENTATION('',(#7045),#7049);
#7045 = LINE('',#7046,#7047);
#7046 = CARTESIAN_POINT('',(-0.,0.));
#7047 = VECTOR('',#7048,1.);
#7048 = DIRECTION('',(-1.,0.));
#7049 = ( GEOMETRIC_REPRESENTATION_CONTEXT(2) 
PARAMETRIC_REPRESENTATION_CONTEXT() REPRESENTATION_CONTEXT('2D SPACE',''
  ) );
#7050 = PCURVE('',#7051,#7056);
#7051 = PLANE('',#7052);
#7052 = AXIS2_PLACEMENT_3D('',#7053,#7054,#7055);
#7053 = CARTESIAN_POINT('',(102.,-28.,4.3));
#7054 = DIRECTION('',(1.,0.,0.));
#7055 = DIRECTION('',(0.,-0.,-1.));
#7056 = DEFINITIONAL_REPRESENTATION('',(#7057),#7061);
#7057 = LINE('',#7058,#7059);
#7058 = CARTESIAN_POINT('',(-0.,-5.));
#7059 = VECTOR('',#7060,1.);
#7060 = DIRECTION('',(-1.,0.));
#7061 = ( GEOMETRIC_REPRESENTATION_CONTEXT(2) 
PARAMETRIC_REPRESENTATION_CONTEXT() REPRESENTATION_CONTEXT('2D SPACE',''
  ) );
#7062 = ORIENTED_EDGE('',*,*,#7063,.T.);
#7063 = EDGE_CURVE('',#7036,#6937,#7064,.T.);
#7064 = SURFACE_CURVE('',#7065,(#7069,#7076),.PCURVE_S1.);
#7065 = LINE('',#7066,#7067);
#7066 = CARTESIAN_POINT('',(102.,-33.,17.));
#7067 = VECTOR('',#7068,1.);
#7068 = DIRECTION('',(1.,0.,0.));
#7069 = PCURVE('',#6997,#7070);
#7070 = DEFINITIONAL_REPRESENTATION('',(#7071),#7075);
#7071 = LINE('',#7072,#7073);
#7072 = CARTESIAN_POINT('',(-12.7,0.));
#7073 = VECTOR('',#7074,1.);
#7074 = DIRECTION('',(-0.,1.));
#7075 = ( GEOMETRIC_REPRESENTATION_CONTEXT(2) 
PARAMETRIC_REPRESENTATION_CONTEXT() REPRESENTATION_CONTEXT('2D SPACE',''
  ) );
#7076 = PCURVE('',#6921,#7077);
#7077 = DEFINITIONAL_REPRESENTATION('',(#7078),#7082);
#7078 = LINE('',#7079,#7080);
#7079 = CARTESIAN_POINT('',(-0.,5.));
#7080 = VECTOR('',#7081,1.);
#7081 = DIRECTION('',(-1.,-0.));
#7082 = ( GEOMETRIC_REPRESENTATION_CONTEXT(2) 
PARAMETRIC_REPRESENTATION_CONTEXT() REPRESENTATION_CONTEXT('2D SPACE',''
  ) );
#7083 = ORIENTED_EDGE('',*,*,#6983,.F.);
#7084 = FACE_BOUND('',#7085,.F.);
#7085 = EDGE_LOOP('',(#7086));
#7086 = ORIENTED_EDGE('',*,*,#7087,.F.);
#7087 = EDGE_CURVE('',#7088,#7088,#7090,.T.);
#7088 = VERTEX_POINT('',#7089);
#7089 = CARTESIAN_POINT('',(112.,-33.,11.25));
#7090 = SURFACE_CURVE('',#7091,(#7096,#7107),.PCURVE_S1.);
#7091 = CIRCLE('',#7092,2.25);
#7092 = AXIS2_PLACEMENT_3D('',#7093,#7094,#7095);
#7093 = CARTESIAN_POINT('',(112.,-33.,9.));
#7094 = DIRECTION('',(0.,1.,0.));
#7095 = DIRECTION('',(-0.,-0.,1.));
#7096 = PCURVE('',#6997,#7097);
#7097 = DEFINITIONAL_REPRESENTATION('',(#7098),#7106);
#7098 = ( BOUNDED_CURVE() B_SPLINE_CURVE(2,(#7099,#7100,#7101,#7102,
#7103,#7104,#7105),.UNSPECIFIED.,.T.,.F.) B_SPLINE_CURVE_WITH_KNOTS((1,2
    ,2,2,2,1),(-2.094395102393,0.,2.094395102393,4.188790204786,
6.28318530718,8.377580409573),.UNSPECIFIED.) CURVE() 
GEOMETRIC_REPRESENTATION_ITEM() RATIONAL_B_SPLINE_CURVE((1.,0.5,1.,0.5,
1.,0.5,1.)) REPRESENTATION_ITEM('') );
#7099 = CARTESIAN_POINT('',(-6.95,10.));
#7100 = CARTESIAN_POINT('',(-6.95,13.89711431703));
#7101 = CARTESIAN_POINT('',(-3.575,11.948557158515));
#7102 = CARTESIAN_POINT('',(-0.2,10.));
#7103 = CARTESIAN_POINT('',(-3.575,8.051442841485));
#7104 = CARTESIAN_POINT('',(-6.95,6.10288568297));
#7105 = CARTESIAN_POINT('',(-6.95,10.));
#7106 = ( GEOMETRIC_REPRESENTATION_CONTEXT(2) 
PARAMETRIC_REPRESENTATION_CONTEXT() REPRESENTATION_CONTEXT('2D SPACE',''
  ) );
#7107 = PCURVE('',#7108,#7113);
#7108 = CYLINDRICAL_SURFACE('',#7109,2.25);
#7109 = AXIS2_PLACEMENT_3D('',#7110,#7111,#7112);
#7110 = CARTESIAN_POINT('',(112.,-20.,9.));
#7111 = DIRECTION('',(-0.,-1.,-0.));
#7112 = DIRECTION('',(-0.,-0.,1.));
#7113 = DEFINITIONAL_REPRESENTATION('',(#7114),#7118);
#7114 = LINE('',#7115,#7116);
#7115 = CARTESIAN_POINT('',(-0.,13.));
#7116 = VECTOR('',#7117,1.);
#7117 = DIRECTION('',(-1.,0.));
#7118 = ( GEOMETRIC_REPRESENTATION_CONTEXT(2) 
PARAMETRIC_REPRESENTATION_CONTEXT() REPRESENTATION_CONTEXT('2D SPACE',''
  ) );
#7119 = ADVANCED_FACE('',(#7120),#7108,.F.);
#7120 = FACE_BOUND('',#7121,.T.);
#7121 = EDGE_LOOP('',(#7122,#7151,#7172,#7173));
#7122 = ORIENTED_EDGE('',*,*,#7123,.F.);
#7123 = EDGE_CURVE('',#7124,#7124,#7126,.T.);
#7124 = VERTEX_POINT('',#7125);
#7125 = CARTESIAN_POINT('',(112.,-30.4,11.25));
#7126 = SURFACE_CURVE('',#7127,(#7132,#7139),.PCURVE_S1.);
#7127 = CIRCLE('',#7128,2.25);
#7128 = AXIS2_PLACEMENT_3D('',#7129,#7130,#7131);
#7129 = CARTESIAN_POINT('',(112.,-30.4,9.));
#7130 = DIRECTION('',(0.,-1.,0.));
#7131 = DIRECTION('',(3.157967714489E-15,0.,1.));
#7132 = PCURVE('',#7108,#7133);
#7133 = DEFINITIONAL_REPRESENTATION('',(#7134),#7138);
#7134 = LINE('',#7135,#7136);
#7135 = CARTESIAN_POINT('',(-6.28318530718,10.4));
#7136 = VECTOR('',#7137,1.);
#7137 = DIRECTION('',(1.,-0.));
#7138 = ( GEOMETRIC_REPRESENTATION_CONTEXT(2) 
PARAMETRIC_REPRESENTATION_CONTEXT() REPRESENTATION_CONTEXT('2D SPACE',''
  ) );
#7139 = PCURVE('',#7140,#7145);
#7140 = PLANE('',#7141);
#7141 = AXIS2_PLACEMENT_3D('',#7142,#7143,#7144);
#7142 = CARTESIAN_POINT('',(108.35,-30.4,9.));
#7143 = DIRECTION('',(0.,-1.,0.));
#7144 = DIRECTION('',(-0.,-0.,-1.));
#7145 = DEFINITIONAL_REPRESENTATION('',(#7146),#7150);
#7146 = CIRCLE('',#7147,2.25);
#7147 = AXIS2_PLACEMENT_2D('',#7148,#7149);
#7148 = CARTESIAN_POINT('',(0.,3.65));
#7149 = DIRECTION('',(-1.,3.157967714489E-15));
#7150 = ( GEOMETRIC_REPRESENTATION_CONTEXT(2) 
PARAMETRIC_REPRESENTATION_CONTEXT() REPRESENTATION_CONTEXT('2D SPACE',''
  ) );
#7151 = ORIENTED_EDGE('',*,*,#7152,.T.);
#7152 = EDGE_CURVE('',#7124,#7088,#7153,.T.);
#7153 = SEAM_CURVE('',#7154,(#7158,#7165),.PCURVE_S1.);
#7154 = LINE('',#7155,#7156);
#7155 = CARTESIAN_POINT('',(112.,-20.,11.25));
#7156 = VECTOR('',#7157,1.);
#7157 = DIRECTION('',(-0.,-1.,-0.));
#7158 = PCURVE('',#7108,#7159);
#7159 = DEFINITIONAL_REPRESENTATION('',(#7160),#7164);
#7160 = LINE('',#7161,#7162);
#7161 = CARTESIAN_POINT('',(-6.28318530718,-0.));
#7162 = VECTOR('',#7163,1.);
#7163 = DIRECTION('',(-0.,1.));
#7164 = ( GEOMETRIC_REPRESENTATION_CONTEXT(2) 
PARAMETRIC_REPRESENTATION_CONTEXT() REPRESENTATION_CONTEXT('2D SPACE',''
  ) );
#7165 = PCURVE('',#7108,#7166);
#7166 = DEFINITIONAL_REPRESENTATION('',(#7167),#7171);
#7167 = LINE('',#7168,#7169);
#7168 = CARTESIAN_POINT('',(-0.,-0.));
#7169 = VECTOR('',#7170,1.);
#7170 = DIRECTION('',(-0.,1.));
#7171 = ( GEOMETRIC_REPRESENTATION_CONTEXT(2) 
PARAMETRIC_REPRESENTATION_CONTEXT() REPRESENTATION_CONTEXT('2D SPACE',''
  ) );
#7172 = ORIENTED_EDGE('',*,*,#7087,.F.);
#7173 = ORIENTED_EDGE('',*,*,#7152,.F.);
#7174 = ADVANCED_FACE('',(#7175,#7307),#7140,.F.);
#7175 = FACE_BOUND('',#7176,.T.);
#7176 = EDGE_LOOP('',(#7177,#7202,#7230,#7258,#7286));
#7177 = ORIENTED_EDGE('',*,*,#7178,.F.);
#7178 = EDGE_CURVE('',#7179,#7181,#7183,.T.);
#7179 = VERTEX_POINT('',#7180);
#7180 = CARTESIAN_POINT('',(115.65,-30.4,6.892671517458));
#7181 = VERTEX_POINT('',#7182);
#7182 = CARTESIAN_POINT('',(115.65,-30.4,17.));
#7183 = SURFACE_CURVE('',#7184,(#7188,#7195),.PCURVE_S1.);
#7184 = LINE('',#7185,#7186);
#7185 = CARTESIAN_POINT('',(115.65,-30.4,6.892671517458));
#7186 = VECTOR('',#7187,1.);
#7187 = DIRECTION('',(0.,0.,1.));
#7188 = PCURVE('',#7140,#7189);
#7189 = DEFINITIONAL_REPRESENTATION('',(#7190),#7194);
#7190 = LINE('',#7191,#7192);
#7191 = CARTESIAN_POINT('',(2.107328482542,7.3));
#7192 = VECTOR('',#7193,1.);
#7193 = DIRECTION('',(-1.,0.));
#7194 = ( GEOMETRIC_REPRESENTATION_CONTEXT(2) 
PARAMETRIC_REPRESENTATION_CONTEXT() REPRESENTATION_CONTEXT('2D SPACE',''
  ) );
#7195 = PCURVE('',#6822,#7196);
#7196 = DEFINITIONAL_REPRESENTATION('',(#7197),#7201);
#7197 = LINE('',#7198,#7199);
#7198 = CARTESIAN_POINT('',(2.107328482542,-3.4));
#7199 = VECTOR('',#7200,1.);
#7200 = DIRECTION('',(-1.,0.));
#7201 = ( GEOMETRIC_REPRESENTATION_CONTEXT(2) 
PARAMETRIC_REPRESENTATION_CONTEXT() REPRESENTATION_CONTEXT('2D SPACE',''
  ) );
#7202 = ORIENTED_EDGE('',*,*,#7203,.T.);
#7203 = EDGE_CURVE('',#7179,#7204,#7206,.T.);
#7204 = VERTEX_POINT('',#7205);
#7205 = CARTESIAN_POINT('',(112.,-30.4,4.785343034916));
#7206 = SURFACE_CURVE('',#7207,(#7211,#7218),.PCURVE_S1.);
#7207 = LINE('',#7208,#7209);
#7208 = CARTESIAN_POINT('',(115.65,-30.4,6.892671517458));
#7209 = VECTOR('',#7210,1.);
#7210 = DIRECTION('',(-0.866025403784,6.123233995737E-17,-0.5));
#7211 = PCURVE('',#7140,#7212);
#7212 = DEFINITIONAL_REPRESENTATION('',(#7213),#7217);
#7213 = LINE('',#7214,#7215);
#7214 = CARTESIAN_POINT('',(2.107328482542,7.3));
#7215 = VECTOR('',#7216,1.);
#7216 = DIRECTION('',(0.5,-0.866025403784));
#7217 = ( GEOMETRIC_REPRESENTATION_CONTEXT(2) 
PARAMETRIC_REPRESENTATION_CONTEXT() REPRESENTATION_CONTEXT('2D SPACE',''
  ) );
#7218 = PCURVE('',#7219,#7224);
#7219 = PLANE('',#7220);
#7220 = AXIS2_PLACEMENT_3D('',#7221,#7222,#7223);
#7221 = CARTESIAN_POINT('',(115.65,-27.,6.892671517458));
#7222 = DIRECTION('',(-0.5,-1.060575238725E-16,0.866025403784));
#7223 = DIRECTION('',(0.866025403784,-6.123233995737E-17,0.5));
#7224 = DEFINITIONAL_REPRESENTATION('',(#7225),#7229);
#7225 = LINE('',#7226,#7227);
#7226 = CARTESIAN_POINT('',(-2.35899253995E-16,-3.4));
#7227 = VECTOR('',#7228,1.);
#7228 = DIRECTION('',(-1.,-1.270359090391E-33));
#7229 = ( GEOMETRIC_REPRESENTATION_CONTEXT(2) 
PARAMETRIC_REPRESENTATION_CONTEXT() REPRESENTATION_CONTEXT('2D SPACE',''
  ) );
#7230 = ORIENTED_EDGE('',*,*,#7231,.T.);
#7231 = EDGE_CURVE('',#7204,#7232,#7234,.T.);
#7232 = VERTEX_POINT('',#7233);
#7233 = CARTESIAN_POINT('',(108.35,-30.4,6.892671517458));
#7234 = SURFACE_CURVE('',#7235,(#7239,#7246),.PCURVE_S1.);
#7235 = LINE('',#7236,#7237);
#7236 = CARTESIAN_POINT('',(112.,-30.4,4.785343034916));
#7237 = VECTOR('',#7238,1.);
#7238 = DIRECTION('',(-0.866025403784,-6.123233995737E-17,0.5));
#7239 = PCURVE('',#7140,#7240);
#7240 = DEFINITIONAL_REPRESENTATION('',(#7241),#7245);
#7241 = LINE('',#7242,#7243);
#7242 = CARTESIAN_POINT('',(4.214656965084,3.65));
#7243 = VECTOR('',#7244,1.);
#7244 = DIRECTION('',(-0.5,-0.866025403784));
#7245 = ( GEOMETRIC_REPRESENTATION_CONTEXT(2) 
PARAMETRIC_REPRESENTATION_CONTEXT() REPRESENTATION_CONTEXT('2D SPACE',''
  ) );
#7246 = PCURVE('',#7247,#7252);
#7247 = PLANE('',#7248);
#7248 = AXIS2_PLACEMENT_3D('',#7249,#7250,#7251);
#7249 = CARTESIAN_POINT('',(112.,-27.,4.785343034916));
#7250 = DIRECTION('',(0.5,-1.060575238725E-16,0.866025403784));
#7251 = DIRECTION('',(0.866025403784,6.123233995737E-17,-0.5));
#7252 = DEFINITIONAL_REPRESENTATION('',(#7253),#7257);
#7253 = LINE('',#7254,#7255);
#7254 = CARTESIAN_POINT('',(-2.081899558551E-16,-3.4));
#7255 = VECTOR('',#7256,1.);
#7256 = DIRECTION('',(-1.,1.270359090391E-33));
#7257 = ( GEOMETRIC_REPRESENTATION_CONTEXT(2) 
PARAMETRIC_REPRESENTATION_CONTEXT() REPRESENTATION_CONTEXT('2D SPACE',''
  ) );
#7258 = ORIENTED_EDGE('',*,*,#7259,.F.);
#7259 = EDGE_CURVE('',#7260,#7232,#7262,.T.);
#7260 = VERTEX_POINT('',#7261);
#7261 = CARTESIAN_POINT('',(108.35,-30.4,17.));
#7262 = SURFACE_CURVE('',#7263,(#7267,#7274),.PCURVE_S1.);
#7263 = LINE('',#7264,#7265);
#7264 = CARTESIAN_POINT('',(108.35,-30.4,17.));
#7265 = VECTOR('',#7266,1.);
#7266 = DIRECTION('',(0.,0.,-1.));
#7267 = PCURVE('',#7140,#7268);
#7268 = DEFINITIONAL_REPRESENTATION('',(#7269),#7273);
#7269 = LINE('',#7270,#7271);
#7270 = CARTESIAN_POINT('',(-8.,0.));
#7271 = VECTOR('',#7272,1.);
#7272 = DIRECTION('',(1.,-0.));
#7273 = ( GEOMETRIC_REPRESENTATION_CONTEXT(2) 
PARAMETRIC_REPRESENTATION_CONTEXT() REPRESENTATION_CONTEXT('2D SPACE',''
  ) );
#7274 = PCURVE('',#7275,#7280);
#7275 = PLANE('',#7276);
#7276 = AXIS2_PLACEMENT_3D('',#7277,#7278,#7279);
#7277 = CARTESIAN_POINT('',(108.35,-27.,9.));
#7278 = DIRECTION('',(1.,0.,-0.));
#7279 = DIRECTION('',(-0.,-0.,-1.));
#7280 = DEFINITIONAL_REPRESENTATION('',(#7281),#7285);
#7281 = LINE('',#7282,#7283);
#7282 = CARTESIAN_POINT('',(-8.,-3.4));
#7283 = VECTOR('',#7284,1.);
#7284 = DIRECTION('',(1.,-0.));
#7285 = ( GEOMETRIC_REPRESENTATION_CONTEXT(2) 
PARAMETRIC_REPRESENTATION_CONTEXT() REPRESENTATION_CONTEXT('2D SPACE',''
  ) );
#7286 = ORIENTED_EDGE('',*,*,#7287,.F.);
#7287 = EDGE_CURVE('',#7181,#7260,#7288,.T.);
#7288 = SURFACE_CURVE('',#7289,(#7293,#7300),.PCURVE_S1.);
#7289 = LINE('',#7290,#7291);
#7290 = CARTESIAN_POINT('',(105.175,-30.4,17.));
#7291 = VECTOR('',#7292,1.);
#7292 = DIRECTION('',(-1.,-0.,-0.));
#7293 = PCURVE('',#7140,#7294);
#7294 = DEFINITIONAL_REPRESENTATION('',(#7295),#7299);
#7295 = LINE('',#7296,#7297);
#7296 = CARTESIAN_POINT('',(-8.,-3.175));
#7297 = VECTOR('',#7298,1.);
#7298 = DIRECTION('',(-0.,-1.));
#7299 = ( GEOMETRIC_REPRESENTATION_CONTEXT(2) 
PARAMETRIC_REPRESENTATION_CONTEXT() REPRESENTATION_CONTEXT('2D SPACE',''
  ) );
#7300 = PCURVE('',#6921,#7301);
#7301 = DEFINITIONAL_REPRESENTATION('',(#7302),#7306);
#7302 = LINE('',#7303,#7304);
#7303 = CARTESIAN_POINT('',(-3.175,2.4));
#7304 = VECTOR('',#7305,1.);
#7305 = DIRECTION('',(1.,-0.));
#7306 = ( GEOMETRIC_REPRESENTATION_CONTEXT(2) 
PARAMETRIC_REPRESENTATION_CONTEXT() REPRESENTATION_CONTEXT('2D SPACE',''
  ) );
#7307 = FACE_BOUND('',#7308,.T.);
#7308 = EDGE_LOOP('',(#7309));
#7309 = ORIENTED_EDGE('',*,*,#7123,.T.);
#7310 = ADVANCED_FACE('',(#7311),#7275,.T.);
#7311 = FACE_BOUND('',#7312,.F.);
#7312 = EDGE_LOOP('',(#7313,#7343,#7364,#7365,#7388,#7411));
#7313 = ORIENTED_EDGE('',*,*,#7314,.F.);
#7314 = EDGE_CURVE('',#7315,#7317,#7319,.T.);
#7315 = VERTEX_POINT('',#7316);
#7316 = CARTESIAN_POINT('',(108.35,-27.,6.892671517458));
#7317 = VERTEX_POINT('',#7318);
#7318 = CARTESIAN_POINT('',(108.35,-27.,23.3));
#7319 = SURFACE_CURVE('',#7320,(#7324,#7331),.PCURVE_S1.);
#7320 = LINE('',#7321,#7322);
#7321 = CARTESIAN_POINT('',(108.35,-27.,6.892671517458));
#7322 = VECTOR('',#7323,1.);
#7323 = DIRECTION('',(0.,0.,1.));
#7324 = PCURVE('',#7275,#7325);
#7325 = DEFINITIONAL_REPRESENTATION('',(#7326),#7330);
#7326 = LINE('',#7327,#7328);
#7327 = CARTESIAN_POINT('',(2.107328482542,-0.));
#7328 = VECTOR('',#7329,1.);
#7329 = DIRECTION('',(-1.,0.));
#7330 = ( GEOMETRIC_REPRESENTATION_CONTEXT(2) 
PARAMETRIC_REPRESENTATION_CONTEXT() REPRESENTATION_CONTEXT('2D SPACE',''
  ) );
#7331 = PCURVE('',#7332,#7337);
#7332 = PLANE('',#7333);
#7333 = AXIS2_PLACEMENT_3D('',#7334,#7335,#7336);
#7334 = CARTESIAN_POINT('',(108.35,-27.,9.));
#7335 = DIRECTION('',(0.,-1.,0.));
#7336 = DIRECTION('',(-0.,-0.,-1.));
#7337 = DEFINITIONAL_REPRESENTATION('',(#7338),#7342);
#7338 = LINE('',#7339,#7340);
#7339 = CARTESIAN_POINT('',(2.107328482542,-0.));
#7340 = VECTOR('',#7341,1.);
#7341 = DIRECTION('',(-1.,0.));
#7342 = ( GEOMETRIC_REPRESENTATION_CONTEXT(2) 
PARAMETRIC_REPRESENTATION_CONTEXT() REPRESENTATION_CONTEXT('2D SPACE',''
  ) );
#7343 = ORIENTED_EDGE('',*,*,#7344,.T.);
#7344 = EDGE_CURVE('',#7315,#7232,#7345,.T.);
#7345 = SURFACE_CURVE('',#7346,(#7350,#7357),.PCURVE_S1.);
#7346 = LINE('',#7347,#7348);
#7347 = CARTESIAN_POINT('',(108.35,-27.,6.892671517458));
#7348 = VECTOR('',#7349,1.);
#7349 = DIRECTION('',(-0.,-1.,-1.224646799147E-16));
#7350 = PCURVE('',#7275,#7351);
#7351 = DEFINITIONAL_REPRESENTATION('',(#7352),#7356);
#7352 = LINE('',#7353,#7354);
#7353 = CARTESIAN_POINT('',(2.107328482542,-0.));
#7354 = VECTOR('',#7355,1.);
#7355 = DIRECTION('',(1.224646799147E-16,-1.));
#7356 = ( GEOMETRIC_REPRESENTATION_CONTEXT(2) 
PARAMETRIC_REPRESENTATION_CONTEXT() REPRESENTATION_CONTEXT('2D SPACE',''
  ) );
#7357 = PCURVE('',#7247,#7358);
#7358 = DEFINITIONAL_REPRESENTATION('',(#7359),#7363);
#7359 = LINE('',#7360,#7361);
#7360 = CARTESIAN_POINT('',(-4.214656965084,2.580733080897E-16));
#7361 = VECTOR('',#7362,1.);
#7362 = DIRECTION('',(1.270359090391E-33,-1.));
#7363 = ( GEOMETRIC_REPRESENTATION_CONTEXT(2) 
PARAMETRIC_REPRESENTATION_CONTEXT() REPRESENTATION_CONTEXT('2D SPACE',''
  ) );
#7364 = ORIENTED_EDGE('',*,*,#7259,.F.);
#7365 = ORIENTED_EDGE('',*,*,#7366,.F.);
#7366 = EDGE_CURVE('',#7367,#7260,#7369,.T.);
#7367 = VERTEX_POINT('',#7368);
#7368 = CARTESIAN_POINT('',(108.35,-30.,17.));
#7369 = SURFACE_CURVE('',#7370,(#7374,#7381),.PCURVE_S1.);
#7370 = LINE('',#7371,#7372);
#7371 = CARTESIAN_POINT('',(108.35,-27.5,17.));
#7372 = VECTOR('',#7373,1.);
#7373 = DIRECTION('',(-0.,-1.,-0.));
#7374 = PCURVE('',#7275,#7375);
#7375 = DEFINITIONAL_REPRESENTATION('',(#7376),#7380);
#7376 = LINE('',#7377,#7378);
#7377 = CARTESIAN_POINT('',(-8.,-0.5));
#7378 = VECTOR('',#7379,1.);
#7379 = DIRECTION('',(-0.,-1.));
#7380 = ( GEOMETRIC_REPRESENTATION_CONTEXT(2) 
PARAMETRIC_REPRESENTATION_CONTEXT() REPRESENTATION_CONTEXT('2D SPACE',''
  ) );
#7381 = PCURVE('',#6921,#7382);
#7382 = DEFINITIONAL_REPRESENTATION('',(#7383),#7387);
#7383 = LINE('',#7384,#7385);
#7384 = CARTESIAN_POINT('',(-6.35,-0.5));
#7385 = VECTOR('',#7386,1.);
#7386 = DIRECTION('',(-0.,1.));
#7387 = ( GEOMETRIC_REPRESENTATION_CONTEXT(2) 
PARAMETRIC_REPRESENTATION_CONTEXT() REPRESENTATION_CONTEXT('2D SPACE',''
  ) );
#7388 = ORIENTED_EDGE('',*,*,#7389,.F.);
#7389 = EDGE_CURVE('',#7390,#7367,#7392,.T.);
#7390 = VERTEX_POINT('',#7391);
#7391 = CARTESIAN_POINT('',(108.35,-30.,23.3));
#7392 = SURFACE_CURVE('',#7393,(#7397,#7404),.PCURVE_S1.);
#7393 = LINE('',#7394,#7395);
#7394 = CARTESIAN_POINT('',(108.35,-30.,6.65));
#7395 = VECTOR('',#7396,1.);
#7396 = DIRECTION('',(-0.,-0.,-1.));
#7397 = PCURVE('',#7275,#7398);
#7398 = DEFINITIONAL_REPRESENTATION('',(#7399),#7403);
#7399 = LINE('',#7400,#7401);
#7400 = CARTESIAN_POINT('',(2.35,-3.));
#7401 = VECTOR('',#7402,1.);
#7402 = DIRECTION('',(1.,-0.));
#7403 = ( GEOMETRIC_REPRESENTATION_CONTEXT(2) 
PARAMETRIC_REPRESENTATION_CONTEXT() REPRESENTATION_CONTEXT('2D SPACE',''
  ) );
#7404 = PCURVE('',#5713,#7405);
#7405 = DEFINITIONAL_REPRESENTATION('',(#7406),#7410);
#7406 = LINE('',#7407,#7408);
#7407 = CARTESIAN_POINT('',(-2.35,32.35));
#7408 = VECTOR('',#7409,1.);
#7409 = DIRECTION('',(1.,-0.));
#7410 = ( GEOMETRIC_REPRESENTATION_CONTEXT(2) 
PARAMETRIC_REPRESENTATION_CONTEXT() REPRESENTATION_CONTEXT('2D SPACE',''
  ) );
#7411 = ORIENTED_EDGE('',*,*,#7412,.F.);
#7412 = EDGE_CURVE('',#7317,#7390,#7413,.T.);
#7413 = SURFACE_CURVE('',#7414,(#7418,#7425),.PCURVE_S1.);
#7414 = LINE('',#7415,#7416);
#7415 = CARTESIAN_POINT('',(108.35,1.5,23.3));
#7416 = VECTOR('',#7417,1.);
#7417 = DIRECTION('',(-0.,-1.,-0.));
#7418 = PCURVE('',#7275,#7419);
#7419 = DEFINITIONAL_REPRESENTATION('',(#7420),#7424);
#7420 = LINE('',#7421,#7422);
#7421 = CARTESIAN_POINT('',(-14.3,28.5));
#7422 = VECTOR('',#7423,1.);
#7423 = DIRECTION('',(-0.,-1.));
#7424 = ( GEOMETRIC_REPRESENTATION_CONTEXT(2) 
PARAMETRIC_REPRESENTATION_CONTEXT() REPRESENTATION_CONTEXT('2D SPACE',''
  ) );
#7425 = PCURVE('',#5517,#7426);
#7426 = DEFINITIONAL_REPRESENTATION('',(#7427),#7431);
#7427 = LINE('',#7428,#7429);
#7428 = CARTESIAN_POINT('',(-32.35,28.5));
#7429 = VECTOR('',#7430,1.);
#7430 = DIRECTION('',(-0.,1.));
#7431 = ( GEOMETRIC_REPRESENTATION_CONTEXT(2) 
PARAMETRIC_REPRESENTATION_CONTEXT() REPRESENTATION_CONTEXT('2D SPACE',''
  ) );
#7432 = ADVANCED_FACE('',(#7433,#7526),#7332,.T.);
#7433 = FACE_BOUND('',#7434,.F.);
#7434 = EDGE_LOOP('',(#7435,#7460,#7483,#7504,#7505));
#7435 = ORIENTED_EDGE('',*,*,#7436,.F.);
#7436 = EDGE_CURVE('',#7437,#7439,#7441,.T.);
#7437 = VERTEX_POINT('',#7438);
#7438 = CARTESIAN_POINT('',(115.65,-27.,6.892671517458));
#7439 = VERTEX_POINT('',#7440);
#7440 = CARTESIAN_POINT('',(115.65,-27.,23.3));
#7441 = SURFACE_CURVE('',#7442,(#7446,#7453),.PCURVE_S1.);
#7442 = LINE('',#7443,#7444);
#7443 = CARTESIAN_POINT('',(115.65,-27.,6.892671517458));
#7444 = VECTOR('',#7445,1.);
#7445 = DIRECTION('',(0.,0.,1.));
#7446 = PCURVE('',#7332,#7447);
#7447 = DEFINITIONAL_REPRESENTATION('',(#7448),#7452);
#7448 = LINE('',#7449,#7450);
#7449 = CARTESIAN_POINT('',(2.107328482542,7.3));
#7450 = VECTOR('',#7451,1.);
#7451 = DIRECTION('',(-1.,0.));
#7452 = ( GEOMETRIC_REPRESENTATION_CONTEXT(2) 
PARAMETRIC_REPRESENTATION_CONTEXT() REPRESENTATION_CONTEXT('2D SPACE',''
  ) );
#7453 = PCURVE('',#6822,#7454);
#7454 = DEFINITIONAL_REPRESENTATION('',(#7455),#7459);
#7455 = LINE('',#7456,#7457);
#7456 = CARTESIAN_POINT('',(2.107328482542,-0.));
#7457 = VECTOR('',#7458,1.);
#7458 = DIRECTION('',(-1.,0.));
#7459 = ( GEOMETRIC_REPRESENTATION_CONTEXT(2) 
PARAMETRIC_REPRESENTATION_CONTEXT() REPRESENTATION_CONTEXT('2D SPACE',''
  ) );
#7460 = ORIENTED_EDGE('',*,*,#7461,.T.);
#7461 = EDGE_CURVE('',#7437,#7462,#7464,.T.);
#7462 = VERTEX_POINT('',#7463);
#7463 = CARTESIAN_POINT('',(112.,-27.,4.785343034916));
#7464 = SURFACE_CURVE('',#7465,(#7469,#7476),.PCURVE_S1.);
#7465 = LINE('',#7466,#7467);
#7466 = CARTESIAN_POINT('',(115.65,-27.,6.892671517458));
#7467 = VECTOR('',#7468,1.);
#7468 = DIRECTION('',(-0.866025403784,6.123233995737E-17,-0.5));
#7469 = PCURVE('',#7332,#7470);
#7470 = DEFINITIONAL_REPRESENTATION('',(#7471),#7475);
#7471 = LINE('',#7472,#7473);
#7472 = CARTESIAN_POINT('',(2.107328482542,7.3));
#7473 = VECTOR('',#7474,1.);
#7474 = DIRECTION('',(0.5,-0.866025403784));
#7475 = ( GEOMETRIC_REPRESENTATION_CONTEXT(2) 
PARAMETRIC_REPRESENTATION_CONTEXT() REPRESENTATION_CONTEXT('2D SPACE',''
  ) );
#7476 = PCURVE('',#7219,#7477);
#7477 = DEFINITIONAL_REPRESENTATION('',(#7478),#7482);
#7478 = LINE('',#7479,#7480);
#7479 = CARTESIAN_POINT('',(-0.,0.));
#7480 = VECTOR('',#7481,1.);
#7481 = DIRECTION('',(-1.,-1.270359090391E-33));
#7482 = ( GEOMETRIC_REPRESENTATION_CONTEXT(2) 
PARAMETRIC_REPRESENTATION_CONTEXT() REPRESENTATION_CONTEXT('2D SPACE',''
  ) );
#7483 = ORIENTED_EDGE('',*,*,#7484,.T.);
#7484 = EDGE_CURVE('',#7462,#7315,#7485,.T.);
#7485 = SURFACE_CURVE('',#7486,(#7490,#7497),.PCURVE_S1.);
#7486 = LINE('',#7487,#7488);
#7487 = CARTESIAN_POINT('',(112.,-27.,4.785343034916));
#7488 = VECTOR('',#7489,1.);
#7489 = DIRECTION('',(-0.866025403784,-6.123233995737E-17,0.5));
#7490 = PCURVE('',#7332,#7491);
#7491 = DEFINITIONAL_REPRESENTATION('',(#7492),#7496);
#7492 = LINE('',#7493,#7494);
#7493 = CARTESIAN_POINT('',(4.214656965084,3.65));
#7494 = VECTOR('',#7495,1.);
#7495 = DIRECTION('',(-0.5,-0.866025403784));
#7496 = ( GEOMETRIC_REPRESENTATION_CONTEXT(2) 
PARAMETRIC_REPRESENTATION_CONTEXT() REPRESENTATION_CONTEXT('2D SPACE',''
  ) );
#7497 = PCURVE('',#7247,#7498);
#7498 = DEFINITIONAL_REPRESENTATION('',(#7499),#7503);
#7499 = LINE('',#7500,#7501);
#7500 = CARTESIAN_POINT('',(-0.,0.));
#7501 = VECTOR('',#7502,1.);
#7502 = DIRECTION('',(-1.,1.270359090391E-33));
#7503 = ( GEOMETRIC_REPRESENTATION_CONTEXT(2) 
PARAMETRIC_REPRESENTATION_CONTEXT() REPRESENTATION_CONTEXT('2D SPACE',''
  ) );
#7504 = ORIENTED_EDGE('',*,*,#7314,.T.);
#7505 = ORIENTED_EDGE('',*,*,#7506,.T.);
#7506 = EDGE_CURVE('',#7317,#7439,#7507,.T.);
#7507 = SURFACE_CURVE('',#7508,(#7512,#7519),.PCURVE_S1.);
#7508 = LINE('',#7509,#7510);
#7509 = CARTESIAN_POINT('',(108.35,-27.,23.3));
#7510 = VECTOR('',#7511,1.);
#7511 = DIRECTION('',(1.,0.,0.));
#7512 = PCURVE('',#7332,#7513);
#7513 = DEFINITIONAL_REPRESENTATION('',(#7514),#7518);
#7514 = LINE('',#7515,#7516);
#7515 = CARTESIAN_POINT('',(-14.3,0.));
#7516 = VECTOR('',#7517,1.);
#7517 = DIRECTION('',(-0.,1.));
#7518 = ( GEOMETRIC_REPRESENTATION_CONTEXT(2) 
PARAMETRIC_REPRESENTATION_CONTEXT() REPRESENTATION_CONTEXT('2D SPACE',''
  ) );
#7519 = PCURVE('',#5517,#7520);
#7520 = DEFINITIONAL_REPRESENTATION('',(#7521),#7525);
#7521 = LINE('',#7522,#7523);
#7522 = CARTESIAN_POINT('',(-32.35,57.));
#7523 = VECTOR('',#7524,1.);
#7524 = DIRECTION('',(-1.,0.));
#7525 = ( GEOMETRIC_REPRESENTATION_CONTEXT(2) 
PARAMETRIC_REPRESENTATION_CONTEXT() REPRESENTATION_CONTEXT('2D SPACE',''
  ) );
#7526 = FACE_BOUND('',#7527,.F.);
#7527 = EDGE_LOOP('',(#7528));
#7528 = ORIENTED_EDGE('',*,*,#7529,.F.);
#7529 = EDGE_CURVE('',#7530,#7530,#7532,.T.);
#7530 = VERTEX_POINT('',#7531);
#7531 = CARTESIAN_POINT('',(112.,-27.,11.25));
#7532 = SURFACE_CURVE('',#7533,(#7538,#7549),.PCURVE_S1.);
#7533 = CIRCLE('',#7534,2.25);
#7534 = AXIS2_PLACEMENT_3D('',#7535,#7536,#7537);
#7535 = CARTESIAN_POINT('',(112.,-27.,9.));
#7536 = DIRECTION('',(0.,1.,0.));
#7537 = DIRECTION('',(-0.,-0.,1.));
#7538 = PCURVE('',#7332,#7539);
#7539 = DEFINITIONAL_REPRESENTATION('',(#7540),#7548);
#7540 = ( BOUNDED_CURVE() B_SPLINE_CURVE(2,(#7541,#7542,#7543,#7544,
#7545,#7546,#7547),.UNSPECIFIED.,.T.,.F.) B_SPLINE_CURVE_WITH_KNOTS((1,2
    ,2,2,2,1),(-2.094395102393,0.,2.094395102393,4.188790204786,
6.28318530718,8.377580409573),.UNSPECIFIED.) CURVE() 
GEOMETRIC_REPRESENTATION_ITEM() RATIONAL_B_SPLINE_CURVE((1.,0.5,1.,0.5,
1.,0.5,1.)) REPRESENTATION_ITEM('') );
#7541 = CARTESIAN_POINT('',(-2.25,3.65));
#7542 = CARTESIAN_POINT('',(-2.25,7.54711431703));
#7543 = CARTESIAN_POINT('',(1.125,5.598557158515));
#7544 = CARTESIAN_POINT('',(4.5,3.65));
#7545 = CARTESIAN_POINT('',(1.125,1.701442841485));
#7546 = CARTESIAN_POINT('',(-2.25,-0.24711431703));
#7547 = CARTESIAN_POINT('',(-2.25,3.65));
#7548 = ( GEOMETRIC_REPRESENTATION_CONTEXT(2) 
PARAMETRIC_REPRESENTATION_CONTEXT() REPRESENTATION_CONTEXT('2D SPACE',''
  ) );
#7549 = PCURVE('',#7550,#7555);
#7550 = CYLINDRICAL_SURFACE('',#7551,2.25);
#7551 = AXIS2_PLACEMENT_3D('',#7552,#7553,#7554);
#7552 = CARTESIAN_POINT('',(112.,-20.,9.));
#7553 = DIRECTION('',(-0.,-1.,-0.));
#7554 = DIRECTION('',(-0.,-0.,1.));
#7555 = DEFINITIONAL_REPRESENTATION('',(#7556),#7560);
#7556 = LINE('',#7557,#7558);
#7557 = CARTESIAN_POINT('',(-0.,7.));
#7558 = VECTOR('',#7559,1.);
#7559 = DIRECTION('',(-1.,0.));
#7560 = ( GEOMETRIC_REPRESENTATION_CONTEXT(2) 
PARAMETRIC_REPRESENTATION_CONTEXT() REPRESENTATION_CONTEXT('2D SPACE',''
  ) );
#7561 = ADVANCED_FACE('',(#7562),#7550,.F.);
#7562 = FACE_BOUND('',#7563,.T.);
#7563 = EDGE_LOOP('',(#7564,#7587,#7588,#7589));
#7564 = ORIENTED_EDGE('',*,*,#7565,.T.);
#7565 = EDGE_CURVE('',#7566,#7530,#7568,.T.);
#7566 = VERTEX_POINT('',#7567);
#7567 = CARTESIAN_POINT('',(112.,-24.7,11.25));
#7568 = SEAM_CURVE('',#7569,(#7573,#7580),.PCURVE_S1.);
#7569 = LINE('',#7570,#7571);
#7570 = CARTESIAN_POINT('',(112.,-20.,11.25));
#7571 = VECTOR('',#7572,1.);
#7572 = DIRECTION('',(-0.,-1.,-0.));
#7573 = PCURVE('',#7550,#7574);
#7574 = DEFINITIONAL_REPRESENTATION('',(#7575),#7579);
#7575 = LINE('',#7576,#7577);
#7576 = CARTESIAN_POINT('',(-6.28318530718,-0.));
#7577 = VECTOR('',#7578,1.);
#7578 = DIRECTION('',(-0.,1.));
#7579 = ( GEOMETRIC_REPRESENTATION_CONTEXT(2) 
PARAMETRIC_REPRESENTATION_CONTEXT() REPRESENTATION_CONTEXT('2D SPACE',''
  ) );
#7580 = PCURVE('',#7550,#7581);
#7581 = DEFINITIONAL_REPRESENTATION('',(#7582),#7586);
#7582 = LINE('',#7583,#7584);
#7583 = CARTESIAN_POINT('',(-0.,-0.));
#7584 = VECTOR('',#7585,1.);
#7585 = DIRECTION('',(-0.,1.));
#7586 = ( GEOMETRIC_REPRESENTATION_CONTEXT(2) 
PARAMETRIC_REPRESENTATION_CONTEXT() REPRESENTATION_CONTEXT('2D SPACE',''
  ) );
#7587 = ORIENTED_EDGE('',*,*,#7529,.F.);
#7588 = ORIENTED_EDGE('',*,*,#7565,.F.);
#7589 = ORIENTED_EDGE('',*,*,#7590,.T.);
#7590 = EDGE_CURVE('',#7566,#7566,#7591,.T.);
#7591 = SURFACE_CURVE('',#7592,(#7597,#7604),.PCURVE_S1.);
#7592 = CIRCLE('',#7593,2.25);
#7593 = AXIS2_PLACEMENT_3D('',#7594,#7595,#7596);
#7594 = CARTESIAN_POINT('',(112.,-24.7,9.));
#7595 = DIRECTION('',(0.,1.,0.));
#7596 = DIRECTION('',(-0.,-0.,1.));
#7597 = PCURVE('',#7550,#7598);
#7598 = DEFINITIONAL_REPRESENTATION('',(#7599),#7603);
#7599 = LINE('',#7600,#7601);
#7600 = CARTESIAN_POINT('',(-0.,4.7));
#7601 = VECTOR('',#7602,1.);
#7602 = DIRECTION('',(-1.,0.));
#7603 = ( GEOMETRIC_REPRESENTATION_CONTEXT(2) 
PARAMETRIC_REPRESENTATION_CONTEXT() REPRESENTATION_CONTEXT('2D SPACE',''
  ) );
#7604 = PCURVE('',#7605,#7610);
#7605 = PLANE('',#7606);
#7606 = AXIS2_PLACEMENT_3D('',#7607,#7608,#7609);
#7607 = CARTESIAN_POINT('',(108.7,-24.7,6.7));
#7608 = DIRECTION('',(0.,-1.,0.));
#7609 = DIRECTION('',(0.,-0.,-1.));
#7610 = DEFINITIONAL_REPRESENTATION('',(#7611),#7619);
#7611 = ( BOUNDED_CURVE() B_SPLINE_CURVE(2,(#7612,#7613,#7614,#7615,
#7616,#7617,#7618),.UNSPECIFIED.,.T.,.F.) B_SPLINE_CURVE_WITH_KNOTS((1,2
    ,2,2,2,1),(-2.094395102393,0.,2.094395102393,4.188790204786,
6.28318530718,8.377580409573),.UNSPECIFIED.) CURVE() 
GEOMETRIC_REPRESENTATION_ITEM() RATIONAL_B_SPLINE_CURVE((1.,0.5,1.,0.5,
1.,0.5,1.)) REPRESENTATION_ITEM('') );
#7612 = CARTESIAN_POINT('',(-4.55,3.3));
#7613 = CARTESIAN_POINT('',(-4.55,7.19711431703));
#7614 = CARTESIAN_POINT('',(-1.175,5.248557158515));
#7615 = CARTESIAN_POINT('',(2.2,3.3));
#7616 = CARTESIAN_POINT('',(-1.175,1.351442841485));
#7617 = CARTESIAN_POINT('',(-4.55,-0.59711431703));
#7618 = CARTESIAN_POINT('',(-4.55,3.3));
#7619 = ( GEOMETRIC_REPRESENTATION_CONTEXT(2) 
PARAMETRIC_REPRESENTATION_CONTEXT() REPRESENTATION_CONTEXT('2D SPACE',''
  ) );
#7620 = ADVANCED_FACE('',(#7621,#7735),#7605,.F.);
#7621 = FACE_BOUND('',#7622,.T.);
#7622 = EDGE_LOOP('',(#7623,#7653,#7681,#7709));
#7623 = ORIENTED_EDGE('',*,*,#7624,.F.);
#7624 = EDGE_CURVE('',#7625,#7627,#7629,.T.);
#7625 = VERTEX_POINT('',#7626);
#7626 = CARTESIAN_POINT('',(108.7,-24.7,6.7));
#7627 = VERTEX_POINT('',#7628);
#7628 = CARTESIAN_POINT('',(115.3,-24.7,6.7));
#7629 = SURFACE_CURVE('',#7630,(#7634,#7641),.PCURVE_S1.);
#7630 = LINE('',#7631,#7632);
#7631 = CARTESIAN_POINT('',(108.7,-24.7,6.7));
#7632 = VECTOR('',#7633,1.);
#7633 = DIRECTION('',(1.,0.,0.));
#7634 = PCURVE('',#7605,#7635);
#7635 = DEFINITIONAL_REPRESENTATION('',(#7636),#7640);
#7636 = LINE('',#7637,#7638);
#7637 = CARTESIAN_POINT('',(-0.,0.));
#7638 = VECTOR('',#7639,1.);
#7639 = DIRECTION('',(-0.,1.));
#7640 = ( GEOMETRIC_REPRESENTATION_CONTEXT(2) 
PARAMETRIC_REPRESENTATION_CONTEXT() REPRESENTATION_CONTEXT('2D SPACE',''
  ) );
#7641 = PCURVE('',#7642,#7647);
#7642 = PLANE('',#7643);
#7643 = AXIS2_PLACEMENT_3D('',#7644,#7645,#7646);
#7644 = CARTESIAN_POINT('',(108.7,0.,6.7));
#7645 = DIRECTION('',(0.,0.,1.));
#7646 = DIRECTION('',(-1.,-0.,0.));
#7647 = DEFINITIONAL_REPRESENTATION('',(#7648),#7652);
#7648 = LINE('',#7649,#7650);
#7649 = CARTESIAN_POINT('',(-0.,24.7));
#7650 = VECTOR('',#7651,1.);
#7651 = DIRECTION('',(-1.,-0.));
#7652 = ( GEOMETRIC_REPRESENTATION_CONTEXT(2) 
PARAMETRIC_REPRESENTATION_CONTEXT() REPRESENTATION_CONTEXT('2D SPACE',''
  ) );
#7653 = ORIENTED_EDGE('',*,*,#7654,.T.);
#7654 = EDGE_CURVE('',#7625,#7655,#7657,.T.);
#7655 = VERTEX_POINT('',#7656);
#7656 = CARTESIAN_POINT('',(108.7,-24.7,11.3));
#7657 = SURFACE_CURVE('',#7658,(#7662,#7669),.PCURVE_S1.);
#7658 = LINE('',#7659,#7660);
#7659 = CARTESIAN_POINT('',(108.7,-24.7,6.7));
#7660 = VECTOR('',#7661,1.);
#7661 = DIRECTION('',(0.,0.,1.));
#7662 = PCURVE('',#7605,#7663);
#7663 = DEFINITIONAL_REPRESENTATION('',(#7664),#7668);
#7664 = LINE('',#7665,#7666);
#7665 = CARTESIAN_POINT('',(-0.,0.));
#7666 = VECTOR('',#7667,1.);
#7667 = DIRECTION('',(-1.,0.));
#7668 = ( GEOMETRIC_REPRESENTATION_CONTEXT(2) 
PARAMETRIC_REPRESENTATION_CONTEXT() REPRESENTATION_CONTEXT('2D SPACE',''
  ) );
#7669 = PCURVE('',#7670,#7675);
#7670 = PLANE('',#7671);
#7671 = AXIS2_PLACEMENT_3D('',#7672,#7673,#7674);
#7672 = CARTESIAN_POINT('',(108.7,0.,6.7));
#7673 = DIRECTION('',(1.,0.,0.));
#7674 = DIRECTION('',(0.,-0.,-1.));
#7675 = DEFINITIONAL_REPRESENTATION('',(#7676),#7680);
#7676 = LINE('',#7677,#7678);
#7677 = CARTESIAN_POINT('',(-0.,-24.7));
#7678 = VECTOR('',#7679,1.);
#7679 = DIRECTION('',(-1.,0.));
#7680 = ( GEOMETRIC_REPRESENTATION_CONTEXT(2) 
PARAMETRIC_REPRESENTATION_CONTEXT() REPRESENTATION_CONTEXT('2D SPACE',''
  ) );
#7681 = ORIENTED_EDGE('',*,*,#7682,.T.);
#7682 = EDGE_CURVE('',#7655,#7683,#7685,.T.);
#7683 = VERTEX_POINT('',#7684);
#7684 = CARTESIAN_POINT('',(115.3,-24.7,11.3));
#7685 = SURFACE_CURVE('',#7686,(#7690,#7697),.PCURVE_S1.);
#7686 = LINE('',#7687,#7688);
#7687 = CARTESIAN_POINT('',(108.7,-24.7,11.3));
#7688 = VECTOR('',#7689,1.);
#7689 = DIRECTION('',(1.,0.,0.));
#7690 = PCURVE('',#7605,#7691);
#7691 = DEFINITIONAL_REPRESENTATION('',(#7692),#7696);
#7692 = LINE('',#7693,#7694);
#7693 = CARTESIAN_POINT('',(-4.6,0.));
#7694 = VECTOR('',#7695,1.);
#7695 = DIRECTION('',(-0.,1.));
#7696 = ( GEOMETRIC_REPRESENTATION_CONTEXT(2) 
PARAMETRIC_REPRESENTATION_CONTEXT() REPRESENTATION_CONTEXT('2D SPACE',''
  ) );
#7697 = PCURVE('',#7698,#7703);
#7698 = PLANE('',#7699);
#7699 = AXIS2_PLACEMENT_3D('',#7700,#7701,#7702);
#7700 = CARTESIAN_POINT('',(108.7,0.,11.3));
#7701 = DIRECTION('',(0.,0.,1.));
#7702 = DIRECTION('',(-1.,-0.,0.));
#7703 = DEFINITIONAL_REPRESENTATION('',(#7704),#7708);
#7704 = LINE('',#7705,#7706);
#7705 = CARTESIAN_POINT('',(-0.,24.7));
#7706 = VECTOR('',#7707,1.);
#7707 = DIRECTION('',(-1.,-0.));
#7708 = ( GEOMETRIC_REPRESENTATION_CONTEXT(2) 
PARAMETRIC_REPRESENTATION_CONTEXT() REPRESENTATION_CONTEXT('2D SPACE',''
  ) );
#7709 = ORIENTED_EDGE('',*,*,#7710,.F.);
#7710 = EDGE_CURVE('',#7627,#7683,#7711,.T.);
#7711 = SURFACE_CURVE('',#7712,(#7716,#7723),.PCURVE_S1.);
#7712 = LINE('',#7713,#7714);
#7713 = CARTESIAN_POINT('',(115.3,-24.7,6.7));
#7714 = VECTOR('',#7715,1.);
#7715 = DIRECTION('',(0.,0.,1.));
#7716 = PCURVE('',#7605,#7717);
#7717 = DEFINITIONAL_REPRESENTATION('',(#7718),#7722);
#7718 = LINE('',#7719,#7720);
#7719 = CARTESIAN_POINT('',(-0.,6.6));
#7720 = VECTOR('',#7721,1.);
#7721 = DIRECTION('',(-1.,0.));
#7722 = ( GEOMETRIC_REPRESENTATION_CONTEXT(2) 
PARAMETRIC_REPRESENTATION_CONTEXT() REPRESENTATION_CONTEXT('2D SPACE',''
  ) );
#7723 = PCURVE('',#7724,#7729);
#7724 = PLANE('',#7725);
#7725 = AXIS2_PLACEMENT_3D('',#7726,#7727,#7728);
#7726 = CARTESIAN_POINT('',(115.3,0.,6.7));
#7727 = DIRECTION('',(1.,0.,0.));
#7728 = DIRECTION('',(0.,-0.,-1.));
#7729 = DEFINITIONAL_REPRESENTATION('',(#7730),#7734);
#7730 = LINE('',#7731,#7732);
#7731 = CARTESIAN_POINT('',(-0.,-24.7));
#7732 = VECTOR('',#7733,1.);
#7733 = DIRECTION('',(-1.,0.));
#7734 = ( GEOMETRIC_REPRESENTATION_CONTEXT(2) 
PARAMETRIC_REPRESENTATION_CONTEXT() REPRESENTATION_CONTEXT('2D SPACE',''
  ) );
#7735 = FACE_BOUND('',#7736,.T.);
#7736 = EDGE_LOOP('',(#7737));
#7737 = ORIENTED_EDGE('',*,*,#7590,.F.);
#7738 = ADVANCED_FACE('',(#7739),#7698,.F.);
#7739 = FACE_BOUND('',#7740,.T.);
#7740 = EDGE_LOOP('',(#7741,#7764,#7787,#7808));
#7741 = ORIENTED_EDGE('',*,*,#7742,.F.);
#7742 = EDGE_CURVE('',#7743,#7655,#7745,.T.);
#7743 = VERTEX_POINT('',#7744);
#7744 = CARTESIAN_POINT('',(108.7,-19.72426406871,11.3));
#7745 = SURFACE_CURVE('',#7746,(#7750,#7757),.PCURVE_S1.);
#7746 = LINE('',#7747,#7748);
#7747 = CARTESIAN_POINT('',(108.7,0.,11.3));
#7748 = VECTOR('',#7749,1.);
#7749 = DIRECTION('',(0.,-1.,0.));
#7750 = PCURVE('',#7698,#7751);
#7751 = DEFINITIONAL_REPRESENTATION('',(#7752),#7756);
#7752 = LINE('',#7753,#7754);
#7753 = CARTESIAN_POINT('',(-0.,-0.));
#7754 = VECTOR('',#7755,1.);
#7755 = DIRECTION('',(-0.,1.));
#7756 = ( GEOMETRIC_REPRESENTATION_CONTEXT(2) 
PARAMETRIC_REPRESENTATION_CONTEXT() REPRESENTATION_CONTEXT('2D SPACE',''
  ) );
#7757 = PCURVE('',#7670,#7758);
#7758 = DEFINITIONAL_REPRESENTATION('',(#7759),#7763);
#7759 = LINE('',#7760,#7761);
#7760 = CARTESIAN_POINT('',(-4.6,0.));
#7761 = VECTOR('',#7762,1.);
#7762 = DIRECTION('',(-0.,-1.));
#7763 = ( GEOMETRIC_REPRESENTATION_CONTEXT(2) 
PARAMETRIC_REPRESENTATION_CONTEXT() REPRESENTATION_CONTEXT('2D SPACE',''
  ) );
#7764 = ORIENTED_EDGE('',*,*,#7765,.F.);
#7765 = EDGE_CURVE('',#7766,#7743,#7768,.T.);
#7766 = VERTEX_POINT('',#7767);
#7767 = CARTESIAN_POINT('',(115.3,-19.72426406871,11.3));
#7768 = SURFACE_CURVE('',#7769,(#7773,#7780),.PCURVE_S1.);
#7769 = LINE('',#7770,#7771);
#7770 = CARTESIAN_POINT('',(91.85,-19.72426406871,11.3));
#7771 = VECTOR('',#7772,1.);
#7772 = DIRECTION('',(-1.,-0.,-0.));
#7773 = PCURVE('',#7698,#7774);
#7774 = DEFINITIONAL_REPRESENTATION('',(#7775),#7779);
#7775 = LINE('',#7776,#7777);
#7776 = CARTESIAN_POINT('',(16.85,19.724264068712));
#7777 = VECTOR('',#7778,1.);
#7778 = DIRECTION('',(1.,-0.));
#7779 = ( GEOMETRIC_REPRESENTATION_CONTEXT(2) 
PARAMETRIC_REPRESENTATION_CONTEXT() REPRESENTATION_CONTEXT('2D SPACE',''
  ) );
#7780 = PCURVE('',#5657,#7781);
#7781 = DEFINITIONAL_REPRESENTATION('',(#7782),#7786);
#7782 = LINE('',#7783,#7784);
#7783 = CARTESIAN_POINT('',(-13.15218613007,-16.85));
#7784 = VECTOR('',#7785,1.);
#7785 = DIRECTION('',(-0.,1.));
#7786 = ( GEOMETRIC_REPRESENTATION_CONTEXT(2) 
PARAMETRIC_REPRESENTATION_CONTEXT() REPRESENTATION_CONTEXT('2D SPACE',''
  ) );
#7787 = ORIENTED_EDGE('',*,*,#7788,.T.);
#7788 = EDGE_CURVE('',#7766,#7683,#7789,.T.);
#7789 = SURFACE_CURVE('',#7790,(#7794,#7801),.PCURVE_S1.);
#7790 = LINE('',#7791,#7792);
#7791 = CARTESIAN_POINT('',(115.3,0.,11.3));
#7792 = VECTOR('',#7793,1.);
#7793 = DIRECTION('',(0.,-1.,0.));
#7794 = PCURVE('',#7698,#7795);
#7795 = DEFINITIONAL_REPRESENTATION('',(#7796),#7800);
#7796 = LINE('',#7797,#7798);
#7797 = CARTESIAN_POINT('',(-6.6,-0.));
#7798 = VECTOR('',#7799,1.);
#7799 = DIRECTION('',(-0.,1.));
#7800 = ( GEOMETRIC_REPRESENTATION_CONTEXT(2) 
PARAMETRIC_REPRESENTATION_CONTEXT() REPRESENTATION_CONTEXT('2D SPACE',''
  ) );
#7801 = PCURVE('',#7724,#7802);
#7802 = DEFINITIONAL_REPRESENTATION('',(#7803),#7807);
#7803 = LINE('',#7804,#7805);
#7804 = CARTESIAN_POINT('',(-4.6,0.));
#7805 = VECTOR('',#7806,1.);
#7806 = DIRECTION('',(-0.,-1.));
#7807 = ( GEOMETRIC_REPRESENTATION_CONTEXT(2) 
PARAMETRIC_REPRESENTATION_CONTEXT() REPRESENTATION_CONTEXT('2D SPACE',''
  ) );
#7808 = ORIENTED_EDGE('',*,*,#7682,.F.);
#7809 = ADVANCED_FACE('',(#7810),#7670,.T.);
#7810 = FACE_BOUND('',#7811,.F.);
#7811 = EDGE_LOOP('',(#7812,#7813,#7836,#7857));
#7812 = ORIENTED_EDGE('',*,*,#7742,.F.);
#7813 = ORIENTED_EDGE('',*,*,#7814,.F.);
#7814 = EDGE_CURVE('',#7815,#7743,#7817,.T.);
#7815 = VERTEX_POINT('',#7816);
#7816 = CARTESIAN_POINT('',(108.7,-15.12426406871,6.7));
#7817 = SURFACE_CURVE('',#7818,(#7822,#7829),.PCURVE_S1.);
#7818 = LINE('',#7819,#7820);
#7819 = CARTESIAN_POINT('',(108.7,-8.993198051534,0.568933982822));
#7820 = VECTOR('',#7821,1.);
#7821 = DIRECTION('',(-0.,-0.707106781187,0.707106781187));
#7822 = PCURVE('',#7670,#7823);
#7823 = DEFINITIONAL_REPRESENTATION('',(#7824),#7828);
#7824 = LINE('',#7825,#7826);
#7825 = CARTESIAN_POINT('',(6.131066017178,-8.993198051534));
#7826 = VECTOR('',#7827,1.);
#7827 = DIRECTION('',(-0.707106781187,-0.707106781187));
#7828 = ( GEOMETRIC_REPRESENTATION_CONTEXT(2) 
PARAMETRIC_REPRESENTATION_CONTEXT() REPRESENTATION_CONTEXT('2D SPACE',''
  ) );
#7829 = PCURVE('',#5657,#7830);
#7830 = DEFINITIONAL_REPRESENTATION('',(#7831),#7835);
#7831 = LINE('',#7832,#7833);
#7832 = CARTESIAN_POINT('',(2.023832970144,-33.7));
#7833 = VECTOR('',#7834,1.);
#7834 = DIRECTION('',(-1.,0.));
#7835 = ( GEOMETRIC_REPRESENTATION_CONTEXT(2) 
PARAMETRIC_REPRESENTATION_CONTEXT() REPRESENTATION_CONTEXT('2D SPACE',''
  ) );
#7836 = ORIENTED_EDGE('',*,*,#7837,.T.);
#7837 = EDGE_CURVE('',#7815,#7625,#7838,.T.);
#7838 = SURFACE_CURVE('',#7839,(#7843,#7850),.PCURVE_S1.);
#7839 = LINE('',#7840,#7841);
#7840 = CARTESIAN_POINT('',(108.7,0.,6.7));
#7841 = VECTOR('',#7842,1.);
#7842 = DIRECTION('',(0.,-1.,0.));
#7843 = PCURVE('',#7670,#7844);
#7844 = DEFINITIONAL_REPRESENTATION('',(#7845),#7849);
#7845 = LINE('',#7846,#7847);
#7846 = CARTESIAN_POINT('',(-0.,0.));
#7847 = VECTOR('',#7848,1.);
#7848 = DIRECTION('',(-0.,-1.));
#7849 = ( GEOMETRIC_REPRESENTATION_CONTEXT(2) 
PARAMETRIC_REPRESENTATION_CONTEXT() REPRESENTATION_CONTEXT('2D SPACE',''
  ) );
#7850 = PCURVE('',#7642,#7851);
#7851 = DEFINITIONAL_REPRESENTATION('',(#7852),#7856);
#7852 = LINE('',#7853,#7854);
#7853 = CARTESIAN_POINT('',(-0.,-0.));
#7854 = VECTOR('',#7855,1.);
#7855 = DIRECTION('',(-0.,1.));
#7856 = ( GEOMETRIC_REPRESENTATION_CONTEXT(2) 
PARAMETRIC_REPRESENTATION_CONTEXT() REPRESENTATION_CONTEXT('2D SPACE',''
  ) );
#7857 = ORIENTED_EDGE('',*,*,#7654,.T.);
#7858 = ADVANCED_FACE('',(#7859),#7724,.F.);
#7859 = FACE_BOUND('',#7860,.T.);
#7860 = EDGE_LOOP('',(#7861,#7862,#7885,#7906));
#7861 = ORIENTED_EDGE('',*,*,#7788,.F.);
#7862 = ORIENTED_EDGE('',*,*,#7863,.F.);
#7863 = EDGE_CURVE('',#7864,#7766,#7866,.T.);
#7864 = VERTEX_POINT('',#7865);
#7865 = CARTESIAN_POINT('',(115.3,-15.12426406871,6.7));
#7866 = SURFACE_CURVE('',#7867,(#7871,#7878),.PCURVE_S1.);
#7867 = LINE('',#7868,#7869);
#7868 = CARTESIAN_POINT('',(115.3,-8.993198051534,0.568933982822));
#7869 = VECTOR('',#7870,1.);
#7870 = DIRECTION('',(-0.,-0.707106781187,0.707106781187));
#7871 = PCURVE('',#7724,#7872);
#7872 = DEFINITIONAL_REPRESENTATION('',(#7873),#7877);
#7873 = LINE('',#7874,#7875);
#7874 = CARTESIAN_POINT('',(6.131066017178,-8.993198051534));
#7875 = VECTOR('',#7876,1.);
#7876 = DIRECTION('',(-0.707106781187,-0.707106781187));
#7877 = ( GEOMETRIC_REPRESENTATION_CONTEXT(2) 
PARAMETRIC_REPRESENTATION_CONTEXT() REPRESENTATION_CONTEXT('2D SPACE',''
  ) );
#7878 = PCURVE('',#5657,#7879);
#7879 = DEFINITIONAL_REPRESENTATION('',(#7880),#7884);
#7880 = LINE('',#7881,#7882);
#7881 = CARTESIAN_POINT('',(2.023832970144,-40.3));
#7882 = VECTOR('',#7883,1.);
#7883 = DIRECTION('',(-1.,0.));
#7884 = ( GEOMETRIC_REPRESENTATION_CONTEXT(2) 
PARAMETRIC_REPRESENTATION_CONTEXT() REPRESENTATION_CONTEXT('2D SPACE',''
  ) );
#7885 = ORIENTED_EDGE('',*,*,#7886,.T.);
#7886 = EDGE_CURVE('',#7864,#7627,#7887,.T.);
#7887 = SURFACE_CURVE('',#7888,(#7892,#7899),.PCURVE_S1.);
#7888 = LINE('',#7889,#7890);
#7889 = CARTESIAN_POINT('',(115.3,0.,6.7));
#7890 = VECTOR('',#7891,1.);
#7891 = DIRECTION('',(0.,-1.,0.));
#7892 = PCURVE('',#7724,#7893);
#7893 = DEFINITIONAL_REPRESENTATION('',(#7894),#7898);
#7894 = LINE('',#7895,#7896);
#7895 = CARTESIAN_POINT('',(-0.,0.));
#7896 = VECTOR('',#7897,1.);
#7897 = DIRECTION('',(-0.,-1.));
#7898 = ( GEOMETRIC_REPRESENTATION_CONTEXT(2) 
PARAMETRIC_REPRESENTATION_CONTEXT() REPRESENTATION_CONTEXT('2D SPACE',''
  ) );
#7899 = PCURVE('',#7642,#7900);
#7900 = DEFINITIONAL_REPRESENTATION('',(#7901),#7905);
#7901 = LINE('',#7902,#7903);
#7902 = CARTESIAN_POINT('',(-6.6,-0.));
#7903 = VECTOR('',#7904,1.);
#7904 = DIRECTION('',(-0.,1.));
#7905 = ( GEOMETRIC_REPRESENTATION_CONTEXT(2) 
PARAMETRIC_REPRESENTATION_CONTEXT() REPRESENTATION_CONTEXT('2D SPACE',''
  ) );
#7906 = ORIENTED_EDGE('',*,*,#7710,.T.);
#7907 = ADVANCED_FACE('',(#7908),#7642,.T.);
#7908 = FACE_BOUND('',#7909,.F.);
#7909 = EDGE_LOOP('',(#7910,#7911,#7932,#7933));
#7910 = ORIENTED_EDGE('',*,*,#7837,.F.);
#7911 = ORIENTED_EDGE('',*,*,#7912,.F.);
#7912 = EDGE_CURVE('',#7864,#7815,#7913,.T.);
#7913 = SURFACE_CURVE('',#7914,(#7918,#7925),.PCURVE_S1.);
#7914 = LINE('',#7915,#7916);
#7915 = CARTESIAN_POINT('',(91.85,-15.12426406871,6.7));
#7916 = VECTOR('',#7917,1.);
#7917 = DIRECTION('',(-1.,-0.,-0.));
#7918 = PCURVE('',#7642,#7919);
#7919 = DEFINITIONAL_REPRESENTATION('',(#7920),#7924);
#7920 = LINE('',#7921,#7922);
#7921 = CARTESIAN_POINT('',(16.85,15.124264068712));
#7922 = VECTOR('',#7923,1.);
#7923 = DIRECTION('',(1.,-0.));
#7924 = ( GEOMETRIC_REPRESENTATION_CONTEXT(2) 
PARAMETRIC_REPRESENTATION_CONTEXT() REPRESENTATION_CONTEXT('2D SPACE',''
  ) );
#7925 = PCURVE('',#5657,#7926);
#7926 = DEFINITIONAL_REPRESENTATION('',(#7927),#7931);
#7927 = LINE('',#7928,#7929);
#7928 = CARTESIAN_POINT('',(-6.646803743154,-16.85));
#7929 = VECTOR('',#7930,1.);
#7930 = DIRECTION('',(-0.,1.));
#7931 = ( GEOMETRIC_REPRESENTATION_CONTEXT(2) 
PARAMETRIC_REPRESENTATION_CONTEXT() REPRESENTATION_CONTEXT('2D SPACE',''
  ) );
#7932 = ORIENTED_EDGE('',*,*,#7886,.T.);
#7933 = ORIENTED_EDGE('',*,*,#7624,.F.);
#7934 = ADVANCED_FACE('',(#7935),#7247,.T.);
#7935 = FACE_BOUND('',#7936,.F.);
#7936 = EDGE_LOOP('',(#7937,#7958,#7959,#7960));
#7937 = ORIENTED_EDGE('',*,*,#7938,.T.);
#7938 = EDGE_CURVE('',#7462,#7204,#7939,.T.);
#7939 = SURFACE_CURVE('',#7940,(#7944,#7951),.PCURVE_S1.);
#7940 = LINE('',#7941,#7942);
#7941 = CARTESIAN_POINT('',(112.,-27.,4.785343034916));
#7942 = VECTOR('',#7943,1.);
#7943 = DIRECTION('',(-0.,-1.,-1.224646799147E-16));
#7944 = PCURVE('',#7247,#7945);
#7945 = DEFINITIONAL_REPRESENTATION('',(#7946),#7950);
#7946 = LINE('',#7947,#7948);
#7947 = CARTESIAN_POINT('',(-0.,0.));
#7948 = VECTOR('',#7949,1.);
#7949 = DIRECTION('',(1.270359090391E-33,-1.));
#7950 = ( GEOMETRIC_REPRESENTATION_CONTEXT(2) 
PARAMETRIC_REPRESENTATION_CONTEXT() REPRESENTATION_CONTEXT('2D SPACE',''
  ) );
#7951 = PCURVE('',#7219,#7952);
#7952 = DEFINITIONAL_REPRESENTATION('',(#7953),#7957);
#7953 = LINE('',#7954,#7955);
#7954 = CARTESIAN_POINT('',(-4.214656965084,-2.580733080897E-16));
#7955 = VECTOR('',#7956,1.);
#7956 = DIRECTION('',(-1.270359090391E-33,-1.));
#7957 = ( GEOMETRIC_REPRESENTATION_CONTEXT(2) 
PARAMETRIC_REPRESENTATION_CONTEXT() REPRESENTATION_CONTEXT('2D SPACE',''
  ) );
#7958 = ORIENTED_EDGE('',*,*,#7231,.T.);
#7959 = ORIENTED_EDGE('',*,*,#7344,.F.);
#7960 = ORIENTED_EDGE('',*,*,#7484,.F.);
#7961 = ADVANCED_FACE('',(#7962),#7219,.T.);
#7962 = FACE_BOUND('',#7963,.F.);
#7963 = EDGE_LOOP('',(#7964,#7985,#7986,#7987));
#7964 = ORIENTED_EDGE('',*,*,#7965,.T.);
#7965 = EDGE_CURVE('',#7437,#7179,#7966,.T.);
#7966 = SURFACE_CURVE('',#7967,(#7971,#7978),.PCURVE_S1.);
#7967 = LINE('',#7968,#7969);
#7968 = CARTESIAN_POINT('',(115.65,-27.,6.892671517458));
#7969 = VECTOR('',#7970,1.);
#7970 = DIRECTION('',(-0.,-1.,-1.224646799147E-16));
#7971 = PCURVE('',#7219,#7972);
#7972 = DEFINITIONAL_REPRESENTATION('',(#7973),#7977);
#7973 = LINE('',#7974,#7975);
#7974 = CARTESIAN_POINT('',(-0.,0.));
#7975 = VECTOR('',#7976,1.);
#7976 = DIRECTION('',(-1.270359090391E-33,-1.));
#7977 = ( GEOMETRIC_REPRESENTATION_CONTEXT(2) 
PARAMETRIC_REPRESENTATION_CONTEXT() REPRESENTATION_CONTEXT('2D SPACE',''
  ) );
#7978 = PCURVE('',#6822,#7979);
#7979 = DEFINITIONAL_REPRESENTATION('',(#7980),#7984);
#7980 = LINE('',#7981,#7982);
#7981 = CARTESIAN_POINT('',(2.107328482542,-0.));
#7982 = VECTOR('',#7983,1.);
#7983 = DIRECTION('',(1.224646799147E-16,-1.));
#7984 = ( GEOMETRIC_REPRESENTATION_CONTEXT(2) 
PARAMETRIC_REPRESENTATION_CONTEXT() REPRESENTATION_CONTEXT('2D SPACE',''
  ) );
#7985 = ORIENTED_EDGE('',*,*,#7203,.T.);
#7986 = ORIENTED_EDGE('',*,*,#7938,.F.);
#7987 = ORIENTED_EDGE('',*,*,#7461,.F.);
#7988 = ADVANCED_FACE('',(#7989),#7051,.F.);
#7989 = FACE_BOUND('',#7990,.T.);
#7990 = EDGE_LOOP('',(#7991,#8014,#8037,#8058));
#7991 = ORIENTED_EDGE('',*,*,#7992,.F.);
#7992 = EDGE_CURVE('',#7993,#7036,#7995,.T.);
#7993 = VERTEX_POINT('',#7994);
#7994 = CARTESIAN_POINT('',(102.,-30.,17.));
#7995 = SURFACE_CURVE('',#7996,(#8000,#8007),.PCURVE_S1.);
#7996 = LINE('',#7997,#7998);
#7997 = CARTESIAN_POINT('',(102.,-28.,17.));
#7998 = VECTOR('',#7999,1.);
#7999 = DIRECTION('',(0.,-1.,0.));
#8000 = PCURVE('',#7051,#8001);
#8001 = DEFINITIONAL_REPRESENTATION('',(#8002),#8006);
#8002 = LINE('',#8003,#8004);
#8003 = CARTESIAN_POINT('',(-12.7,0.));
#8004 = VECTOR('',#8005,1.);
#8005 = DIRECTION('',(-0.,-1.));
#8006 = ( GEOMETRIC_REPRESENTATION_CONTEXT(2) 
PARAMETRIC_REPRESENTATION_CONTEXT() REPRESENTATION_CONTEXT('2D SPACE',''
  ) );
#8007 = PCURVE('',#6921,#8008);
#8008 = DEFINITIONAL_REPRESENTATION('',(#8009),#8013);
#8009 = LINE('',#8010,#8011);
#8010 = CARTESIAN_POINT('',(-0.,-0.));
#8011 = VECTOR('',#8012,1.);
#8012 = DIRECTION('',(-0.,1.));
#8013 = ( GEOMETRIC_REPRESENTATION_CONTEXT(2) 
PARAMETRIC_REPRESENTATION_CONTEXT() REPRESENTATION_CONTEXT('2D SPACE',''
  ) );
#8014 = ORIENTED_EDGE('',*,*,#8015,.T.);
#8015 = EDGE_CURVE('',#7993,#8016,#8018,.T.);
#8016 = VERTEX_POINT('',#8017);
#8017 = CARTESIAN_POINT('',(102.,-30.,4.3));
#8018 = SURFACE_CURVE('',#8019,(#8023,#8030),.PCURVE_S1.);
#8019 = LINE('',#8020,#8021);
#8020 = CARTESIAN_POINT('',(102.,-30.,4.3));
#8021 = VECTOR('',#8022,1.);
#8022 = DIRECTION('',(-0.,-0.,-1.));
#8023 = PCURVE('',#7051,#8024);
#8024 = DEFINITIONAL_REPRESENTATION('',(#8025),#8029);
#8025 = LINE('',#8026,#8027);
#8026 = CARTESIAN_POINT('',(-0.,-2.));
#8027 = VECTOR('',#8028,1.);
#8028 = DIRECTION('',(1.,-0.));
#8029 = ( GEOMETRIC_REPRESENTATION_CONTEXT(2) 
PARAMETRIC_REPRESENTATION_CONTEXT() REPRESENTATION_CONTEXT('2D SPACE',''
  ) );
#8030 = PCURVE('',#5713,#8031);
#8031 = DEFINITIONAL_REPRESENTATION('',(#8032),#8036);
#8032 = LINE('',#8033,#8034);
#8033 = CARTESIAN_POINT('',(-0.,26.));
#8034 = VECTOR('',#8035,1.);
#8035 = DIRECTION('',(1.,-0.));
#8036 = ( GEOMETRIC_REPRESENTATION_CONTEXT(2) 
PARAMETRIC_REPRESENTATION_CONTEXT() REPRESENTATION_CONTEXT('2D SPACE',''
  ) );
#8037 = ORIENTED_EDGE('',*,*,#8038,.T.);
#8038 = EDGE_CURVE('',#8016,#7013,#8039,.T.);
#8039 = SURFACE_CURVE('',#8040,(#8044,#8051),.PCURVE_S1.);
#8040 = LINE('',#8041,#8042);
#8041 = CARTESIAN_POINT('',(102.,-28.,4.3));
#8042 = VECTOR('',#8043,1.);
#8043 = DIRECTION('',(0.,-1.,0.));
#8044 = PCURVE('',#7051,#8045);
#8045 = DEFINITIONAL_REPRESENTATION('',(#8046),#8050);
#8046 = LINE('',#8047,#8048);
#8047 = CARTESIAN_POINT('',(-0.,0.));
#8048 = VECTOR('',#8049,1.);
#8049 = DIRECTION('',(-0.,-1.));
#8050 = ( GEOMETRIC_REPRESENTATION_CONTEXT(2) 
PARAMETRIC_REPRESENTATION_CONTEXT() REPRESENTATION_CONTEXT('2D SPACE',''
  ) );
#8051 = PCURVE('',#5685,#8052);
#8052 = DEFINITIONAL_REPRESENTATION('',(#8053),#8057);
#8053 = LINE('',#8054,#8055);
#8054 = CARTESIAN_POINT('',(-26.,58.));
#8055 = VECTOR('',#8056,1.);
#8056 = DIRECTION('',(-0.,1.));
#8057 = ( GEOMETRIC_REPRESENTATION_CONTEXT(2) 
PARAMETRIC_REPRESENTATION_CONTEXT() REPRESENTATION_CONTEXT('2D SPACE',''
  ) );
#8058 = ORIENTED_EDGE('',*,*,#7035,.T.);
#8059 = ADVANCED_FACE('',(#8060),#6921,.T.);
#8060 = FACE_BOUND('',#8061,.F.);
#8061 = EDGE_LOOP('',(#8062,#8063,#8084,#8085,#8086,#8107,#8108,#8109));
#8062 = ORIENTED_EDGE('',*,*,#7992,.F.);
#8063 = ORIENTED_EDGE('',*,*,#8064,.T.);
#8064 = EDGE_CURVE('',#7993,#7367,#8065,.T.);
#8065 = SURFACE_CURVE('',#8066,(#8070,#8077),.PCURVE_S1.);
#8066 = LINE('',#8067,#8068);
#8067 = CARTESIAN_POINT('',(89.,-30.,17.));
#8068 = VECTOR('',#8069,1.);
#8069 = DIRECTION('',(1.,-0.,-0.));
#8070 = PCURVE('',#6921,#8071);
#8071 = DEFINITIONAL_REPRESENTATION('',(#8072),#8076);
#8072 = LINE('',#8073,#8074);
#8073 = CARTESIAN_POINT('',(13.,2.));
#8074 = VECTOR('',#8075,1.);
#8075 = DIRECTION('',(-1.,0.));
#8076 = ( GEOMETRIC_REPRESENTATION_CONTEXT(2) 
PARAMETRIC_REPRESENTATION_CONTEXT() REPRESENTATION_CONTEXT('2D SPACE',''
  ) );
#8077 = PCURVE('',#5713,#8078);
#8078 = DEFINITIONAL_REPRESENTATION('',(#8079),#8083);
#8079 = LINE('',#8080,#8081);
#8080 = CARTESIAN_POINT('',(-12.7,13.));
#8081 = VECTOR('',#8082,1.);
#8082 = DIRECTION('',(-0.,1.));
#8083 = ( GEOMETRIC_REPRESENTATION_CONTEXT(2) 
PARAMETRIC_REPRESENTATION_CONTEXT() REPRESENTATION_CONTEXT('2D SPACE',''
  ) );
#8084 = ORIENTED_EDGE('',*,*,#7366,.T.);
#8085 = ORIENTED_EDGE('',*,*,#7287,.F.);
#8086 = ORIENTED_EDGE('',*,*,#8087,.F.);
#8087 = EDGE_CURVE('',#6807,#7181,#8088,.T.);
#8088 = SURFACE_CURVE('',#8089,(#8093,#8100),.PCURVE_S1.);
#8089 = LINE('',#8090,#8091);
#8090 = CARTESIAN_POINT('',(115.65,-27.5,17.));
#8091 = VECTOR('',#8092,1.);
#8092 = DIRECTION('',(-0.,-1.,-0.));
#8093 = PCURVE('',#6921,#8094);
#8094 = DEFINITIONAL_REPRESENTATION('',(#8095),#8099);
#8095 = LINE('',#8096,#8097);
#8096 = CARTESIAN_POINT('',(-13.65,-0.5));
#8097 = VECTOR('',#8098,1.);
#8098 = DIRECTION('',(-0.,1.));
#8099 = ( GEOMETRIC_REPRESENTATION_CONTEXT(2) 
PARAMETRIC_REPRESENTATION_CONTEXT() REPRESENTATION_CONTEXT('2D SPACE',''
  ) );
#8100 = PCURVE('',#6822,#8101);
#8101 = DEFINITIONAL_REPRESENTATION('',(#8102),#8106);
#8102 = LINE('',#8103,#8104);
#8103 = CARTESIAN_POINT('',(-8.,-0.5));
#8104 = VECTOR('',#8105,1.);
#8105 = DIRECTION('',(-0.,-1.));
#8106 = ( GEOMETRIC_REPRESENTATION_CONTEXT(2) 
PARAMETRIC_REPRESENTATION_CONTEXT() REPRESENTATION_CONTEXT('2D SPACE',''
  ) );
#8107 = ORIENTED_EDGE('',*,*,#6907,.T.);
#8108 = ORIENTED_EDGE('',*,*,#6936,.T.);
#8109 = ORIENTED_EDGE('',*,*,#7063,.F.);
#8110 = ADVANCED_FACE('',(#8111),#6822,.F.);
#8111 = FACE_BOUND('',#8112,.T.);
#8112 = EDGE_LOOP('',(#8113,#8114,#8115,#8116,#8117,#8118));
#8113 = ORIENTED_EDGE('',*,*,#7436,.F.);
#8114 = ORIENTED_EDGE('',*,*,#7965,.T.);
#8115 = ORIENTED_EDGE('',*,*,#7178,.T.);
#8116 = ORIENTED_EDGE('',*,*,#8087,.F.);
#8117 = ORIENTED_EDGE('',*,*,#6804,.F.);
#8118 = ORIENTED_EDGE('',*,*,#8119,.F.);
#8119 = EDGE_CURVE('',#7439,#6805,#8120,.T.);
#8120 = SURFACE_CURVE('',#8121,(#8125,#8132),.PCURVE_S1.);
#8121 = LINE('',#8122,#8123);
#8122 = CARTESIAN_POINT('',(115.65,-27.,23.3));
#8123 = VECTOR('',#8124,1.);
#8124 = DIRECTION('',(0.,-1.,0.));
#8125 = PCURVE('',#6822,#8126);
#8126 = DEFINITIONAL_REPRESENTATION('',(#8127),#8131);
#8127 = LINE('',#8128,#8129);
#8128 = CARTESIAN_POINT('',(-14.3,0.));
#8129 = VECTOR('',#8130,1.);
#8130 = DIRECTION('',(-0.,-1.));
#8131 = ( GEOMETRIC_REPRESENTATION_CONTEXT(2) 
PARAMETRIC_REPRESENTATION_CONTEXT() REPRESENTATION_CONTEXT('2D SPACE',''
  ) );
#8132 = PCURVE('',#5517,#8133);
#8133 = DEFINITIONAL_REPRESENTATION('',(#8134),#8138);
#8134 = LINE('',#8135,#8136);
#8135 = CARTESIAN_POINT('',(-39.65,57.));
#8136 = VECTOR('',#8137,1.);
#8137 = DIRECTION('',(-0.,1.));
#8138 = ( GEOMETRIC_REPRESENTATION_CONTEXT(2) 
PARAMETRIC_REPRESENTATION_CONTEXT() REPRESENTATION_CONTEXT('2D SPACE',''
  ) );
#8139 = ADVANCED_FACE('',(#8140),#6768,.T.);
#8140 = FACE_BOUND('',#8141,.F.);
#8141 = EDGE_LOOP('',(#8142,#8165,#8166,#8189));
#8142 = ORIENTED_EDGE('',*,*,#8143,.F.);
#8143 = EDGE_CURVE('',#6753,#8144,#8146,.T.);
#8144 = VERTEX_POINT('',#8145);
#8145 = CARTESIAN_POINT('',(166.,-29.,19.3));
#8146 = SURFACE_CURVE('',#8147,(#8151,#8158),.PCURVE_S1.);
#8147 = LINE('',#8148,#8149);
#8148 = CARTESIAN_POINT('',(114.,-29.,19.3));
#8149 = VECTOR('',#8150,1.);
#8150 = DIRECTION('',(1.,0.,0.));
#8151 = PCURVE('',#6768,#8152);
#8152 = DEFINITIONAL_REPRESENTATION('',(#8153),#8157);
#8153 = LINE('',#8154,#8155);
#8154 = CARTESIAN_POINT('',(-0.,0.));
#8155 = VECTOR('',#8156,1.);
#8156 = DIRECTION('',(-0.,1.));
#8157 = ( GEOMETRIC_REPRESENTATION_CONTEXT(2) 
PARAMETRIC_REPRESENTATION_CONTEXT() REPRESENTATION_CONTEXT('2D SPACE',''
  ) );
#8158 = PCURVE('',#6046,#8159);
#8159 = DEFINITIONAL_REPRESENTATION('',(#8160),#8164);
#8160 = LINE('',#8161,#8162);
#8161 = CARTESIAN_POINT('',(-6.,18.8));
#8162 = VECTOR('',#8163,1.);
#8163 = DIRECTION('',(-1.,0.));
#8164 = ( GEOMETRIC_REPRESENTATION_CONTEXT(2) 
PARAMETRIC_REPRESENTATION_CONTEXT() REPRESENTATION_CONTEXT('2D SPACE',''
  ) );
#8165 = ORIENTED_EDGE('',*,*,#6752,.T.);
#8166 = ORIENTED_EDGE('',*,*,#8167,.T.);
#8167 = EDGE_CURVE('',#6730,#8168,#8170,.T.);
#8168 = VERTEX_POINT('',#8169);
#8169 = CARTESIAN_POINT('',(166.,-29.,23.3));
#8170 = SURFACE_CURVE('',#8171,(#8175,#8182),.PCURVE_S1.);
#8171 = LINE('',#8172,#8173);
#8172 = CARTESIAN_POINT('',(114.,-29.,23.3));
#8173 = VECTOR('',#8174,1.);
#8174 = DIRECTION('',(1.,0.,0.));
#8175 = PCURVE('',#6768,#8176);
#8176 = DEFINITIONAL_REPRESENTATION('',(#8177),#8181);
#8177 = LINE('',#8178,#8179);
#8178 = CARTESIAN_POINT('',(-4.,0.));
#8179 = VECTOR('',#8180,1.);
#8180 = DIRECTION('',(-0.,1.));
#8181 = ( GEOMETRIC_REPRESENTATION_CONTEXT(2) 
PARAMETRIC_REPRESENTATION_CONTEXT() REPRESENTATION_CONTEXT('2D SPACE',''
  ) );
#8182 = PCURVE('',#5517,#8183);
#8183 = DEFINITIONAL_REPRESENTATION('',(#8184),#8188);
#8184 = LINE('',#8185,#8186);
#8185 = CARTESIAN_POINT('',(-38.,59.));
#8186 = VECTOR('',#8187,1.);
#8187 = DIRECTION('',(-1.,0.));
#8188 = ( GEOMETRIC_REPRESENTATION_CONTEXT(2) 
PARAMETRIC_REPRESENTATION_CONTEXT() REPRESENTATION_CONTEXT('2D SPACE',''
  ) );
#8189 = ORIENTED_EDGE('',*,*,#8190,.F.);
#8190 = EDGE_CURVE('',#8144,#8168,#8191,.T.);
#8191 = SURFACE_CURVE('',#8192,(#8196,#8203),.PCURVE_S1.);
#8192 = LINE('',#8193,#8194);
#8193 = CARTESIAN_POINT('',(166.,-29.,19.3));
#8194 = VECTOR('',#8195,1.);
#8195 = DIRECTION('',(0.,0.,1.));
#8196 = PCURVE('',#6768,#8197);
#8197 = DEFINITIONAL_REPRESENTATION('',(#8198),#8202);
#8198 = LINE('',#8199,#8200);
#8199 = CARTESIAN_POINT('',(-0.,52.));
#8200 = VECTOR('',#8201,1.);
#8201 = DIRECTION('',(-1.,0.));
#8202 = ( GEOMETRIC_REPRESENTATION_CONTEXT(2) 
PARAMETRIC_REPRESENTATION_CONTEXT() REPRESENTATION_CONTEXT('2D SPACE',''
  ) );
#8203 = PCURVE('',#8204,#8209);
#8204 = PLANE('',#8205);
#8205 = AXIS2_PLACEMENT_3D('',#8206,#8207,#8208);
#8206 = CARTESIAN_POINT('',(166.,29.,19.3));
#8207 = DIRECTION('',(1.,0.,0.));
#8208 = DIRECTION('',(0.,-0.,-1.));
#8209 = DEFINITIONAL_REPRESENTATION('',(#8210),#8214);
#8210 = LINE('',#8211,#8212);
#8211 = CARTESIAN_POINT('',(-0.,-58.));
#8212 = VECTOR('',#8213,1.);
#8213 = DIRECTION('',(-1.,0.));
#8214 = ( GEOMETRIC_REPRESENTATION_CONTEXT(2) 
PARAMETRIC_REPRESENTATION_CONTEXT() REPRESENTATION_CONTEXT('2D SPACE',''
  ) );
#8215 = ADVANCED_FACE('',(#8216),#8204,.T.);
#8216 = FACE_BOUND('',#8217,.F.);
#8217 = EDGE_LOOP('',(#8218,#8243,#8264,#8265));
#8218 = ORIENTED_EDGE('',*,*,#8219,.F.);
#8219 = EDGE_CURVE('',#8220,#8222,#8224,.T.);
#8220 = VERTEX_POINT('',#8221);
#8221 = CARTESIAN_POINT('',(166.,29.,19.3));
#8222 = VERTEX_POINT('',#8223);
#8223 = CARTESIAN_POINT('',(166.,29.,23.3));
#8224 = SURFACE_CURVE('',#8225,(#8229,#8236),.PCURVE_S1.);
#8225 = LINE('',#8226,#8227);
#8226 = CARTESIAN_POINT('',(166.,29.,19.3));
#8227 = VECTOR('',#8228,1.);
#8228 = DIRECTION('',(0.,0.,1.));
#8229 = PCURVE('',#8204,#8230);
#8230 = DEFINITIONAL_REPRESENTATION('',(#8231),#8235);
#8231 = LINE('',#8232,#8233);
#8232 = CARTESIAN_POINT('',(-0.,0.));
#8233 = VECTOR('',#8234,1.);
#8234 = DIRECTION('',(-1.,0.));
#8235 = ( GEOMETRIC_REPRESENTATION_CONTEXT(2) 
PARAMETRIC_REPRESENTATION_CONTEXT() REPRESENTATION_CONTEXT('2D SPACE',''
  ) );
#8236 = PCURVE('',#6072,#8237);
#8237 = DEFINITIONAL_REPRESENTATION('',(#8238),#8242);
#8238 = LINE('',#8239,#8240);
#8239 = CARTESIAN_POINT('',(-0.,52.));
#8240 = VECTOR('',#8241,1.);
#8241 = DIRECTION('',(-1.,0.));
#8242 = ( GEOMETRIC_REPRESENTATION_CONTEXT(2) 
PARAMETRIC_REPRESENTATION_CONTEXT() REPRESENTATION_CONTEXT('2D SPACE',''
  ) );
#8243 = ORIENTED_EDGE('',*,*,#8244,.T.);
#8244 = EDGE_CURVE('',#8220,#8144,#8245,.T.);
#8245 = SURFACE_CURVE('',#8246,(#8250,#8257),.PCURVE_S1.);
#8246 = LINE('',#8247,#8248);
#8247 = CARTESIAN_POINT('',(166.,29.,19.3));
#8248 = VECTOR('',#8249,1.);
#8249 = DIRECTION('',(0.,-1.,0.));
#8250 = PCURVE('',#8204,#8251);
#8251 = DEFINITIONAL_REPRESENTATION('',(#8252),#8256);
#8252 = LINE('',#8253,#8254);
#8253 = CARTESIAN_POINT('',(-0.,0.));
#8254 = VECTOR('',#8255,1.);
#8255 = DIRECTION('',(-0.,-1.));
#8256 = ( GEOMETRIC_REPRESENTATION_CONTEXT(2) 
PARAMETRIC_REPRESENTATION_CONTEXT() REPRESENTATION_CONTEXT('2D SPACE',''
  ) );
#8257 = PCURVE('',#6046,#8258);
#8258 = DEFINITIONAL_REPRESENTATION('',(#8259),#8263);
#8259 = LINE('',#8260,#8261);
#8260 = CARTESIAN_POINT('',(-58.,-39.2));
#8261 = VECTOR('',#8262,1.);
#8262 = DIRECTION('',(-0.,1.));
#8263 = ( GEOMETRIC_REPRESENTATION_CONTEXT(2) 
PARAMETRIC_REPRESENTATION_CONTEXT() REPRESENTATION_CONTEXT('2D SPACE',''
  ) );
#8264 = ORIENTED_EDGE('',*,*,#8190,.T.);
#8265 = ORIENTED_EDGE('',*,*,#8266,.F.);
#8266 = EDGE_CURVE('',#8222,#8168,#8267,.T.);
#8267 = SURFACE_CURVE('',#8268,(#8272,#8279),.PCURVE_S1.);
#8268 = LINE('',#8269,#8270);
#8269 = CARTESIAN_POINT('',(166.,29.,23.3));
#8270 = VECTOR('',#8271,1.);
#8271 = DIRECTION('',(0.,-1.,0.));
#8272 = PCURVE('',#8204,#8273);
#8273 = DEFINITIONAL_REPRESENTATION('',(#8274),#8278);
#8274 = LINE('',#8275,#8276);
#8275 = CARTESIAN_POINT('',(-4.,0.));
#8276 = VECTOR('',#8277,1.);
#8277 = DIRECTION('',(-0.,-1.));
#8278 = ( GEOMETRIC_REPRESENTATION_CONTEXT(2) 
PARAMETRIC_REPRESENTATION_CONTEXT() REPRESENTATION_CONTEXT('2D SPACE',''
  ) );
#8279 = PCURVE('',#5517,#8280);
#8280 = DEFINITIONAL_REPRESENTATION('',(#8281),#8285);
#8281 = LINE('',#8282,#8283);
#8282 = CARTESIAN_POINT('',(-90.,1.));
#8283 = VECTOR('',#8284,1.);
#8284 = DIRECTION('',(-0.,1.));
#8285 = ( GEOMETRIC_REPRESENTATION_CONTEXT(2) 
PARAMETRIC_REPRESENTATION_CONTEXT() REPRESENTATION_CONTEXT('2D SPACE',''
  ) );
#8286 = ADVANCED_FACE('',(#8287,#8407,#8441),#6046,.F.);
#8287 = FACE_BOUND('',#8288,.T.);
#8288 = EDGE_LOOP('',(#8289,#8319,#8348,#8376));
#8289 = ORIENTED_EDGE('',*,*,#8290,.F.);
#8290 = EDGE_CURVE('',#8291,#8293,#8295,.T.);
#8291 = VERTEX_POINT('',#8292);
#8292 = CARTESIAN_POINT('',(148.,-15.7,19.3));
#8293 = VERTEX_POINT('',#8294);
#8294 = CARTESIAN_POINT('',(108.,-15.7,19.3));
#8295 = SURFACE_CURVE('',#8296,(#8300,#8307),.PCURVE_S1.);
#8296 = LINE('',#8297,#8298);
#8297 = CARTESIAN_POINT('',(148.,-15.7,19.3));
#8298 = VECTOR('',#8299,1.);
#8299 = DIRECTION('',(-1.,0.,0.));
#8300 = PCURVE('',#6046,#8301);
#8301 = DEFINITIONAL_REPRESENTATION('',(#8302),#8306);
#8302 = LINE('',#8303,#8304);
#8303 = CARTESIAN_POINT('',(-40.,5.5));
#8304 = VECTOR('',#8305,1.);
#8305 = DIRECTION('',(1.,-0.));
#8306 = ( GEOMETRIC_REPRESENTATION_CONTEXT(2) 
PARAMETRIC_REPRESENTATION_CONTEXT() REPRESENTATION_CONTEXT('2D SPACE',''
  ) );
#8307 = PCURVE('',#8308,#8313);
#8308 = PLANE('',#8309);
#8309 = AXIS2_PLACEMENT_3D('',#8310,#8311,#8312);
#8310 = CARTESIAN_POINT('',(108.,-15.7,19.2));
#8311 = DIRECTION('',(0.,-1.,0.));
#8312 = DIRECTION('',(0.,-0.,-1.));
#8313 = DEFINITIONAL_REPRESENTATION('',(#8314),#8318);
#8314 = LINE('',#8315,#8316);
#8315 = CARTESIAN_POINT('',(-0.1,40.));
#8316 = VECTOR('',#8317,1.);
#8317 = DIRECTION('',(-0.,-1.));
#8318 = ( GEOMETRIC_REPRESENTATION_CONTEXT(2) 
PARAMETRIC_REPRESENTATION_CONTEXT() REPRESENTATION_CONTEXT('2D SPACE',''
  ) );
#8319 = ORIENTED_EDGE('',*,*,#8320,.T.);
#8320 = EDGE_CURVE('',#8291,#8321,#8323,.T.);
#8321 = VERTEX_POINT('',#8322);
#8322 = CARTESIAN_POINT('',(148.,-12.3,19.3));
#8323 = SURFACE_CURVE('',#8324,(#8329,#8336),.PCURVE_S1.);
#8324 = CIRCLE('',#8325,1.7);
#8325 = AXIS2_PLACEMENT_3D('',#8326,#8327,#8328);
#8326 = CARTESIAN_POINT('',(148.,-14.,19.3));
#8327 = DIRECTION('',(-0.,0.,1.));
#8328 = DIRECTION('',(0.,-1.,0.));
#8329 = PCURVE('',#6046,#8330);
#8330 = DEFINITIONAL_REPRESENTATION('',(#8331),#8335);
#8331 = CIRCLE('',#8332,1.7);
#8332 = AXIS2_PLACEMENT_2D('',#8333,#8334);
#8333 = CARTESIAN_POINT('',(-40.,3.8));
#8334 = DIRECTION('',(-0.,1.));
#8335 = ( GEOMETRIC_REPRESENTATION_CONTEXT(2) 
PARAMETRIC_REPRESENTATION_CONTEXT() REPRESENTATION_CONTEXT('2D SPACE',''
  ) );
#8336 = PCURVE('',#8337,#8342);
#8337 = CYLINDRICAL_SURFACE('',#8338,1.7);
#8338 = AXIS2_PLACEMENT_3D('',#8339,#8340,#8341);
#8339 = CARTESIAN_POINT('',(148.,-14.,19.2));
#8340 = DIRECTION('',(-0.,-0.,1.));
#8341 = DIRECTION('',(1.,-0.,-0.));
#8342 = DEFINITIONAL_REPRESENTATION('',(#8343),#8347);
#8343 = LINE('',#8344,#8345);
#8344 = CARTESIAN_POINT('',(-7.853981633974,0.1));
#8345 = VECTOR('',#8346,1.);
#8346 = DIRECTION('',(1.,-0.));
#8347 = ( GEOMETRIC_REPRESENTATION_CONTEXT(2) 
PARAMETRIC_REPRESENTATION_CONTEXT() REPRESENTATION_CONTEXT('2D SPACE',''
  ) );
#8348 = ORIENTED_EDGE('',*,*,#8349,.F.);
#8349 = EDGE_CURVE('',#8350,#8321,#8352,.T.);
#8350 = VERTEX_POINT('',#8351);
#8351 = CARTESIAN_POINT('',(108.,-12.3,19.3));
#8352 = SURFACE_CURVE('',#8353,(#8357,#8364),.PCURVE_S1.);
#8353 = LINE('',#8354,#8355);
#8354 = CARTESIAN_POINT('',(108.,-12.3,19.3));
#8355 = VECTOR('',#8356,1.);
#8356 = DIRECTION('',(1.,0.,0.));
#8357 = PCURVE('',#6046,#8358);
#8358 = DEFINITIONAL_REPRESENTATION('',(#8359),#8363);
#8359 = LINE('',#8360,#8361);
#8360 = CARTESIAN_POINT('',(-0.,2.1));
#8361 = VECTOR('',#8362,1.);
#8362 = DIRECTION('',(-1.,0.));
#8363 = ( GEOMETRIC_REPRESENTATION_CONTEXT(2) 
PARAMETRIC_REPRESENTATION_CONTEXT() REPRESENTATION_CONTEXT('2D SPACE',''
  ) );
#8364 = PCURVE('',#8365,#8370);
#8365 = PLANE('',#8366);
#8366 = AXIS2_PLACEMENT_3D('',#8367,#8368,#8369);
#8367 = CARTESIAN_POINT('',(108.,-12.3,19.2));
#8368 = DIRECTION('',(0.,-1.,0.));
#8369 = DIRECTION('',(0.,-0.,-1.));
#8370 = DEFINITIONAL_REPRESENTATION('',(#8371),#8375);
#8371 = LINE('',#8372,#8373);
#8372 = CARTESIAN_POINT('',(-0.1,0.));
#8373 = VECTOR('',#8374,1.);
#8374 = DIRECTION('',(-0.,1.));
#8375 = ( GEOMETRIC_REPRESENTATION_CONTEXT(2) 
PARAMETRIC_REPRESENTATION_CONTEXT() REPRESENTATION_CONTEXT('2D SPACE',''
  ) );
#8376 = ORIENTED_EDGE('',*,*,#8377,.F.);
#8377 = EDGE_CURVE('',#8293,#8350,#8378,.T.);
#8378 = SURFACE_CURVE('',#8379,(#8384,#8395),.PCURVE_S1.);
#8379 = CIRCLE('',#8380,1.7);
#8380 = AXIS2_PLACEMENT_3D('',#8381,#8382,#8383);
#8381 = CARTESIAN_POINT('',(108.,-14.,19.3));
#8382 = DIRECTION('',(0.,0.,-1.));
#8383 = DIRECTION('',(1.,-0.,-0.));
#8384 = PCURVE('',#6046,#8385);
#8385 = DEFINITIONAL_REPRESENTATION('',(#8386),#8394);
#8386 = ( BOUNDED_CURVE() B_SPLINE_CURVE(2,(#8387,#8388,#8389,#8390,
#8391,#8392,#8393),.UNSPECIFIED.,.T.,.F.) B_SPLINE_CURVE_WITH_KNOTS((1,2
    ,2,2,2,1),(-2.094395102393,0.,2.094395102393,4.188790204786,
6.28318530718,8.377580409573),.UNSPECIFIED.) CURVE() 
GEOMETRIC_REPRESENTATION_ITEM() RATIONAL_B_SPLINE_CURVE((1.,0.5,1.,0.5,
1.,0.5,1.)) REPRESENTATION_ITEM('') );
#8387 = CARTESIAN_POINT('',(-1.7,3.8));
#8388 = CARTESIAN_POINT('',(-1.7,6.744486372867));
#8389 = CARTESIAN_POINT('',(0.85,5.272243186434));
#8390 = CARTESIAN_POINT('',(3.4,3.8));
#8391 = CARTESIAN_POINT('',(0.85,2.327756813566));
#8392 = CARTESIAN_POINT('',(-1.7,0.855513627133));
#8393 = CARTESIAN_POINT('',(-1.7,3.8));
#8394 = ( GEOMETRIC_REPRESENTATION_CONTEXT(2) 
PARAMETRIC_REPRESENTATION_CONTEXT() REPRESENTATION_CONTEXT('2D SPACE',''
  ) );
#8395 = PCURVE('',#8396,#8401);
#8396 = CYLINDRICAL_SURFACE('',#8397,1.7);
#8397 = AXIS2_PLACEMENT_3D('',#8398,#8399,#8400);
#8398 = CARTESIAN_POINT('',(108.,-14.,19.2));
#8399 = DIRECTION('',(-0.,-0.,1.));
#8400 = DIRECTION('',(1.,-0.,-0.));
#8401 = DEFINITIONAL_REPRESENTATION('',(#8402),#8406);
#8402 = LINE('',#8403,#8404);
#8403 = CARTESIAN_POINT('',(-0.,0.1));
#8404 = VECTOR('',#8405,1.);
#8405 = DIRECTION('',(-1.,0.));
#8406 = ( GEOMETRIC_REPRESENTATION_CONTEXT(2) 
PARAMETRIC_REPRESENTATION_CONTEXT() REPRESENTATION_CONTEXT('2D SPACE',''
  ) );
#8407 = FACE_BOUND('',#8408,.T.);
#8408 = EDGE_LOOP('',(#8409,#8410,#8411,#8412,#8413,#8414,#8415,#8416,
    #8437,#8438,#8439,#8440));
#8409 = ORIENTED_EDGE('',*,*,#6473,.T.);
#8410 = ORIENTED_EDGE('',*,*,#6448,.T.);
#8411 = ORIENTED_EDGE('',*,*,#6373,.T.);
#8412 = ORIENTED_EDGE('',*,*,#6269,.F.);
#8413 = ORIENTED_EDGE('',*,*,#6163,.T.);
#8414 = ORIENTED_EDGE('',*,*,#6138,.T.);
#8415 = ORIENTED_EDGE('',*,*,#6030,.T.);
#8416 = ORIENTED_EDGE('',*,*,#8417,.T.);
#8417 = EDGE_CURVE('',#6031,#8220,#8418,.T.);
#8418 = SURFACE_CURVE('',#8419,(#8423,#8430),.PCURVE_S1.);
#8419 = LINE('',#8420,#8421);
#8420 = CARTESIAN_POINT('',(114.,29.,19.3));
#8421 = VECTOR('',#8422,1.);
#8422 = DIRECTION('',(1.,0.,0.));
#8423 = PCURVE('',#6046,#8424);
#8424 = DEFINITIONAL_REPRESENTATION('',(#8425),#8429);
#8425 = LINE('',#8426,#8427);
#8426 = CARTESIAN_POINT('',(-6.,-39.2));
#8427 = VECTOR('',#8428,1.);
#8428 = DIRECTION('',(-1.,0.));
#8429 = ( GEOMETRIC_REPRESENTATION_CONTEXT(2) 
PARAMETRIC_REPRESENTATION_CONTEXT() REPRESENTATION_CONTEXT('2D SPACE',''
  ) );
#8430 = PCURVE('',#6072,#8431);
#8431 = DEFINITIONAL_REPRESENTATION('',(#8432),#8436);
#8432 = LINE('',#8433,#8434);
#8433 = CARTESIAN_POINT('',(-0.,0.));
#8434 = VECTOR('',#8435,1.);
#8435 = DIRECTION('',(-0.,1.));
#8436 = ( GEOMETRIC_REPRESENTATION_CONTEXT(2) 
PARAMETRIC_REPRESENTATION_CONTEXT() REPRESENTATION_CONTEXT('2D SPACE',''
  ) );
#8437 = ORIENTED_EDGE('',*,*,#8244,.T.);
#8438 = ORIENTED_EDGE('',*,*,#8143,.F.);
#8439 = ORIENTED_EDGE('',*,*,#6780,.T.);
#8440 = ORIENTED_EDGE('',*,*,#6579,.F.);
#8441 = FACE_BOUND('',#8442,.T.);
#8442 = EDGE_LOOP('',(#8443,#8473,#8506,#8534));
#8443 = ORIENTED_EDGE('',*,*,#8444,.F.);
#8444 = EDGE_CURVE('',#8445,#8447,#8449,.T.);
#8445 = VERTEX_POINT('',#8446);
#8446 = CARTESIAN_POINT('',(108.,15.7,19.3));
#8447 = VERTEX_POINT('',#8448);
#8448 = CARTESIAN_POINT('',(148.,15.7,19.3));
#8449 = SURFACE_CURVE('',#8450,(#8454,#8461),.PCURVE_S1.);
#8450 = LINE('',#8451,#8452);
#8451 = CARTESIAN_POINT('',(108.,15.7,19.3));
#8452 = VECTOR('',#8453,1.);
#8453 = DIRECTION('',(1.,0.,0.));
#8454 = PCURVE('',#6046,#8455);
#8455 = DEFINITIONAL_REPRESENTATION('',(#8456),#8460);
#8456 = LINE('',#8457,#8458);
#8457 = CARTESIAN_POINT('',(-0.,-25.9));
#8458 = VECTOR('',#8459,1.);
#8459 = DIRECTION('',(-1.,0.));
#8460 = ( GEOMETRIC_REPRESENTATION_CONTEXT(2) 
PARAMETRIC_REPRESENTATION_CONTEXT() REPRESENTATION_CONTEXT('2D SPACE',''
  ) );
#8461 = PCURVE('',#8462,#8467);
#8462 = PLANE('',#8463);
#8463 = AXIS2_PLACEMENT_3D('',#8464,#8465,#8466);
#8464 = CARTESIAN_POINT('',(108.,15.7,19.2));
#8465 = DIRECTION('',(0.,-1.,0.));
#8466 = DIRECTION('',(0.,-0.,-1.));
#8467 = DEFINITIONAL_REPRESENTATION('',(#8468),#8472);
#8468 = LINE('',#8469,#8470);
#8469 = CARTESIAN_POINT('',(-0.1,0.));
#8470 = VECTOR('',#8471,1.);
#8471 = DIRECTION('',(-0.,1.));
#8472 = ( GEOMETRIC_REPRESENTATION_CONTEXT(2) 
PARAMETRIC_REPRESENTATION_CONTEXT() REPRESENTATION_CONTEXT('2D SPACE',''
  ) );
#8473 = ORIENTED_EDGE('',*,*,#8474,.F.);
#8474 = EDGE_CURVE('',#8475,#8445,#8477,.T.);
#8475 = VERTEX_POINT('',#8476);
#8476 = CARTESIAN_POINT('',(108.,12.3,19.3));
#8477 = SURFACE_CURVE('',#8478,(#8483,#8494),.PCURVE_S1.);
#8478 = CIRCLE('',#8479,1.7);
#8479 = AXIS2_PLACEMENT_3D('',#8480,#8481,#8482);
#8480 = CARTESIAN_POINT('',(108.,14.,19.3));
#8481 = DIRECTION('',(0.,0.,-1.));
#8482 = DIRECTION('',(1.,-0.,-0.));
#8483 = PCURVE('',#6046,#8484);
#8484 = DEFINITIONAL_REPRESENTATION('',(#8485),#8493);
#8485 = ( BOUNDED_CURVE() B_SPLINE_CURVE(2,(#8486,#8487,#8488,#8489,
#8490,#8491,#8492),.UNSPECIFIED.,.T.,.F.) B_SPLINE_CURVE_WITH_KNOTS((1,2
    ,2,2,2,1),(-2.094395102393,0.,2.094395102393,4.188790204786,
6.28318530718,8.377580409573),.UNSPECIFIED.) CURVE() 
GEOMETRIC_REPRESENTATION_ITEM() RATIONAL_B_SPLINE_CURVE((1.,0.5,1.,0.5,
1.,0.5,1.)) REPRESENTATION_ITEM('') );
#8486 = CARTESIAN_POINT('',(-1.7,-24.2));
#8487 = CARTESIAN_POINT('',(-1.7,-21.25551362713));
#8488 = CARTESIAN_POINT('',(0.85,-22.72775681356));
#8489 = CARTESIAN_POINT('',(3.4,-24.2));
#8490 = CARTESIAN_POINT('',(0.85,-25.67224318643));
#8491 = CARTESIAN_POINT('',(-1.7,-27.14448637286));
#8492 = CARTESIAN_POINT('',(-1.7,-24.2));
#8493 = ( GEOMETRIC_REPRESENTATION_CONTEXT(2) 
PARAMETRIC_REPRESENTATION_CONTEXT() REPRESENTATION_CONTEXT('2D SPACE',''
  ) );
#8494 = PCURVE('',#8495,#8500);
#8495 = CYLINDRICAL_SURFACE('',#8496,1.7);
#8496 = AXIS2_PLACEMENT_3D('',#8497,#8498,#8499);
#8497 = CARTESIAN_POINT('',(108.,14.,19.2));
#8498 = DIRECTION('',(-0.,-0.,1.));
#8499 = DIRECTION('',(1.,-0.,-0.));
#8500 = DEFINITIONAL_REPRESENTATION('',(#8501),#8505);
#8501 = LINE('',#8502,#8503);
#8502 = CARTESIAN_POINT('',(-0.,0.1));
#8503 = VECTOR('',#8504,1.);
#8504 = DIRECTION('',(-1.,0.));
#8505 = ( GEOMETRIC_REPRESENTATION_CONTEXT(2) 
PARAMETRIC_REPRESENTATION_CONTEXT() REPRESENTATION_CONTEXT('2D SPACE',''
  ) );
#8506 = ORIENTED_EDGE('',*,*,#8507,.F.);
#8507 = EDGE_CURVE('',#8508,#8475,#8510,.T.);
#8508 = VERTEX_POINT('',#8509);
#8509 = CARTESIAN_POINT('',(148.,12.3,19.3));
#8510 = SURFACE_CURVE('',#8511,(#8515,#8522),.PCURVE_S1.);
#8511 = LINE('',#8512,#8513);
#8512 = CARTESIAN_POINT('',(148.,12.3,19.3));
#8513 = VECTOR('',#8514,1.);
#8514 = DIRECTION('',(-1.,0.,0.));
#8515 = PCURVE('',#6046,#8516);
#8516 = DEFINITIONAL_REPRESENTATION('',(#8517),#8521);
#8517 = LINE('',#8518,#8519);
#8518 = CARTESIAN_POINT('',(-40.,-22.5));
#8519 = VECTOR('',#8520,1.);
#8520 = DIRECTION('',(1.,-0.));
#8521 = ( GEOMETRIC_REPRESENTATION_CONTEXT(2) 
PARAMETRIC_REPRESENTATION_CONTEXT() REPRESENTATION_CONTEXT('2D SPACE',''
  ) );
#8522 = PCURVE('',#8523,#8528);
#8523 = PLANE('',#8524);
#8524 = AXIS2_PLACEMENT_3D('',#8525,#8526,#8527);
#8525 = CARTESIAN_POINT('',(108.,12.3,19.2));
#8526 = DIRECTION('',(0.,-1.,0.));
#8527 = DIRECTION('',(0.,-0.,-1.));
#8528 = DEFINITIONAL_REPRESENTATION('',(#8529),#8533);
#8529 = LINE('',#8530,#8531);
#8530 = CARTESIAN_POINT('',(-0.1,40.));
#8531 = VECTOR('',#8532,1.);
#8532 = DIRECTION('',(-0.,-1.));
#8533 = ( GEOMETRIC_REPRESENTATION_CONTEXT(2) 
PARAMETRIC_REPRESENTATION_CONTEXT() REPRESENTATION_CONTEXT('2D SPACE',''
  ) );
#8534 = ORIENTED_EDGE('',*,*,#8535,.T.);
#8535 = EDGE_CURVE('',#8508,#8447,#8536,.T.);
#8536 = SURFACE_CURVE('',#8537,(#8542,#8549),.PCURVE_S1.);
#8537 = CIRCLE('',#8538,1.7);
#8538 = AXIS2_PLACEMENT_3D('',#8539,#8540,#8541);
#8539 = CARTESIAN_POINT('',(148.,14.,19.3));
#8540 = DIRECTION('',(-0.,0.,1.));
#8541 = DIRECTION('',(0.,-1.,0.));
#8542 = PCURVE('',#6046,#8543);
#8543 = DEFINITIONAL_REPRESENTATION('',(#8544),#8548);
#8544 = CIRCLE('',#8545,1.7);
#8545 = AXIS2_PLACEMENT_2D('',#8546,#8547);
#8546 = CARTESIAN_POINT('',(-40.,-24.2));
#8547 = DIRECTION('',(-0.,1.));
#8548 = ( GEOMETRIC_REPRESENTATION_CONTEXT(2) 
PARAMETRIC_REPRESENTATION_CONTEXT() REPRESENTATION_CONTEXT('2D SPACE',''
  ) );
#8549 = PCURVE('',#8550,#8555);
#8550 = CYLINDRICAL_SURFACE('',#8551,1.7);
#8551 = AXIS2_PLACEMENT_3D('',#8552,#8553,#8554);
#8552 = CARTESIAN_POINT('',(148.,14.,19.2));
#8553 = DIRECTION('',(-0.,-0.,1.));
#8554 = DIRECTION('',(1.,-0.,-0.));
#8555 = DEFINITIONAL_REPRESENTATION('',(#8556),#8560);
#8556 = LINE('',#8557,#8558);
#8557 = CARTESIAN_POINT('',(-7.853981633974,0.1));
#8558 = VECTOR('',#8559,1.);
#8559 = DIRECTION('',(1.,-0.));
#8560 = ( GEOMETRIC_REPRESENTATION_CONTEXT(2) 
PARAMETRIC_REPRESENTATION_CONTEXT() REPRESENTATION_CONTEXT('2D SPACE',''
  ) );
#8561 = ADVANCED_FACE('',(#8562),#8550,.F.);
#8562 = FACE_BOUND('',#8563,.T.);
#8563 = EDGE_LOOP('',(#8564,#8594,#8615,#8616));
#8564 = ORIENTED_EDGE('',*,*,#8565,.F.);
#8565 = EDGE_CURVE('',#8566,#8568,#8570,.T.);
#8566 = VERTEX_POINT('',#8567);
#8567 = CARTESIAN_POINT('',(148.,15.7,23.3));
#8568 = VERTEX_POINT('',#8569);
#8569 = CARTESIAN_POINT('',(148.,12.3,23.3));
#8570 = SURFACE_CURVE('',#8571,(#8576,#8583),.PCURVE_S1.);
#8571 = CIRCLE('',#8572,1.7);
#8572 = AXIS2_PLACEMENT_3D('',#8573,#8574,#8575);
#8573 = CARTESIAN_POINT('',(148.,14.,23.3));
#8574 = DIRECTION('',(0.,0.,-1.));
#8575 = DIRECTION('',(0.,1.,0.));
#8576 = PCURVE('',#8550,#8577);
#8577 = DEFINITIONAL_REPRESENTATION('',(#8578),#8582);
#8578 = LINE('',#8579,#8580);
#8579 = CARTESIAN_POINT('',(-4.712388980385,4.1));
#8580 = VECTOR('',#8581,1.);
#8581 = DIRECTION('',(-1.,0.));
#8582 = ( GEOMETRIC_REPRESENTATION_CONTEXT(2) 
PARAMETRIC_REPRESENTATION_CONTEXT() REPRESENTATION_CONTEXT('2D SPACE',''
  ) );
#8583 = PCURVE('',#5517,#8584);
#8584 = DEFINITIONAL_REPRESENTATION('',(#8585),#8593);
#8585 = ( BOUNDED_CURVE() B_SPLINE_CURVE(2,(#8586,#8587,#8588,#8589,
#8590,#8591,#8592),.UNSPECIFIED.,.T.,.F.) B_SPLINE_CURVE_WITH_KNOTS((1,2
    ,2,2,2,1),(-2.094395102393,0.,2.094395102393,4.188790204786,
6.28318530718,8.377580409573),.UNSPECIFIED.) CURVE() 
GEOMETRIC_REPRESENTATION_ITEM() RATIONAL_B_SPLINE_CURVE((1.,0.5,1.,0.5,
1.,0.5,1.)) REPRESENTATION_ITEM('') );
#8586 = CARTESIAN_POINT('',(-72.,14.3));
#8587 = CARTESIAN_POINT('',(-74.94448637286,14.3));
#8588 = CARTESIAN_POINT('',(-73.47224318643,16.85));
#8589 = CARTESIAN_POINT('',(-72.,19.4));
#8590 = CARTESIAN_POINT('',(-70.52775681356,16.85));
#8591 = CARTESIAN_POINT('',(-69.05551362713,14.3));
#8592 = CARTESIAN_POINT('',(-72.,14.3));
#8593 = ( GEOMETRIC_REPRESENTATION_CONTEXT(2) 
PARAMETRIC_REPRESENTATION_CONTEXT() REPRESENTATION_CONTEXT('2D SPACE',''
  ) );
#8594 = ORIENTED_EDGE('',*,*,#8595,.F.);
#8595 = EDGE_CURVE('',#8447,#8566,#8596,.T.);
#8596 = SURFACE_CURVE('',#8597,(#8601,#8608),.PCURVE_S1.);
#8597 = LINE('',#8598,#8599);
#8598 = CARTESIAN_POINT('',(148.,15.7,19.2));
#8599 = VECTOR('',#8600,1.);
#8600 = DIRECTION('',(0.,0.,1.));
#8601 = PCURVE('',#8550,#8602);
#8602 = DEFINITIONAL_REPRESENTATION('',(#8603),#8607);
#8603 = LINE('',#8604,#8605);
#8604 = CARTESIAN_POINT('',(-4.712388980385,0.));
#8605 = VECTOR('',#8606,1.);
#8606 = DIRECTION('',(-0.,1.));
#8607 = ( GEOMETRIC_REPRESENTATION_CONTEXT(2) 
PARAMETRIC_REPRESENTATION_CONTEXT() REPRESENTATION_CONTEXT('2D SPACE',''
  ) );
#8608 = PCURVE('',#8462,#8609);
#8609 = DEFINITIONAL_REPRESENTATION('',(#8610),#8614);
#8610 = LINE('',#8611,#8612);
#8611 = CARTESIAN_POINT('',(-0.,40.));
#8612 = VECTOR('',#8613,1.);
#8613 = DIRECTION('',(-1.,0.));
#8614 = ( GEOMETRIC_REPRESENTATION_CONTEXT(2) 
PARAMETRIC_REPRESENTATION_CONTEXT() REPRESENTATION_CONTEXT('2D SPACE',''
  ) );
#8615 = ORIENTED_EDGE('',*,*,#8535,.F.);
#8616 = ORIENTED_EDGE('',*,*,#8617,.T.);
#8617 = EDGE_CURVE('',#8508,#8568,#8618,.T.);
#8618 = SURFACE_CURVE('',#8619,(#8623,#8630),.PCURVE_S1.);
#8619 = LINE('',#8620,#8621);
#8620 = CARTESIAN_POINT('',(148.,12.3,19.2));
#8621 = VECTOR('',#8622,1.);
#8622 = DIRECTION('',(0.,0.,1.));
#8623 = PCURVE('',#8550,#8624);
#8624 = DEFINITIONAL_REPRESENTATION('',(#8625),#8629);
#8625 = LINE('',#8626,#8627);
#8626 = CARTESIAN_POINT('',(-7.853981633974,0.));
#8627 = VECTOR('',#8628,1.);
#8628 = DIRECTION('',(-0.,1.));
#8629 = ( GEOMETRIC_REPRESENTATION_CONTEXT(2) 
PARAMETRIC_REPRESENTATION_CONTEXT() REPRESENTATION_CONTEXT('2D SPACE',''
  ) );
#8630 = PCURVE('',#8523,#8631);
#8631 = DEFINITIONAL_REPRESENTATION('',(#8632),#8636);
#8632 = LINE('',#8633,#8634);
#8633 = CARTESIAN_POINT('',(-0.,40.));
#8634 = VECTOR('',#8635,1.);
#8635 = DIRECTION('',(-1.,0.));
#8636 = ( GEOMETRIC_REPRESENTATION_CONTEXT(2) 
PARAMETRIC_REPRESENTATION_CONTEXT() REPRESENTATION_CONTEXT('2D SPACE',''
  ) );
#8637 = ADVANCED_FACE('',(#8638),#8523,.F.);
#8638 = FACE_BOUND('',#8639,.T.);
#8639 = EDGE_LOOP('',(#8640,#8641,#8664,#8685));
#8640 = ORIENTED_EDGE('',*,*,#8507,.T.);
#8641 = ORIENTED_EDGE('',*,*,#8642,.T.);
#8642 = EDGE_CURVE('',#8475,#8643,#8645,.T.);
#8643 = VERTEX_POINT('',#8644);
#8644 = CARTESIAN_POINT('',(108.,12.3,23.3));
#8645 = SURFACE_CURVE('',#8646,(#8650,#8657),.PCURVE_S1.);
#8646 = LINE('',#8647,#8648);
#8647 = CARTESIAN_POINT('',(108.,12.3,19.2));
#8648 = VECTOR('',#8649,1.);
#8649 = DIRECTION('',(0.,0.,1.));
#8650 = PCURVE('',#8523,#8651);
#8651 = DEFINITIONAL_REPRESENTATION('',(#8652),#8656);
#8652 = LINE('',#8653,#8654);
#8653 = CARTESIAN_POINT('',(-0.,0.));
#8654 = VECTOR('',#8655,1.);
#8655 = DIRECTION('',(-1.,0.));
#8656 = ( GEOMETRIC_REPRESENTATION_CONTEXT(2) 
PARAMETRIC_REPRESENTATION_CONTEXT() REPRESENTATION_CONTEXT('2D SPACE',''
  ) );
#8657 = PCURVE('',#8495,#8658);
#8658 = DEFINITIONAL_REPRESENTATION('',(#8659),#8663);
#8659 = LINE('',#8660,#8661);
#8660 = CARTESIAN_POINT('',(-1.570796326795,0.));
#8661 = VECTOR('',#8662,1.);
#8662 = DIRECTION('',(-0.,1.));
#8663 = ( GEOMETRIC_REPRESENTATION_CONTEXT(2) 
PARAMETRIC_REPRESENTATION_CONTEXT() REPRESENTATION_CONTEXT('2D SPACE',''
  ) );
#8664 = ORIENTED_EDGE('',*,*,#8665,.F.);
#8665 = EDGE_CURVE('',#8568,#8643,#8666,.T.);
#8666 = SURFACE_CURVE('',#8667,(#8671,#8678),.PCURVE_S1.);
#8667 = LINE('',#8668,#8669);
#8668 = CARTESIAN_POINT('',(148.,12.3,23.3));
#8669 = VECTOR('',#8670,1.);
#8670 = DIRECTION('',(-1.,0.,0.));
#8671 = PCURVE('',#8523,#8672);
#8672 = DEFINITIONAL_REPRESENTATION('',(#8673),#8677);
#8673 = LINE('',#8674,#8675);
#8674 = CARTESIAN_POINT('',(-4.1,40.));
#8675 = VECTOR('',#8676,1.);
#8676 = DIRECTION('',(-0.,-1.));
#8677 = ( GEOMETRIC_REPRESENTATION_CONTEXT(2) 
PARAMETRIC_REPRESENTATION_CONTEXT() REPRESENTATION_CONTEXT('2D SPACE',''
  ) );
#8678 = PCURVE('',#5517,#8679);
#8679 = DEFINITIONAL_REPRESENTATION('',(#8680),#8684);
#8680 = LINE('',#8681,#8682);
#8681 = CARTESIAN_POINT('',(-72.,17.7));
#8682 = VECTOR('',#8683,1.);
#8683 = DIRECTION('',(1.,-0.));
#8684 = ( GEOMETRIC_REPRESENTATION_CONTEXT(2) 
PARAMETRIC_REPRESENTATION_CONTEXT() REPRESENTATION_CONTEXT('2D SPACE',''
  ) );
#8685 = ORIENTED_EDGE('',*,*,#8617,.F.);
#8686 = ADVANCED_FACE('',(#8687),#8495,.F.);
#8687 = FACE_BOUND('',#8688,.T.);
#8688 = EDGE_LOOP('',(#8689,#8717,#8718,#8719));
#8689 = ORIENTED_EDGE('',*,*,#8690,.F.);
#8690 = EDGE_CURVE('',#8643,#8691,#8693,.T.);
#8691 = VERTEX_POINT('',#8692);
#8692 = CARTESIAN_POINT('',(108.,15.7,23.3));
#8693 = SURFACE_CURVE('',#8694,(#8699,#8706),.PCURVE_S1.);
#8694 = CIRCLE('',#8695,1.7);
#8695 = AXIS2_PLACEMENT_3D('',#8696,#8697,#8698);
#8696 = CARTESIAN_POINT('',(108.,14.,23.3));
#8697 = DIRECTION('',(0.,0.,-1.));
#8698 = DIRECTION('',(1.,-0.,-0.));
#8699 = PCURVE('',#8495,#8700);
#8700 = DEFINITIONAL_REPRESENTATION('',(#8701),#8705);
#8701 = LINE('',#8702,#8703);
#8702 = CARTESIAN_POINT('',(-0.,4.1));
#8703 = VECTOR('',#8704,1.);
#8704 = DIRECTION('',(-1.,0.));
#8705 = ( GEOMETRIC_REPRESENTATION_CONTEXT(2) 
PARAMETRIC_REPRESENTATION_CONTEXT() REPRESENTATION_CONTEXT('2D SPACE',''
  ) );
#8706 = PCURVE('',#5517,#8707);
#8707 = DEFINITIONAL_REPRESENTATION('',(#8708),#8716);
#8708 = ( BOUNDED_CURVE() B_SPLINE_CURVE(2,(#8709,#8710,#8711,#8712,
#8713,#8714,#8715),.UNSPECIFIED.,.T.,.F.) B_SPLINE_CURVE_WITH_KNOTS((1,2
    ,2,2,2,1),(-2.094395102393,0.,2.094395102393,4.188790204786,
6.28318530718,8.377580409573),.UNSPECIFIED.) CURVE() 
GEOMETRIC_REPRESENTATION_ITEM() RATIONAL_B_SPLINE_CURVE((1.,0.5,1.,0.5,
1.,0.5,1.)) REPRESENTATION_ITEM('') );
#8709 = CARTESIAN_POINT('',(-33.7,16.));
#8710 = CARTESIAN_POINT('',(-33.7,18.944486372867));
#8711 = CARTESIAN_POINT('',(-31.15,17.472243186434));
#8712 = CARTESIAN_POINT('',(-28.6,16.));
#8713 = CARTESIAN_POINT('',(-31.15,14.527756813566));
#8714 = CARTESIAN_POINT('',(-33.7,13.055513627133));
#8715 = CARTESIAN_POINT('',(-33.7,16.));
#8716 = ( GEOMETRIC_REPRESENTATION_CONTEXT(2) 
PARAMETRIC_REPRESENTATION_CONTEXT() REPRESENTATION_CONTEXT('2D SPACE',''
  ) );
#8717 = ORIENTED_EDGE('',*,*,#8642,.F.);
#8718 = ORIENTED_EDGE('',*,*,#8474,.T.);
#8719 = ORIENTED_EDGE('',*,*,#8720,.T.);
#8720 = EDGE_CURVE('',#8445,#8691,#8721,.T.);
#8721 = SURFACE_CURVE('',#8722,(#8726,#8733),.PCURVE_S1.);
#8722 = LINE('',#8723,#8724);
#8723 = CARTESIAN_POINT('',(108.,15.7,19.2));
#8724 = VECTOR('',#8725,1.);
#8725 = DIRECTION('',(0.,0.,1.));
#8726 = PCURVE('',#8495,#8727);
#8727 = DEFINITIONAL_REPRESENTATION('',(#8728),#8732);
#8728 = LINE('',#8729,#8730);
#8729 = CARTESIAN_POINT('',(-4.712388980385,0.));
#8730 = VECTOR('',#8731,1.);
#8731 = DIRECTION('',(-0.,1.));
#8732 = ( GEOMETRIC_REPRESENTATION_CONTEXT(2) 
PARAMETRIC_REPRESENTATION_CONTEXT() REPRESENTATION_CONTEXT('2D SPACE',''
  ) );
#8733 = PCURVE('',#8462,#8734);
#8734 = DEFINITIONAL_REPRESENTATION('',(#8735),#8739);
#8735 = LINE('',#8736,#8737);
#8736 = CARTESIAN_POINT('',(-0.,0.));
#8737 = VECTOR('',#8738,1.);
#8738 = DIRECTION('',(-1.,0.));
#8739 = ( GEOMETRIC_REPRESENTATION_CONTEXT(2) 
PARAMETRIC_REPRESENTATION_CONTEXT() REPRESENTATION_CONTEXT('2D SPACE',''
  ) );
#8740 = ADVANCED_FACE('',(#8741),#8462,.T.);
#8741 = FACE_BOUND('',#8742,.F.);
#8742 = EDGE_LOOP('',(#8743,#8744,#8745,#8766));
#8743 = ORIENTED_EDGE('',*,*,#8444,.F.);
#8744 = ORIENTED_EDGE('',*,*,#8720,.T.);
#8745 = ORIENTED_EDGE('',*,*,#8746,.T.);
#8746 = EDGE_CURVE('',#8691,#8566,#8747,.T.);
#8747 = SURFACE_CURVE('',#8748,(#8752,#8759),.PCURVE_S1.);
#8748 = LINE('',#8749,#8750);
#8749 = CARTESIAN_POINT('',(108.,15.7,23.3));
#8750 = VECTOR('',#8751,1.);
#8751 = DIRECTION('',(1.,0.,0.));
#8752 = PCURVE('',#8462,#8753);
#8753 = DEFINITIONAL_REPRESENTATION('',(#8754),#8758);
#8754 = LINE('',#8755,#8756);
#8755 = CARTESIAN_POINT('',(-4.1,0.));
#8756 = VECTOR('',#8757,1.);
#8757 = DIRECTION('',(-0.,1.));
#8758 = ( GEOMETRIC_REPRESENTATION_CONTEXT(2) 
PARAMETRIC_REPRESENTATION_CONTEXT() REPRESENTATION_CONTEXT('2D SPACE',''
  ) );
#8759 = PCURVE('',#5517,#8760);
#8760 = DEFINITIONAL_REPRESENTATION('',(#8761),#8765);
#8761 = LINE('',#8762,#8763);
#8762 = CARTESIAN_POINT('',(-32.,14.3));
#8763 = VECTOR('',#8764,1.);
#8764 = DIRECTION('',(-1.,0.));
#8765 = ( GEOMETRIC_REPRESENTATION_CONTEXT(2) 
PARAMETRIC_REPRESENTATION_CONTEXT() REPRESENTATION_CONTEXT('2D SPACE',''
  ) );
#8766 = ORIENTED_EDGE('',*,*,#8595,.F.);
#8767 = ADVANCED_FACE('',(#8768),#8396,.F.);
#8768 = FACE_BOUND('',#8769,.T.);
#8769 = EDGE_LOOP('',(#8770,#8800,#8821,#8822));
#8770 = ORIENTED_EDGE('',*,*,#8771,.F.);
#8771 = EDGE_CURVE('',#8772,#8774,#8776,.T.);
#8772 = VERTEX_POINT('',#8773);
#8773 = CARTESIAN_POINT('',(108.,-15.7,23.3));
#8774 = VERTEX_POINT('',#8775);
#8775 = CARTESIAN_POINT('',(108.,-12.3,23.3));
#8776 = SURFACE_CURVE('',#8777,(#8782,#8789),.PCURVE_S1.);
#8777 = CIRCLE('',#8778,1.7);
#8778 = AXIS2_PLACEMENT_3D('',#8779,#8780,#8781);
#8779 = CARTESIAN_POINT('',(108.,-14.,23.3));
#8780 = DIRECTION('',(0.,0.,-1.));
#8781 = DIRECTION('',(1.,-0.,-0.));
#8782 = PCURVE('',#8396,#8783);
#8783 = DEFINITIONAL_REPRESENTATION('',(#8784),#8788);
#8784 = LINE('',#8785,#8786);
#8785 = CARTESIAN_POINT('',(-0.,4.1));
#8786 = VECTOR('',#8787,1.);
#8787 = DIRECTION('',(-1.,0.));
#8788 = ( GEOMETRIC_REPRESENTATION_CONTEXT(2) 
PARAMETRIC_REPRESENTATION_CONTEXT() REPRESENTATION_CONTEXT('2D SPACE',''
  ) );
#8789 = PCURVE('',#5517,#8790);
#8790 = DEFINITIONAL_REPRESENTATION('',(#8791),#8799);
#8791 = ( BOUNDED_CURVE() B_SPLINE_CURVE(2,(#8792,#8793,#8794,#8795,
#8796,#8797,#8798),.UNSPECIFIED.,.T.,.F.) B_SPLINE_CURVE_WITH_KNOTS((1,2
    ,2,2,2,1),(-2.094395102393,0.,2.094395102393,4.188790204786,
6.28318530718,8.377580409573),.UNSPECIFIED.) CURVE() 
GEOMETRIC_REPRESENTATION_ITEM() RATIONAL_B_SPLINE_CURVE((1.,0.5,1.,0.5,
1.,0.5,1.)) REPRESENTATION_ITEM('') );
#8792 = CARTESIAN_POINT('',(-33.7,44.));
#8793 = CARTESIAN_POINT('',(-33.7,46.944486372867));
#8794 = CARTESIAN_POINT('',(-31.15,45.472243186434));
#8795 = CARTESIAN_POINT('',(-28.6,44.));
#8796 = CARTESIAN_POINT('',(-31.15,42.527756813566));
#8797 = CARTESIAN_POINT('',(-33.7,41.055513627133));
#8798 = CARTESIAN_POINT('',(-33.7,44.));
#8799 = ( GEOMETRIC_REPRESENTATION_CONTEXT(2) 
PARAMETRIC_REPRESENTATION_CONTEXT() REPRESENTATION_CONTEXT('2D SPACE',''
  ) );
#8800 = ORIENTED_EDGE('',*,*,#8801,.F.);
#8801 = EDGE_CURVE('',#8293,#8772,#8802,.T.);
#8802 = SURFACE_CURVE('',#8803,(#8807,#8814),.PCURVE_S1.);
#8803 = LINE('',#8804,#8805);
#8804 = CARTESIAN_POINT('',(108.,-15.7,19.2));
#8805 = VECTOR('',#8806,1.);
#8806 = DIRECTION('',(0.,0.,1.));
#8807 = PCURVE('',#8396,#8808);
#8808 = DEFINITIONAL_REPRESENTATION('',(#8809),#8813);
#8809 = LINE('',#8810,#8811);
#8810 = CARTESIAN_POINT('',(-1.570796326795,0.));
#8811 = VECTOR('',#8812,1.);
#8812 = DIRECTION('',(-0.,1.));
#8813 = ( GEOMETRIC_REPRESENTATION_CONTEXT(2) 
PARAMETRIC_REPRESENTATION_CONTEXT() REPRESENTATION_CONTEXT('2D SPACE',''
  ) );
#8814 = PCURVE('',#8308,#8815);
#8815 = DEFINITIONAL_REPRESENTATION('',(#8816),#8820);
#8816 = LINE('',#8817,#8818);
#8817 = CARTESIAN_POINT('',(-0.,0.));
#8818 = VECTOR('',#8819,1.);
#8819 = DIRECTION('',(-1.,0.));
#8820 = ( GEOMETRIC_REPRESENTATION_CONTEXT(2) 
PARAMETRIC_REPRESENTATION_CONTEXT() REPRESENTATION_CONTEXT('2D SPACE',''
  ) );
#8821 = ORIENTED_EDGE('',*,*,#8377,.T.);
#8822 = ORIENTED_EDGE('',*,*,#8823,.T.);
#8823 = EDGE_CURVE('',#8350,#8774,#8824,.T.);
#8824 = SURFACE_CURVE('',#8825,(#8829,#8836),.PCURVE_S1.);
#8825 = LINE('',#8826,#8827);
#8826 = CARTESIAN_POINT('',(108.,-12.3,19.2));
#8827 = VECTOR('',#8828,1.);
#8828 = DIRECTION('',(0.,0.,1.));
#8829 = PCURVE('',#8396,#8830);
#8830 = DEFINITIONAL_REPRESENTATION('',(#8831),#8835);
#8831 = LINE('',#8832,#8833);
#8832 = CARTESIAN_POINT('',(-4.712388980385,0.));
#8833 = VECTOR('',#8834,1.);
#8834 = DIRECTION('',(-0.,1.));
#8835 = ( GEOMETRIC_REPRESENTATION_CONTEXT(2) 
PARAMETRIC_REPRESENTATION_CONTEXT() REPRESENTATION_CONTEXT('2D SPACE',''
  ) );
#8836 = PCURVE('',#8365,#8837);
#8837 = DEFINITIONAL_REPRESENTATION('',(#8838),#8842);
#8838 = LINE('',#8839,#8840);
#8839 = CARTESIAN_POINT('',(-0.,0.));
#8840 = VECTOR('',#8841,1.);
#8841 = DIRECTION('',(-1.,0.));
#8842 = ( GEOMETRIC_REPRESENTATION_CONTEXT(2) 
PARAMETRIC_REPRESENTATION_CONTEXT() REPRESENTATION_CONTEXT('2D SPACE',''
  ) );
#8843 = ADVANCED_FACE('',(#8844),#8365,.T.);
#8844 = FACE_BOUND('',#8845,.F.);
#8845 = EDGE_LOOP('',(#8846,#8847,#8848,#8871));
#8846 = ORIENTED_EDGE('',*,*,#8349,.F.);
#8847 = ORIENTED_EDGE('',*,*,#8823,.T.);
#8848 = ORIENTED_EDGE('',*,*,#8849,.T.);
#8849 = EDGE_CURVE('',#8774,#8850,#8852,.T.);
#8850 = VERTEX_POINT('',#8851);
#8851 = CARTESIAN_POINT('',(148.,-12.3,23.3));
#8852 = SURFACE_CURVE('',#8853,(#8857,#8864),.PCURVE_S1.);
#8853 = LINE('',#8854,#8855);
#8854 = CARTESIAN_POINT('',(108.,-12.3,23.3));
#8855 = VECTOR('',#8856,1.);
#8856 = DIRECTION('',(1.,0.,0.));
#8857 = PCURVE('',#8365,#8858);
#8858 = DEFINITIONAL_REPRESENTATION('',(#8859),#8863);
#8859 = LINE('',#8860,#8861);
#8860 = CARTESIAN_POINT('',(-4.1,0.));
#8861 = VECTOR('',#8862,1.);
#8862 = DIRECTION('',(-0.,1.));
#8863 = ( GEOMETRIC_REPRESENTATION_CONTEXT(2) 
PARAMETRIC_REPRESENTATION_CONTEXT() REPRESENTATION_CONTEXT('2D SPACE',''
  ) );
#8864 = PCURVE('',#5517,#8865);
#8865 = DEFINITIONAL_REPRESENTATION('',(#8866),#8870);
#8866 = LINE('',#8867,#8868);
#8867 = CARTESIAN_POINT('',(-32.,42.3));
#8868 = VECTOR('',#8869,1.);
#8869 = DIRECTION('',(-1.,0.));
#8870 = ( GEOMETRIC_REPRESENTATION_CONTEXT(2) 
PARAMETRIC_REPRESENTATION_CONTEXT() REPRESENTATION_CONTEXT('2D SPACE',''
  ) );
#8871 = ORIENTED_EDGE('',*,*,#8872,.F.);
#8872 = EDGE_CURVE('',#8321,#8850,#8873,.T.);
#8873 = SURFACE_CURVE('',#8874,(#8878,#8885),.PCURVE_S1.);
#8874 = LINE('',#8875,#8876);
#8875 = CARTESIAN_POINT('',(148.,-12.3,19.2));
#8876 = VECTOR('',#8877,1.);
#8877 = DIRECTION('',(0.,0.,1.));
#8878 = PCURVE('',#8365,#8879);
#8879 = DEFINITIONAL_REPRESENTATION('',(#8880),#8884);
#8880 = LINE('',#8881,#8882);
#8881 = CARTESIAN_POINT('',(-0.,40.));
#8882 = VECTOR('',#8883,1.);
#8883 = DIRECTION('',(-1.,0.));
#8884 = ( GEOMETRIC_REPRESENTATION_CONTEXT(2) 
PARAMETRIC_REPRESENTATION_CONTEXT() REPRESENTATION_CONTEXT('2D SPACE',''
  ) );
#8885 = PCURVE('',#8337,#8886);
#8886 = DEFINITIONAL_REPRESENTATION('',(#8887),#8891);
#8887 = LINE('',#8888,#8889);
#8888 = CARTESIAN_POINT('',(-4.712388980385,0.));
#8889 = VECTOR('',#8890,1.);
#8890 = DIRECTION('',(-0.,1.));
#8891 = ( GEOMETRIC_REPRESENTATION_CONTEXT(2) 
PARAMETRIC_REPRESENTATION_CONTEXT() REPRESENTATION_CONTEXT('2D SPACE',''
  ) );
#8892 = ADVANCED_FACE('',(#8893),#8337,.F.);
#8893 = FACE_BOUND('',#8894,.T.);
#8894 = EDGE_LOOP('',(#8895,#8923,#8924,#8925));
#8895 = ORIENTED_EDGE('',*,*,#8896,.F.);
#8896 = EDGE_CURVE('',#8850,#8897,#8899,.T.);
#8897 = VERTEX_POINT('',#8898);
#8898 = CARTESIAN_POINT('',(148.,-15.7,23.3));
#8899 = SURFACE_CURVE('',#8900,(#8905,#8912),.PCURVE_S1.);
#8900 = CIRCLE('',#8901,1.7);
#8901 = AXIS2_PLACEMENT_3D('',#8902,#8903,#8904);
#8902 = CARTESIAN_POINT('',(148.,-14.,23.3));
#8903 = DIRECTION('',(0.,0.,-1.));
#8904 = DIRECTION('',(0.,1.,0.));
#8905 = PCURVE('',#8337,#8906);
#8906 = DEFINITIONAL_REPRESENTATION('',(#8907),#8911);
#8907 = LINE('',#8908,#8909);
#8908 = CARTESIAN_POINT('',(-4.712388980385,4.1));
#8909 = VECTOR('',#8910,1.);
#8910 = DIRECTION('',(-1.,0.));
#8911 = ( GEOMETRIC_REPRESENTATION_CONTEXT(2) 
PARAMETRIC_REPRESENTATION_CONTEXT() REPRESENTATION_CONTEXT('2D SPACE',''
  ) );
#8912 = PCURVE('',#5517,#8913);
#8913 = DEFINITIONAL_REPRESENTATION('',(#8914),#8922);
#8914 = ( BOUNDED_CURVE() B_SPLINE_CURVE(2,(#8915,#8916,#8917,#8918,
#8919,#8920,#8921),.UNSPECIFIED.,.T.,.F.) B_SPLINE_CURVE_WITH_KNOTS((1,2
    ,2,2,2,1),(-2.094395102393,0.,2.094395102393,4.188790204786,
6.28318530718,8.377580409573),.UNSPECIFIED.) CURVE() 
GEOMETRIC_REPRESENTATION_ITEM() RATIONAL_B_SPLINE_CURVE((1.,0.5,1.,0.5,
1.,0.5,1.)) REPRESENTATION_ITEM('') );
#8915 = CARTESIAN_POINT('',(-72.,42.3));
#8916 = CARTESIAN_POINT('',(-74.94448637286,42.3));
#8917 = CARTESIAN_POINT('',(-73.47224318643,44.85));
#8918 = CARTESIAN_POINT('',(-72.,47.4));
#8919 = CARTESIAN_POINT('',(-70.52775681356,44.85));
#8920 = CARTESIAN_POINT('',(-69.05551362713,42.3));
#8921 = CARTESIAN_POINT('',(-72.,42.3));
#8922 = ( GEOMETRIC_REPRESENTATION_CONTEXT(2) 
PARAMETRIC_REPRESENTATION_CONTEXT() REPRESENTATION_CONTEXT('2D SPACE',''
  ) );
#8923 = ORIENTED_EDGE('',*,*,#8872,.F.);
#8924 = ORIENTED_EDGE('',*,*,#8320,.F.);
#8925 = ORIENTED_EDGE('',*,*,#8926,.T.);
#8926 = EDGE_CURVE('',#8291,#8897,#8927,.T.);
#8927 = SURFACE_CURVE('',#8928,(#8932,#8939),.PCURVE_S1.);
#8928 = LINE('',#8929,#8930);
#8929 = CARTESIAN_POINT('',(148.,-15.7,19.2));
#8930 = VECTOR('',#8931,1.);
#8931 = DIRECTION('',(0.,0.,1.));
#8932 = PCURVE('',#8337,#8933);
#8933 = DEFINITIONAL_REPRESENTATION('',(#8934),#8938);
#8934 = LINE('',#8935,#8936);
#8935 = CARTESIAN_POINT('',(-7.853981633974,0.));
#8936 = VECTOR('',#8937,1.);
#8937 = DIRECTION('',(-0.,1.));
#8938 = ( GEOMETRIC_REPRESENTATION_CONTEXT(2) 
PARAMETRIC_REPRESENTATION_CONTEXT() REPRESENTATION_CONTEXT('2D SPACE',''
  ) );
#8939 = PCURVE('',#8308,#8940);
#8940 = DEFINITIONAL_REPRESENTATION('',(#8941),#8945);
#8941 = LINE('',#8942,#8943);
#8942 = CARTESIAN_POINT('',(-0.,40.));
#8943 = VECTOR('',#8944,1.);
#8944 = DIRECTION('',(-1.,0.));
#8945 = ( GEOMETRIC_REPRESENTATION_CONTEXT(2) 
PARAMETRIC_REPRESENTATION_CONTEXT() REPRESENTATION_CONTEXT('2D SPACE',''
  ) );
#8946 = ADVANCED_FACE('',(#8947),#8308,.F.);
#8947 = FACE_BOUND('',#8948,.T.);
#8948 = EDGE_LOOP('',(#8949,#8950,#8951,#8972));
#8949 = ORIENTED_EDGE('',*,*,#8290,.T.);
#8950 = ORIENTED_EDGE('',*,*,#8801,.T.);
#8951 = ORIENTED_EDGE('',*,*,#8952,.F.);
#8952 = EDGE_CURVE('',#8897,#8772,#8953,.T.);
#8953 = SURFACE_CURVE('',#8954,(#8958,#8965),.PCURVE_S1.);
#8954 = LINE('',#8955,#8956);
#8955 = CARTESIAN_POINT('',(148.,-15.7,23.3));
#8956 = VECTOR('',#8957,1.);
#8957 = DIRECTION('',(-1.,0.,0.));
#8958 = PCURVE('',#8308,#8959);
#8959 = DEFINITIONAL_REPRESENTATION('',(#8960),#8964);
#8960 = LINE('',#8961,#8962);
#8961 = CARTESIAN_POINT('',(-4.1,40.));
#8962 = VECTOR('',#8963,1.);
#8963 = DIRECTION('',(-0.,-1.));
#8964 = ( GEOMETRIC_REPRESENTATION_CONTEXT(2) 
PARAMETRIC_REPRESENTATION_CONTEXT() REPRESENTATION_CONTEXT('2D SPACE',''
  ) );
#8965 = PCURVE('',#5517,#8966);
#8966 = DEFINITIONAL_REPRESENTATION('',(#8967),#8971);
#8967 = LINE('',#8968,#8969);
#8968 = CARTESIAN_POINT('',(-72.,45.7));
#8969 = VECTOR('',#8970,1.);
#8970 = DIRECTION('',(1.,-0.));
#8971 = ( GEOMETRIC_REPRESENTATION_CONTEXT(2) 
PARAMETRIC_REPRESENTATION_CONTEXT() REPRESENTATION_CONTEXT('2D SPACE',''
  ) );
#8972 = ORIENTED_EDGE('',*,*,#8926,.F.);
#8973 = ADVANCED_FACE('',(#8974),#6072,.F.);
#8974 = FACE_BOUND('',#8975,.T.);
#8975 = EDGE_LOOP('',(#8976,#8977,#8978,#8999));
#8976 = ORIENTED_EDGE('',*,*,#8417,.F.);
#8977 = ORIENTED_EDGE('',*,*,#6058,.T.);
#8978 = ORIENTED_EDGE('',*,*,#8979,.T.);
#8979 = EDGE_CURVE('',#5910,#8222,#8980,.T.);
#8980 = SURFACE_CURVE('',#8981,(#8985,#8992),.PCURVE_S1.);
#8981 = LINE('',#8982,#8983);
#8982 = CARTESIAN_POINT('',(114.,29.,23.3));
#8983 = VECTOR('',#8984,1.);
#8984 = DIRECTION('',(1.,0.,0.));
#8985 = PCURVE('',#6072,#8986);
#8986 = DEFINITIONAL_REPRESENTATION('',(#8987),#8991);
#8987 = LINE('',#8988,#8989);
#8988 = CARTESIAN_POINT('',(-4.,0.));
#8989 = VECTOR('',#8990,1.);
#8990 = DIRECTION('',(-0.,1.));
#8991 = ( GEOMETRIC_REPRESENTATION_CONTEXT(2) 
PARAMETRIC_REPRESENTATION_CONTEXT() REPRESENTATION_CONTEXT('2D SPACE',''
  ) );
#8992 = PCURVE('',#5517,#8993);
#8993 = DEFINITIONAL_REPRESENTATION('',(#8994),#8998);
#8994 = LINE('',#8995,#8996);
#8995 = CARTESIAN_POINT('',(-38.,1.));
#8996 = VECTOR('',#8997,1.);
#8997 = DIRECTION('',(-1.,0.));
#8998 = ( GEOMETRIC_REPRESENTATION_CONTEXT(2) 
PARAMETRIC_REPRESENTATION_CONTEXT() REPRESENTATION_CONTEXT('2D SPACE',''
  ) );
#8999 = ORIENTED_EDGE('',*,*,#8219,.F.);
#9000 = ADVANCED_FACE('',(#9001),#5573,.F.);
#9001 = FACE_BOUND('',#9002,.T.);
#9002 = EDGE_LOOP('',(#9003,#9024,#9025,#9026));
#9003 = ORIENTED_EDGE('',*,*,#9004,.T.);
#9004 = EDGE_CURVE('',#5934,#5558,#9005,.T.);
#9005 = SURFACE_CURVE('',#9006,(#9010,#9017),.PCURVE_S1.);
#9006 = LINE('',#9007,#9008);
#9007 = CARTESIAN_POINT('',(75.5,12.724264068712,4.3));
#9008 = VECTOR('',#9009,1.);
#9009 = DIRECTION('',(-1.,-0.,0.));
#9010 = PCURVE('',#5573,#9011);
#9011 = DEFINITIONAL_REPRESENTATION('',(#9012),#9016);
#9012 = LINE('',#9013,#9014);
#9013 = CARTESIAN_POINT('',(0.5,17.275735931288));
#9014 = VECTOR('',#9015,1.);
#9015 = DIRECTION('',(1.,-0.));
#9016 = ( GEOMETRIC_REPRESENTATION_CONTEXT(2) 
PARAMETRIC_REPRESENTATION_CONTEXT() REPRESENTATION_CONTEXT('2D SPACE',''
  ) );
#9017 = PCURVE('',#5601,#9018);
#9018 = DEFINITIONAL_REPRESENTATION('',(#9019),#9023);
#9019 = LINE('',#9020,#9021);
#9020 = CARTESIAN_POINT('',(-11.31370849898,-0.5));
#9021 = VECTOR('',#9022,1.);
#9022 = DIRECTION('',(-0.,1.));
#9023 = ( GEOMETRIC_REPRESENTATION_CONTEXT(2) 
PARAMETRIC_REPRESENTATION_CONTEXT() REPRESENTATION_CONTEXT('2D SPACE',''
  ) );
#9024 = ORIENTED_EDGE('',*,*,#5557,.F.);
#9025 = ORIENTED_EDGE('',*,*,#5833,.T.);
#9026 = ORIENTED_EDGE('',*,*,#5933,.T.);
#9027 = ADVANCED_FACE('',(#9028),#5601,.T.);
#9028 = FACE_BOUND('',#9029,.F.);
#9029 = EDGE_LOOP('',(#9030,#9031,#9052,#9053));
#9030 = ORIENTED_EDGE('',*,*,#5585,.T.);
#9031 = ORIENTED_EDGE('',*,*,#9032,.T.);
#9032 = EDGE_CURVE('',#5586,#5957,#9033,.T.);
#9033 = SURFACE_CURVE('',#9034,(#9038,#9045),.PCURVE_S1.);
#9034 = LINE('',#9035,#9036);
#9035 = CARTESIAN_POINT('',(75.,20.724264068712,12.3));
#9036 = VECTOR('',#9037,1.);
#9037 = DIRECTION('',(1.,-0.,-0.));
#9038 = PCURVE('',#5601,#9039);
#9039 = DEFINITIONAL_REPRESENTATION('',(#9040),#9044);
#9040 = LINE('',#9041,#9042);
#9041 = CARTESIAN_POINT('',(-0.,-0.));
#9042 = VECTOR('',#9043,1.);
#9043 = DIRECTION('',(-0.,-1.));
#9044 = ( GEOMETRIC_REPRESENTATION_CONTEXT(2) 
PARAMETRIC_REPRESENTATION_CONTEXT() REPRESENTATION_CONTEXT('2D SPACE',''
  ) );
#9045 = PCURVE('',#5629,#9046);
#9046 = DEFINITIONAL_REPRESENTATION('',(#9047),#9051);
#9047 = LINE('',#9048,#9049);
#9048 = CARTESIAN_POINT('',(-41.44852813742,0.));
#9049 = VECTOR('',#9050,1.);
#9050 = DIRECTION('',(-0.,-1.));
#9051 = ( GEOMETRIC_REPRESENTATION_CONTEXT(2) 
PARAMETRIC_REPRESENTATION_CONTEXT() REPRESENTATION_CONTEXT('2D SPACE',''
  ) );
#9052 = ORIENTED_EDGE('',*,*,#5956,.F.);
#9053 = ORIENTED_EDGE('',*,*,#9004,.T.);
#9054 = ADVANCED_FACE('',(#9055,#9089),#5629,.T.);
#9055 = FACE_BOUND('',#9056,.F.);
#9056 = EDGE_LOOP('',(#9057,#9058,#9059,#9080,#9081,#9082,#9083,#9084,
    #9085,#9086,#9087,#9088));
#9057 = ORIENTED_EDGE('',*,*,#9032,.F.);
#9058 = ORIENTED_EDGE('',*,*,#5613,.T.);
#9059 = ORIENTED_EDGE('',*,*,#9060,.T.);
#9060 = EDGE_CURVE('',#5614,#6633,#9061,.T.);
#9061 = SURFACE_CURVE('',#9062,(#9066,#9073),.PCURVE_S1.);
#9062 = LINE('',#9063,#9064);
#9063 = CARTESIAN_POINT('',(75.,-20.72426406871,12.3));
#9064 = VECTOR('',#9065,1.);
#9065 = DIRECTION('',(1.,-0.,-0.));
#9066 = PCURVE('',#5629,#9067);
#9067 = DEFINITIONAL_REPRESENTATION('',(#9068),#9072);
#9068 = LINE('',#9069,#9070);
#9069 = CARTESIAN_POINT('',(-0.,0.));
#9070 = VECTOR('',#9071,1.);
#9071 = DIRECTION('',(-0.,-1.));
#9072 = ( GEOMETRIC_REPRESENTATION_CONTEXT(2) 
PARAMETRIC_REPRESENTATION_CONTEXT() REPRESENTATION_CONTEXT('2D SPACE',''
  ) );
#9073 = PCURVE('',#5657,#9074);
#9074 = DEFINITIONAL_REPRESENTATION('',(#9075),#9079);
#9075 = LINE('',#9076,#9077);
#9076 = CARTESIAN_POINT('',(-14.56639969244,0.));
#9077 = VECTOR('',#9078,1.);
#9078 = DIRECTION('',(-0.,-1.));
#9079 = ( GEOMETRIC_REPRESENTATION_CONTEXT(2) 
PARAMETRIC_REPRESENTATION_CONTEXT() REPRESENTATION_CONTEXT('2D SPACE',''
  ) );
#9080 = ORIENTED_EDGE('',*,*,#6632,.F.);
#9081 = ORIENTED_EDGE('',*,*,#6555,.F.);
#9082 = ORIENTED_EDGE('',*,*,#6529,.T.);
#9083 = ORIENTED_EDGE('',*,*,#6397,.T.);
#9084 = ORIENTED_EDGE('',*,*,#6322,.F.);
#9085 = ORIENTED_EDGE('',*,*,#6245,.F.);
#9086 = ORIENTED_EDGE('',*,*,#6219,.T.);
#9087 = ORIENTED_EDGE('',*,*,#6087,.T.);
#9088 = ORIENTED_EDGE('',*,*,#5979,.F.);
#9089 = FACE_BOUND('',#9090,.F.);
#9090 = EDGE_LOOP('',(#9091));
#9091 = ORIENTED_EDGE('',*,*,#9092,.T.);
#9092 = EDGE_CURVE('',#9093,#9093,#9095,.T.);
#9093 = VERTEX_POINT('',#9094);
#9094 = CARTESIAN_POINT('',(94.5,1.592040838892E-15,12.3));
#9095 = SURFACE_CURVE('',#9096,(#9101,#9108),.PCURVE_S1.);
#9096 = CIRCLE('',#9097,6.5);
#9097 = AXIS2_PLACEMENT_3D('',#9098,#9099,#9100);
#9098 = CARTESIAN_POINT('',(88.,0.,12.3));
#9099 = DIRECTION('',(0.,0.,-1.));
#9100 = DIRECTION('',(1.,-0.,-0.));
#9101 = PCURVE('',#5629,#9102);
#9102 = DEFINITIONAL_REPRESENTATION('',(#9103),#9107);
#9103 = CIRCLE('',#9104,6.5);
#9104 = AXIS2_PLACEMENT_2D('',#9105,#9106);
#9105 = CARTESIAN_POINT('',(-20.72426406871,-13.));
#9106 = DIRECTION('',(-0.,-1.));
#9107 = ( GEOMETRIC_REPRESENTATION_CONTEXT(2) 
PARAMETRIC_REPRESENTATION_CONTEXT() REPRESENTATION_CONTEXT('2D SPACE',''
  ) );
#9108 = PCURVE('',#9109,#9114);
#9109 = CYLINDRICAL_SURFACE('',#9110,6.5);
#9110 = AXIS2_PLACEMENT_3D('',#9111,#9112,#9113);
#9111 = CARTESIAN_POINT('',(88.,0.,0.));
#9112 = DIRECTION('',(-0.,-0.,1.));
#9113 = DIRECTION('',(1.,-0.,-0.));
#9114 = DEFINITIONAL_REPRESENTATION('',(#9115),#9119);
#9115 = LINE('',#9116,#9117);
#9116 = CARTESIAN_POINT('',(-0.,12.3));
#9117 = VECTOR('',#9118,1.);
#9118 = DIRECTION('',(-1.,0.));
#9119 = ( GEOMETRIC_REPRESENTATION_CONTEXT(2) 
PARAMETRIC_REPRESENTATION_CONTEXT() REPRESENTATION_CONTEXT('2D SPACE',''
  ) );
#9120 = ADVANCED_FACE('',(#9121),#9109,.F.);
#9121 = FACE_BOUND('',#9122,.T.);
#9122 = EDGE_LOOP('',(#9123,#9146,#9177,#9178));
#9123 = ORIENTED_EDGE('',*,*,#9124,.T.);
#9124 = EDGE_CURVE('',#9093,#9125,#9127,.T.);
#9125 = VERTEX_POINT('',#9126);
#9126 = CARTESIAN_POINT('',(94.5,1.592040838892E-15,19.3));
#9127 = SEAM_CURVE('',#9128,(#9132,#9139),.PCURVE_S1.);
#9128 = LINE('',#9129,#9130);
#9129 = CARTESIAN_POINT('',(94.5,1.592040838892E-15,0.));
#9130 = VECTOR('',#9131,1.);
#9131 = DIRECTION('',(-0.,-0.,1.));
#9132 = PCURVE('',#9109,#9133);
#9133 = DEFINITIONAL_REPRESENTATION('',(#9134),#9138);
#9134 = LINE('',#9135,#9136);
#9135 = CARTESIAN_POINT('',(-6.28318530718,-0.));
#9136 = VECTOR('',#9137,1.);
#9137 = DIRECTION('',(-0.,1.));
#9138 = ( GEOMETRIC_REPRESENTATION_CONTEXT(2) 
PARAMETRIC_REPRESENTATION_CONTEXT() REPRESENTATION_CONTEXT('2D SPACE',''
  ) );
#9139 = PCURVE('',#9109,#9140);
#9140 = DEFINITIONAL_REPRESENTATION('',(#9141),#9145);
#9141 = LINE('',#9142,#9143);
#9142 = CARTESIAN_POINT('',(-0.,-0.));
#9143 = VECTOR('',#9144,1.);
#9144 = DIRECTION('',(-0.,1.));
#9145 = ( GEOMETRIC_REPRESENTATION_CONTEXT(2) 
PARAMETRIC_REPRESENTATION_CONTEXT() REPRESENTATION_CONTEXT('2D SPACE',''
  ) );
#9146 = ORIENTED_EDGE('',*,*,#9147,.F.);
#9147 = EDGE_CURVE('',#9125,#9125,#9148,.T.);
#9148 = SURFACE_CURVE('',#9149,(#9154,#9161),.PCURVE_S1.);
#9149 = CIRCLE('',#9150,6.5);
#9150 = AXIS2_PLACEMENT_3D('',#9151,#9152,#9153);
#9151 = CARTESIAN_POINT('',(88.,0.,19.3));
#9152 = DIRECTION('',(0.,0.,-1.));
#9153 = DIRECTION('',(1.,-0.,-0.));
#9154 = PCURVE('',#9109,#9155);
#9155 = DEFINITIONAL_REPRESENTATION('',(#9156),#9160);
#9156 = LINE('',#9157,#9158);
#9157 = CARTESIAN_POINT('',(-0.,19.3));
#9158 = VECTOR('',#9159,1.);
#9159 = DIRECTION('',(-1.,0.));
#9160 = ( GEOMETRIC_REPRESENTATION_CONTEXT(2) 
PARAMETRIC_REPRESENTATION_CONTEXT() REPRESENTATION_CONTEXT('2D SPACE',''
  ) );
#9161 = PCURVE('',#9162,#9167);
#9162 = PLANE('',#9163);
#9163 = AXIS2_PLACEMENT_3D('',#9164,#9165,#9166);
#9164 = CARTESIAN_POINT('',(88.,0.,19.3));
#9165 = DIRECTION('',(-0.,-0.,1.));
#9166 = DIRECTION('',(-1.,0.,0.));
#9167 = DEFINITIONAL_REPRESENTATION('',(#9168),#9176);
#9168 = ( BOUNDED_CURVE() B_SPLINE_CURVE(2,(#9169,#9170,#9171,#9172,
#9173,#9174,#9175),.UNSPECIFIED.,.T.,.F.) B_SPLINE_CURVE_WITH_KNOTS((1,2
    ,2,2,2,1),(-2.094395102393,0.,2.094395102393,4.188790204786,
6.28318530718,8.377580409573),.UNSPECIFIED.) CURVE() 
GEOMETRIC_REPRESENTATION_ITEM() RATIONAL_B_SPLINE_CURVE((1.,0.5,1.,0.5,
1.,0.5,1.)) REPRESENTATION_ITEM('') );
#9169 = CARTESIAN_POINT('',(-6.5,0.));
#9170 = CARTESIAN_POINT('',(-6.5,11.258330249198));
#9171 = CARTESIAN_POINT('',(3.25,5.629165124599));
#9172 = CARTESIAN_POINT('',(13.,1.592040838892E-15));
#9173 = CARTESIAN_POINT('',(3.25,-5.629165124599));
#9174 = CARTESIAN_POINT('',(-6.5,-11.25833024919));
#9175 = CARTESIAN_POINT('',(-6.5,0.));
#9176 = ( GEOMETRIC_REPRESENTATION_CONTEXT(2) 
PARAMETRIC_REPRESENTATION_CONTEXT() REPRESENTATION_CONTEXT('2D SPACE',''
  ) );
#9177 = ORIENTED_EDGE('',*,*,#9124,.F.);
#9178 = ORIENTED_EDGE('',*,*,#9092,.T.);
#9179 = ADVANCED_FACE('',(#9180,#9183),#9162,.F.);
#9180 = FACE_BOUND('',#9181,.T.);
#9181 = EDGE_LOOP('',(#9182));
#9182 = ORIENTED_EDGE('',*,*,#9147,.T.);
#9183 = FACE_BOUND('',#9184,.T.);
#9184 = EDGE_LOOP('',(#9185));
#9185 = ORIENTED_EDGE('',*,*,#9186,.F.);
#9186 = EDGE_CURVE('',#9187,#9187,#9189,.T.);
#9187 = VERTEX_POINT('',#9188);
#9188 = CARTESIAN_POINT('',(91.4,8.327598234202E-16,19.3));
#9189 = SURFACE_CURVE('',#9190,(#9195,#9206),.PCURVE_S1.);
#9190 = CIRCLE('',#9191,3.4);
#9191 = AXIS2_PLACEMENT_3D('',#9192,#9193,#9194);
#9192 = CARTESIAN_POINT('',(88.,0.,19.3));
#9193 = DIRECTION('',(0.,0.,-1.));
#9194 = DIRECTION('',(1.,-0.,-0.));
#9195 = PCURVE('',#9162,#9196);
#9196 = DEFINITIONAL_REPRESENTATION('',(#9197),#9205);
#9197 = ( BOUNDED_CURVE() B_SPLINE_CURVE(2,(#9198,#9199,#9200,#9201,
#9202,#9203,#9204),.UNSPECIFIED.,.T.,.F.) B_SPLINE_CURVE_WITH_KNOTS((1,2
    ,2,2,2,1),(-2.094395102393,0.,2.094395102393,4.188790204786,
6.28318530718,8.377580409573),.UNSPECIFIED.) CURVE() 
GEOMETRIC_REPRESENTATION_ITEM() RATIONAL_B_SPLINE_CURVE((1.,0.5,1.,0.5,
1.,0.5,1.)) REPRESENTATION_ITEM('') );
#9198 = CARTESIAN_POINT('',(-3.4,0.));
#9199 = CARTESIAN_POINT('',(-3.4,5.888972745734));
#9200 = CARTESIAN_POINT('',(1.7,2.944486372867));
#9201 = CARTESIAN_POINT('',(6.8,8.327598234202E-16));
#9202 = CARTESIAN_POINT('',(1.7,-2.944486372867));
#9203 = CARTESIAN_POINT('',(-3.4,-5.888972745734));
#9204 = CARTESIAN_POINT('',(-3.4,0.));
#9205 = ( GEOMETRIC_REPRESENTATION_CONTEXT(2) 
PARAMETRIC_REPRESENTATION_CONTEXT() REPRESENTATION_CONTEXT('2D SPACE',''
  ) );
#9206 = PCURVE('',#9207,#9212);
#9207 = CYLINDRICAL_SURFACE('',#9208,3.4);
#9208 = AXIS2_PLACEMENT_3D('',#9209,#9210,#9211);
#9209 = CARTESIAN_POINT('',(88.,0.,0.));
#9210 = DIRECTION('',(-0.,-0.,1.));
#9211 = DIRECTION('',(1.,-0.,-0.));
#9212 = DEFINITIONAL_REPRESENTATION('',(#9213),#9217);
#9213 = LINE('',#9214,#9215);
#9214 = CARTESIAN_POINT('',(-0.,19.3));
#9215 = VECTOR('',#9216,1.);
#9216 = DIRECTION('',(-1.,0.));
#9217 = ( GEOMETRIC_REPRESENTATION_CONTEXT(2) 
PARAMETRIC_REPRESENTATION_CONTEXT() REPRESENTATION_CONTEXT('2D SPACE',''
  ) );
#9218 = ADVANCED_FACE('',(#9219),#9207,.F.);
#9219 = FACE_BOUND('',#9220,.T.);
#9220 = EDGE_LOOP('',(#9221,#9244,#9270,#9271));
#9221 = ORIENTED_EDGE('',*,*,#9222,.T.);
#9222 = EDGE_CURVE('',#9187,#9223,#9225,.T.);
#9223 = VERTEX_POINT('',#9224);
#9224 = CARTESIAN_POINT('',(91.4,8.327598234202E-16,23.3));
#9225 = SEAM_CURVE('',#9226,(#9230,#9237),.PCURVE_S1.);
#9226 = LINE('',#9227,#9228);
#9227 = CARTESIAN_POINT('',(91.4,8.327598234202E-16,0.));
#9228 = VECTOR('',#9229,1.);
#9229 = DIRECTION('',(-0.,-0.,1.));
#9230 = PCURVE('',#9207,#9231);
#9231 = DEFINITIONAL_REPRESENTATION('',(#9232),#9236);
#9232 = LINE('',#9233,#9234);
#9233 = CARTESIAN_POINT('',(-6.28318530718,-0.));
#9234 = VECTOR('',#9235,1.);
#9235 = DIRECTION('',(-0.,1.));
#9236 = ( GEOMETRIC_REPRESENTATION_CONTEXT(2) 
PARAMETRIC_REPRESENTATION_CONTEXT() REPRESENTATION_CONTEXT('2D SPACE',''
  ) );
#9237 = PCURVE('',#9207,#9238);
#9238 = DEFINITIONAL_REPRESENTATION('',(#9239),#9243);
#9239 = LINE('',#9240,#9241);
#9240 = CARTESIAN_POINT('',(-0.,-0.));
#9241 = VECTOR('',#9242,1.);
#9242 = DIRECTION('',(-0.,1.));
#9243 = ( GEOMETRIC_REPRESENTATION_CONTEXT(2) 
PARAMETRIC_REPRESENTATION_CONTEXT() REPRESENTATION_CONTEXT('2D SPACE',''
  ) );
#9244 = ORIENTED_EDGE('',*,*,#9245,.F.);
#9245 = EDGE_CURVE('',#9223,#9223,#9246,.T.);
#9246 = SURFACE_CURVE('',#9247,(#9252,#9259),.PCURVE_S1.);
#9247 = CIRCLE('',#9248,3.4);
#9248 = AXIS2_PLACEMENT_3D('',#9249,#9250,#9251);
#9249 = CARTESIAN_POINT('',(88.,0.,23.3));
#9250 = DIRECTION('',(0.,0.,-1.));
#9251 = DIRECTION('',(1.,-0.,-0.));
#9252 = PCURVE('',#9207,#9253);
#9253 = DEFINITIONAL_REPRESENTATION('',(#9254),#9258);
#9254 = LINE('',#9255,#9256);
#9255 = CARTESIAN_POINT('',(-0.,23.3));
#9256 = VECTOR('',#9257,1.);
#9257 = DIRECTION('',(-1.,0.));
#9258 = ( GEOMETRIC_REPRESENTATION_CONTEXT(2) 
PARAMETRIC_REPRESENTATION_CONTEXT() REPRESENTATION_CONTEXT('2D SPACE',''
  ) );
#9259 = PCURVE('',#5517,#9260);
#9260 = DEFINITIONAL_REPRESENTATION('',(#9261),#9269);
#9261 = ( BOUNDED_CURVE() B_SPLINE_CURVE(2,(#9262,#9263,#9264,#9265,
#9266,#9267,#9268),.UNSPECIFIED.,.T.,.F.) B_SPLINE_CURVE_WITH_KNOTS((1,2
    ,2,2,2,1),(-2.094395102393,0.,2.094395102393,4.188790204786,
6.28318530718,8.377580409573),.UNSPECIFIED.) CURVE() 
GEOMETRIC_REPRESENTATION_ITEM() RATIONAL_B_SPLINE_CURVE((1.,0.5,1.,0.5,
1.,0.5,1.)) REPRESENTATION_ITEM('') );
#9262 = CARTESIAN_POINT('',(-15.4,30.));
#9263 = CARTESIAN_POINT('',(-15.4,35.888972745734));
#9264 = CARTESIAN_POINT('',(-10.3,32.944486372867));
#9265 = CARTESIAN_POINT('',(-5.2,30.));
#9266 = CARTESIAN_POINT('',(-10.3,27.055513627133));
#9267 = CARTESIAN_POINT('',(-15.4,24.111027254266));
#9268 = CARTESIAN_POINT('',(-15.4,30.));
#9269 = ( GEOMETRIC_REPRESENTATION_CONTEXT(2) 
PARAMETRIC_REPRESENTATION_CONTEXT() REPRESENTATION_CONTEXT('2D SPACE',''
  ) );
#9270 = ORIENTED_EDGE('',*,*,#9222,.F.);
#9271 = ORIENTED_EDGE('',*,*,#9186,.T.);
#9272 = ADVANCED_FACE('',(#9273,#9299),#5657,.T.);
#9273 = FACE_BOUND('',#9274,.F.);
#9274 = EDGE_LOOP('',(#9275,#9276,#9277,#9298));
#9275 = ORIENTED_EDGE('',*,*,#9060,.F.);
#9276 = ORIENTED_EDGE('',*,*,#5641,.T.);
#9277 = ORIENTED_EDGE('',*,*,#9278,.T.);
#9278 = EDGE_CURVE('',#5642,#6656,#9279,.T.);
#9279 = SURFACE_CURVE('',#9280,(#9284,#9291),.PCURVE_S1.);
#9280 = LINE('',#9281,#9282);
#9281 = CARTESIAN_POINT('',(75.5,-12.72426406871,4.3));
#9282 = VECTOR('',#9283,1.);
#9283 = DIRECTION('',(1.,-0.,-0.));
#9284 = PCURVE('',#5657,#9285);
#9285 = DEFINITIONAL_REPRESENTATION('',(#9286),#9290);
#9286 = LINE('',#9287,#9288);
#9287 = CARTESIAN_POINT('',(-3.252691193458,-0.5));
#9288 = VECTOR('',#9289,1.);
#9289 = DIRECTION('',(-0.,-1.));
#9290 = ( GEOMETRIC_REPRESENTATION_CONTEXT(2) 
PARAMETRIC_REPRESENTATION_CONTEXT() REPRESENTATION_CONTEXT('2D SPACE',''
  ) );
#9291 = PCURVE('',#5685,#9292);
#9292 = DEFINITIONAL_REPRESENTATION('',(#9293),#9297);
#9293 = LINE('',#9294,#9295);
#9294 = CARTESIAN_POINT('',(0.5,42.724264068712));
#9295 = VECTOR('',#9296,1.);
#9296 = DIRECTION('',(-1.,0.));
#9297 = ( GEOMETRIC_REPRESENTATION_CONTEXT(2) 
PARAMETRIC_REPRESENTATION_CONTEXT() REPRESENTATION_CONTEXT('2D SPACE',''
  ) );
#9298 = ORIENTED_EDGE('',*,*,#6655,.F.);
#9299 = FACE_BOUND('',#9300,.F.);
#9300 = EDGE_LOOP('',(#9301,#9302,#9303,#9304));
#9301 = ORIENTED_EDGE('',*,*,#7912,.T.);
#9302 = ORIENTED_EDGE('',*,*,#7814,.T.);
#9303 = ORIENTED_EDGE('',*,*,#7765,.F.);
#9304 = ORIENTED_EDGE('',*,*,#7863,.F.);
#9305 = ADVANCED_FACE('',(#9306),#5685,.F.);
#9306 = FACE_BOUND('',#9307,.T.);
#9307 = EDGE_LOOP('',(#9308,#9329,#9330,#9331,#9332,#9333,#9334,#9335));
#9308 = ORIENTED_EDGE('',*,*,#9309,.F.);
#9309 = EDGE_CURVE('',#5670,#8016,#9310,.T.);
#9310 = SURFACE_CURVE('',#9311,(#9315,#9322),.PCURVE_S1.);
#9311 = LINE('',#9312,#9313);
#9312 = CARTESIAN_POINT('',(76.,-30.,4.3));
#9313 = VECTOR('',#9314,1.);
#9314 = DIRECTION('',(1.,0.,0.));
#9315 = PCURVE('',#5685,#9316);
#9316 = DEFINITIONAL_REPRESENTATION('',(#9317),#9321);
#9317 = LINE('',#9318,#9319);
#9318 = CARTESIAN_POINT('',(-0.,60.));
#9319 = VECTOR('',#9320,1.);
#9320 = DIRECTION('',(-1.,0.));
#9321 = ( GEOMETRIC_REPRESENTATION_CONTEXT(2) 
PARAMETRIC_REPRESENTATION_CONTEXT() REPRESENTATION_CONTEXT('2D SPACE',''
  ) );
#9322 = PCURVE('',#5713,#9323);
#9323 = DEFINITIONAL_REPRESENTATION('',(#9324),#9328);
#9324 = LINE('',#9325,#9326);
#9325 = CARTESIAN_POINT('',(-0.,0.));
#9326 = VECTOR('',#9327,1.);
#9327 = DIRECTION('',(-0.,1.));
#9328 = ( GEOMETRIC_REPRESENTATION_CONTEXT(2) 
PARAMETRIC_REPRESENTATION_CONTEXT() REPRESENTATION_CONTEXT('2D SPACE',''
  ) );
#9329 = ORIENTED_EDGE('',*,*,#5669,.F.);
#9330 = ORIENTED_EDGE('',*,*,#9278,.T.);
#9331 = ORIENTED_EDGE('',*,*,#6678,.T.);
#9332 = ORIENTED_EDGE('',*,*,#6856,.F.);
#9333 = ORIENTED_EDGE('',*,*,#6960,.T.);
#9334 = ORIENTED_EDGE('',*,*,#7012,.F.);
#9335 = ORIENTED_EDGE('',*,*,#8038,.F.);
#9336 = ADVANCED_FACE('',(#9337),#5713,.T.);
#9337 = FACE_BOUND('',#9338,.F.);
#9338 = EDGE_LOOP('',(#9339,#9340,#9341,#9362,#9363,#9364));
#9339 = ORIENTED_EDGE('',*,*,#9309,.F.);
#9340 = ORIENTED_EDGE('',*,*,#5697,.T.);
#9341 = ORIENTED_EDGE('',*,*,#9342,.T.);
#9342 = EDGE_CURVE('',#5698,#7390,#9343,.T.);
#9343 = SURFACE_CURVE('',#9344,(#9348,#9355),.PCURVE_S1.);
#9344 = LINE('',#9345,#9346);
#9345 = CARTESIAN_POINT('',(76.,-30.,23.3));
#9346 = VECTOR('',#9347,1.);
#9347 = DIRECTION('',(1.,0.,0.));
#9348 = PCURVE('',#5713,#9349);
#9349 = DEFINITIONAL_REPRESENTATION('',(#9350),#9354);
#9350 = LINE('',#9351,#9352);
#9351 = CARTESIAN_POINT('',(-19.,0.));
#9352 = VECTOR('',#9353,1.);
#9353 = DIRECTION('',(-0.,1.));
#9354 = ( GEOMETRIC_REPRESENTATION_CONTEXT(2) 
PARAMETRIC_REPRESENTATION_CONTEXT() REPRESENTATION_CONTEXT('2D SPACE',''
  ) );
#9355 = PCURVE('',#5517,#9356);
#9356 = DEFINITIONAL_REPRESENTATION('',(#9357),#9361);
#9357 = LINE('',#9358,#9359);
#9358 = CARTESIAN_POINT('',(-0.,60.));
#9359 = VECTOR('',#9360,1.);
#9360 = DIRECTION('',(-1.,0.));
#9361 = ( GEOMETRIC_REPRESENTATION_CONTEXT(2) 
PARAMETRIC_REPRESENTATION_CONTEXT() REPRESENTATION_CONTEXT('2D SPACE',''
  ) );
#9362 = ORIENTED_EDGE('',*,*,#7389,.T.);
#9363 = ORIENTED_EDGE('',*,*,#8064,.F.);
#9364 = ORIENTED_EDGE('',*,*,#8015,.T.);
#9365 = ADVANCED_FACE('',(#9366),#5764,.F.);
#9366 = FACE_BOUND('',#9367,.T.);
#9367 = EDGE_LOOP('',(#9368,#9391,#9392,#9415));
#9368 = ORIENTED_EDGE('',*,*,#9369,.F.);
#9369 = EDGE_CURVE('',#5749,#9370,#9372,.T.);
#9370 = VERTEX_POINT('',#9371);
#9371 = CARTESIAN_POINT('',(81.,-12.,20.3));
#9372 = SURFACE_CURVE('',#9373,(#9377,#9384),.PCURVE_S1.);
#9373 = LINE('',#9374,#9375);
#9374 = CARTESIAN_POINT('',(75.,-12.,20.3));
#9375 = VECTOR('',#9376,1.);
#9376 = DIRECTION('',(1.,0.,0.));
#9377 = PCURVE('',#5764,#9378);
#9378 = DEFINITIONAL_REPRESENTATION('',(#9379),#9383);
#9379 = LINE('',#9380,#9381);
#9380 = CARTESIAN_POINT('',(-0.,0.));
#9381 = VECTOR('',#9382,1.);
#9382 = DIRECTION('',(-0.,1.));
#9383 = ( GEOMETRIC_REPRESENTATION_CONTEXT(2) 
PARAMETRIC_REPRESENTATION_CONTEXT() REPRESENTATION_CONTEXT('2D SPACE',''
  ) );
#9384 = PCURVE('',#5792,#9385);
#9385 = DEFINITIONAL_REPRESENTATION('',(#9386),#9390);
#9386 = LINE('',#9387,#9388);
#9387 = CARTESIAN_POINT('',(-0.,24.));
#9388 = VECTOR('',#9389,1.);
#9389 = DIRECTION('',(-1.,-0.));
#9390 = ( GEOMETRIC_REPRESENTATION_CONTEXT(2) 
PARAMETRIC_REPRESENTATION_CONTEXT() REPRESENTATION_CONTEXT('2D SPACE',''
  ) );
#9391 = ORIENTED_EDGE('',*,*,#5748,.T.);
#9392 = ORIENTED_EDGE('',*,*,#9393,.F.);
#9393 = EDGE_CURVE('',#9394,#5726,#9396,.T.);
#9394 = VERTEX_POINT('',#9395);
#9395 = CARTESIAN_POINT('',(81.,-12.,23.3));
#9396 = SURFACE_CURVE('',#9397,(#9401,#9408),.PCURVE_S1.);
#9397 = LINE('',#9398,#9399);
#9398 = CARTESIAN_POINT('',(75.5,-12.,23.3));
#9399 = VECTOR('',#9400,1.);
#9400 = DIRECTION('',(-1.,-0.,-0.));
#9401 = PCURVE('',#5764,#9402);
#9402 = DEFINITIONAL_REPRESENTATION('',(#9403),#9407);
#9403 = LINE('',#9404,#9405);
#9404 = CARTESIAN_POINT('',(-3.,0.5));
#9405 = VECTOR('',#9406,1.);
#9406 = DIRECTION('',(-0.,-1.));
#9407 = ( GEOMETRIC_REPRESENTATION_CONTEXT(2) 
PARAMETRIC_REPRESENTATION_CONTEXT() REPRESENTATION_CONTEXT('2D SPACE',''
  ) );
#9408 = PCURVE('',#5517,#9409);
#9409 = DEFINITIONAL_REPRESENTATION('',(#9410),#9414);
#9410 = LINE('',#9411,#9412);
#9411 = CARTESIAN_POINT('',(0.5,42.));
#9412 = VECTOR('',#9413,1.);
#9413 = DIRECTION('',(1.,-0.));
#9414 = ( GEOMETRIC_REPRESENTATION_CONTEXT(2) 
PARAMETRIC_REPRESENTATION_CONTEXT() REPRESENTATION_CONTEXT('2D SPACE',''
  ) );
#9415 = ORIENTED_EDGE('',*,*,#9416,.F.);
#9416 = EDGE_CURVE('',#9370,#9394,#9417,.T.);
#9417 = SURFACE_CURVE('',#9418,(#9422,#9429),.PCURVE_S1.);
#9418 = LINE('',#9419,#9420);
#9419 = CARTESIAN_POINT('',(81.,-12.,20.3));
#9420 = VECTOR('',#9421,1.);
#9421 = DIRECTION('',(0.,0.,1.));
#9422 = PCURVE('',#5764,#9423);
#9423 = DEFINITIONAL_REPRESENTATION('',(#9424),#9428);
#9424 = LINE('',#9425,#9426);
#9425 = CARTESIAN_POINT('',(-0.,6.));
#9426 = VECTOR('',#9427,1.);
#9427 = DIRECTION('',(-1.,0.));
#9428 = ( GEOMETRIC_REPRESENTATION_CONTEXT(2) 
PARAMETRIC_REPRESENTATION_CONTEXT() REPRESENTATION_CONTEXT('2D SPACE',''
  ) );
#9429 = PCURVE('',#9430,#9435);
#9430 = PLANE('',#9431);
#9431 = AXIS2_PLACEMENT_3D('',#9432,#9433,#9434);
#9432 = CARTESIAN_POINT('',(81.,12.,20.3));
#9433 = DIRECTION('',(1.,0.,0.));
#9434 = DIRECTION('',(0.,-0.,-1.));
#9435 = DEFINITIONAL_REPRESENTATION('',(#9436),#9440);
#9436 = LINE('',#9437,#9438);
#9437 = CARTESIAN_POINT('',(-0.,-24.));
#9438 = VECTOR('',#9439,1.);
#9439 = DIRECTION('',(-1.,0.));
#9440 = ( GEOMETRIC_REPRESENTATION_CONTEXT(2) 
PARAMETRIC_REPRESENTATION_CONTEXT() REPRESENTATION_CONTEXT('2D SPACE',''
  ) );
#9441 = ADVANCED_FACE('',(#9442),#9430,.F.);
#9442 = FACE_BOUND('',#9443,.T.);
#9443 = EDGE_LOOP('',(#9444,#9469,#9490,#9491));
#9444 = ORIENTED_EDGE('',*,*,#9445,.F.);
#9445 = EDGE_CURVE('',#9446,#9448,#9450,.T.);
#9446 = VERTEX_POINT('',#9447);
#9447 = CARTESIAN_POINT('',(81.,12.,20.3));
#9448 = VERTEX_POINT('',#9449);
#9449 = CARTESIAN_POINT('',(81.,12.,23.3));
#9450 = SURFACE_CURVE('',#9451,(#9455,#9462),.PCURVE_S1.);
#9451 = LINE('',#9452,#9453);
#9452 = CARTESIAN_POINT('',(81.,12.,20.3));
#9453 = VECTOR('',#9454,1.);
#9454 = DIRECTION('',(0.,0.,1.));
#9455 = PCURVE('',#9430,#9456);
#9456 = DEFINITIONAL_REPRESENTATION('',(#9457),#9461);
#9457 = LINE('',#9458,#9459);
#9458 = CARTESIAN_POINT('',(-0.,0.));
#9459 = VECTOR('',#9460,1.);
#9460 = DIRECTION('',(-1.,0.));
#9461 = ( GEOMETRIC_REPRESENTATION_CONTEXT(2) 
PARAMETRIC_REPRESENTATION_CONTEXT() REPRESENTATION_CONTEXT('2D SPACE',''
  ) );
#9462 = PCURVE('',#5818,#9463);
#9463 = DEFINITIONAL_REPRESENTATION('',(#9464),#9468);
#9464 = LINE('',#9465,#9466);
#9465 = CARTESIAN_POINT('',(-0.,6.));
#9466 = VECTOR('',#9467,1.);
#9467 = DIRECTION('',(-1.,0.));
#9468 = ( GEOMETRIC_REPRESENTATION_CONTEXT(2) 
PARAMETRIC_REPRESENTATION_CONTEXT() REPRESENTATION_CONTEXT('2D SPACE',''
  ) );
#9469 = ORIENTED_EDGE('',*,*,#9470,.T.);
#9470 = EDGE_CURVE('',#9446,#9370,#9471,.T.);
#9471 = SURFACE_CURVE('',#9472,(#9476,#9483),.PCURVE_S1.);
#9472 = LINE('',#9473,#9474);
#9473 = CARTESIAN_POINT('',(81.,12.,20.3));
#9474 = VECTOR('',#9475,1.);
#9475 = DIRECTION('',(0.,-1.,0.));
#9476 = PCURVE('',#9430,#9477);
#9477 = DEFINITIONAL_REPRESENTATION('',(#9478),#9482);
#9478 = LINE('',#9479,#9480);
#9479 = CARTESIAN_POINT('',(-0.,0.));
#9480 = VECTOR('',#9481,1.);
#9481 = DIRECTION('',(-0.,-1.));
#9482 = ( GEOMETRIC_REPRESENTATION_CONTEXT(2) 
PARAMETRIC_REPRESENTATION_CONTEXT() REPRESENTATION_CONTEXT('2D SPACE',''
  ) );
#9483 = PCURVE('',#5792,#9484);
#9484 = DEFINITIONAL_REPRESENTATION('',(#9485),#9489);
#9485 = LINE('',#9486,#9487);
#9486 = CARTESIAN_POINT('',(-6.,-0.));
#9487 = VECTOR('',#9488,1.);
#9488 = DIRECTION('',(-0.,1.));
#9489 = ( GEOMETRIC_REPRESENTATION_CONTEXT(2) 
PARAMETRIC_REPRESENTATION_CONTEXT() REPRESENTATION_CONTEXT('2D SPACE',''
  ) );
#9490 = ORIENTED_EDGE('',*,*,#9416,.T.);
#9491 = ORIENTED_EDGE('',*,*,#9492,.F.);
#9492 = EDGE_CURVE('',#9448,#9394,#9493,.T.);
#9493 = SURFACE_CURVE('',#9494,(#9498,#9505),.PCURVE_S1.);
#9494 = LINE('',#9495,#9496);
#9495 = CARTESIAN_POINT('',(81.,21.,23.3));
#9496 = VECTOR('',#9497,1.);
#9497 = DIRECTION('',(-0.,-1.,-0.));
#9498 = PCURVE('',#9430,#9499);
#9499 = DEFINITIONAL_REPRESENTATION('',(#9500),#9504);
#9500 = LINE('',#9501,#9502);
#9501 = CARTESIAN_POINT('',(-3.,9.));
#9502 = VECTOR('',#9503,1.);
#9503 = DIRECTION('',(-0.,-1.));
#9504 = ( GEOMETRIC_REPRESENTATION_CONTEXT(2) 
PARAMETRIC_REPRESENTATION_CONTEXT() REPRESENTATION_CONTEXT('2D SPACE',''
  ) );
#9505 = PCURVE('',#5517,#9506);
#9506 = DEFINITIONAL_REPRESENTATION('',(#9507),#9511);
#9507 = LINE('',#9508,#9509);
#9508 = CARTESIAN_POINT('',(-5.,9.));
#9509 = VECTOR('',#9510,1.);
#9510 = DIRECTION('',(-0.,1.));
#9511 = ( GEOMETRIC_REPRESENTATION_CONTEXT(2) 
PARAMETRIC_REPRESENTATION_CONTEXT() REPRESENTATION_CONTEXT('2D SPACE',''
  ) );
#9512 = ADVANCED_FACE('',(#9513),#5792,.T.);
#9513 = FACE_BOUND('',#9514,.F.);
#9514 = EDGE_LOOP('',(#9515,#9516,#9517,#9538));
#9515 = ORIENTED_EDGE('',*,*,#9369,.F.);
#9516 = ORIENTED_EDGE('',*,*,#5776,.T.);
#9517 = ORIENTED_EDGE('',*,*,#9518,.T.);
#9518 = EDGE_CURVE('',#5777,#9446,#9519,.T.);
#9519 = SURFACE_CURVE('',#9520,(#9524,#9531),.PCURVE_S1.);
#9520 = LINE('',#9521,#9522);
#9521 = CARTESIAN_POINT('',(75.,12.,20.3));
#9522 = VECTOR('',#9523,1.);
#9523 = DIRECTION('',(1.,0.,0.));
#9524 = PCURVE('',#5792,#9525);
#9525 = DEFINITIONAL_REPRESENTATION('',(#9526),#9530);
#9526 = LINE('',#9527,#9528);
#9527 = CARTESIAN_POINT('',(-0.,-0.));
#9528 = VECTOR('',#9529,1.);
#9529 = DIRECTION('',(-1.,-0.));
#9530 = ( GEOMETRIC_REPRESENTATION_CONTEXT(2) 
PARAMETRIC_REPRESENTATION_CONTEXT() REPRESENTATION_CONTEXT('2D SPACE',''
  ) );
#9531 = PCURVE('',#5818,#9532);
#9532 = DEFINITIONAL_REPRESENTATION('',(#9533),#9537);
#9533 = LINE('',#9534,#9535);
#9534 = CARTESIAN_POINT('',(-0.,0.));
#9535 = VECTOR('',#9536,1.);
#9536 = DIRECTION('',(-0.,1.));
#9537 = ( GEOMETRIC_REPRESENTATION_CONTEXT(2) 
PARAMETRIC_REPRESENTATION_CONTEXT() REPRESENTATION_CONTEXT('2D SPACE',''
  ) );
#9538 = ORIENTED_EDGE('',*,*,#9470,.T.);
#9539 = ADVANCED_FACE('',(#9540),#5818,.T.);
#9540 = FACE_BOUND('',#9541,.F.);
#9541 = EDGE_LOOP('',(#9542,#9543,#9544,#9565));
#9542 = ORIENTED_EDGE('',*,*,#9518,.F.);
#9543 = ORIENTED_EDGE('',*,*,#5804,.T.);
#9544 = ORIENTED_EDGE('',*,*,#9545,.F.);
#9545 = EDGE_CURVE('',#9448,#5497,#9546,.T.);
#9546 = SURFACE_CURVE('',#9547,(#9551,#9558),.PCURVE_S1.);
#9547 = LINE('',#9548,#9549);
#9548 = CARTESIAN_POINT('',(75.5,12.,23.3));
#9549 = VECTOR('',#9550,1.);
#9550 = DIRECTION('',(-1.,-0.,-0.));
#9551 = PCURVE('',#5818,#9552);
#9552 = DEFINITIONAL_REPRESENTATION('',(#9553),#9557);
#9553 = LINE('',#9554,#9555);
#9554 = CARTESIAN_POINT('',(-3.,0.5));
#9555 = VECTOR('',#9556,1.);
#9556 = DIRECTION('',(-0.,-1.));
#9557 = ( GEOMETRIC_REPRESENTATION_CONTEXT(2) 
PARAMETRIC_REPRESENTATION_CONTEXT() REPRESENTATION_CONTEXT('2D SPACE',''
  ) );
#9558 = PCURVE('',#5517,#9559);
#9559 = DEFINITIONAL_REPRESENTATION('',(#9560),#9564);
#9560 = LINE('',#9561,#9562);
#9561 = CARTESIAN_POINT('',(0.5,18.));
#9562 = VECTOR('',#9563,1.);
#9563 = DIRECTION('',(1.,-0.));
#9564 = ( GEOMETRIC_REPRESENTATION_CONTEXT(2) 
PARAMETRIC_REPRESENTATION_CONTEXT() REPRESENTATION_CONTEXT('2D SPACE',''
  ) );
#9565 = ORIENTED_EDGE('',*,*,#9445,.F.);
#9566 = ADVANCED_FACE('',(#9567,#9573,#9579,#9597),#5517,.T.);
#9567 = FACE_BOUND('',#9568,.F.);
#9568 = EDGE_LOOP('',(#9569,#9570,#9571,#9572));
#9569 = ORIENTED_EDGE('',*,*,#8952,.F.);
#9570 = ORIENTED_EDGE('',*,*,#8896,.F.);
#9571 = ORIENTED_EDGE('',*,*,#8849,.F.);
#9572 = ORIENTED_EDGE('',*,*,#8771,.F.);
#9573 = FACE_BOUND('',#9574,.F.);
#9574 = EDGE_LOOP('',(#9575,#9576,#9577,#9578));
#9575 = ORIENTED_EDGE('',*,*,#8665,.F.);
#9576 = ORIENTED_EDGE('',*,*,#8565,.F.);
#9577 = ORIENTED_EDGE('',*,*,#8746,.F.);
#9578 = ORIENTED_EDGE('',*,*,#8690,.F.);
#9579 = FACE_BOUND('',#9580,.F.);
#9580 = EDGE_LOOP('',(#9581,#9582,#9583,#9584,#9585,#9586,#9587,#9588,
    #9589,#9590,#9591,#9592,#9593,#9594,#9595,#9596));
#9581 = ORIENTED_EDGE('',*,*,#5909,.T.);
#9582 = ORIENTED_EDGE('',*,*,#8979,.T.);
#9583 = ORIENTED_EDGE('',*,*,#8266,.T.);
#9584 = ORIENTED_EDGE('',*,*,#8167,.F.);
#9585 = ORIENTED_EDGE('',*,*,#6729,.T.);
#9586 = ORIENTED_EDGE('',*,*,#6834,.F.);
#9587 = ORIENTED_EDGE('',*,*,#8119,.F.);
#9588 = ORIENTED_EDGE('',*,*,#7506,.F.);
#9589 = ORIENTED_EDGE('',*,*,#7412,.T.);
#9590 = ORIENTED_EDGE('',*,*,#9342,.F.);
#9591 = ORIENTED_EDGE('',*,*,#5725,.F.);
#9592 = ORIENTED_EDGE('',*,*,#9393,.F.);
#9593 = ORIENTED_EDGE('',*,*,#9492,.F.);
#9594 = ORIENTED_EDGE('',*,*,#9545,.T.);
#9595 = ORIENTED_EDGE('',*,*,#5494,.F.);
#9596 = ORIENTED_EDGE('',*,*,#5857,.T.);
#9597 = FACE_BOUND('',#9598,.F.);
#9598 = EDGE_LOOP('',(#9599));
#9599 = ORIENTED_EDGE('',*,*,#9245,.F.);
#9600 = ( GEOMETRIC_REPRESENTATION_CONTEXT(3) 
GLOBAL_UNCERTAINTY_ASSIGNED_CONTEXT((#9604)) 
GLOBAL_UNIT_ASSIGNED_CONTEXT((#9601,#9602,#9603)) REPRESENTATION_CONTEXT
('Context #1','3D Context with UNIT and UNCERTAINTY') );
#9601 = ( LENGTH_UNIT() NAMED_UNIT(*) SI_UNIT(.MILLI.,.METRE.) );
#9602 = ( NAMED_UNIT(*) PLANE_ANGLE_UNIT() SI_UNIT($,.RADIAN.) );
#9603 = ( NAMED_UNIT(*) SI_UNIT($,.STERADIAN.) SOLID_ANGLE_UNIT() );
#9604 = UNCERTAINTY_MEASURE_WITH_UNIT(LENGTH_MEASURE(1.E-07),#9601,
  'distance_accuracy_value','confusion accuracy');
#9605 = CONTEXT_DEPENDENT_SHAPE_REPRESENTATION(#9606,#9608);
#9606 = ( REPRESENTATION_RELATIONSHIP('','',#5487,#10) 
REPRESENTATION_RELATIONSHIP_WITH_TRANSFORMATION(#9607) 
SHAPE_REPRESENTATION_RELATIONSHIP() );
#9607 = ITEM_DEFINED_TRANSFORMATION('','',#11,#27);
#9608 = PRODUCT_DEFINITION_SHAPE('Placement','Placement of an item',
  #9609);
#9609 = NEXT_ASSEMBLY_USAGE_OCCURRENCE('4','carriage','',#5,#5482,$);
#9610 = PRODUCT_RELATED_PRODUCT_CATEGORY('part',$,(#5484));
#9611 = SHAPE_DEFINITION_REPRESENTATION(#9612,#9618);
#9612 = PRODUCT_DEFINITION_SHAPE('','',#9613);
#9613 = PRODUCT_DEFINITION('design','',#9614,#9617);
#9614 = PRODUCT_DEFINITION_FORMATION('','',#9615);
#9615 = PRODUCT('camera_pad','camera_pad','',(#9616));
#9616 = PRODUCT_CONTEXT('',#2,'mechanical');
#9617 = PRODUCT_DEFINITION_CONTEXT('part definition',#2,'design');
#9618 = ADVANCED_BREP_SHAPE_REPRESENTATION('',(#11,#9619),#10033);
#9619 = MANIFOLD_SOLID_BREP('',#9620);
#9620 = CLOSED_SHELL('',(#9621,#9741,#9817,#9897,#9946,#9999,#10006));
#9621 = ADVANCED_FACE('',(#9622),#9636,.F.);
#9622 = FACE_BOUND('',#9623,.F.);
#9623 = EDGE_LOOP('',(#9624,#9659,#9687,#9715));
#9624 = ORIENTED_EDGE('',*,*,#9625,.F.);
#9625 = EDGE_CURVE('',#9626,#9628,#9630,.T.);
#9626 = VERTEX_POINT('',#9627);
#9627 = CARTESIAN_POINT('',(80.,-10.,23.3));
#9628 = VERTEX_POINT('',#9629);
#9629 = CARTESIAN_POINT('',(80.,-10.,25.3));
#9630 = SURFACE_CURVE('',#9631,(#9635,#9647),.PCURVE_S1.);
#9631 = LINE('',#9632,#9633);
#9632 = CARTESIAN_POINT('',(80.,-10.,23.3));
#9633 = VECTOR('',#9634,1.);
#9634 = DIRECTION('',(0.,0.,1.));
#9635 = PCURVE('',#9636,#9641);
#9636 = PLANE('',#9637);
#9637 = AXIS2_PLACEMENT_3D('',#9638,#9639,#9640);
#9638 = CARTESIAN_POINT('',(80.,-10.,23.3));
#9639 = DIRECTION('',(1.,0.,0.));
#9640 = DIRECTION('',(0.,0.,1.));
#9641 = DEFINITIONAL_REPRESENTATION('',(#9642),#9646);
#9642 = LINE('',#9643,#9644);
#9643 = CARTESIAN_POINT('',(0.,0.));
#9644 = VECTOR('',#9645,1.);
#9645 = DIRECTION('',(1.,0.));
#9646 = ( GEOMETRIC_REPRESENTATION_CONTEXT(2) 
PARAMETRIC_REPRESENTATION_CONTEXT() REPRESENTATION_CONTEXT('2D SPACE',''
  ) );
#9647 = PCURVE('',#9648,#9653);
#9648 = PLANE('',#9649);
#9649 = AXIS2_PLACEMENT_3D('',#9650,#9651,#9652);
#9650 = CARTESIAN_POINT('',(80.,-10.,23.3));
#9651 = DIRECTION('',(0.,1.,0.));
#9652 = DIRECTION('',(0.,0.,1.));
#9653 = DEFINITIONAL_REPRESENTATION('',(#9654),#9658);
#9654 = LINE('',#9655,#9656);
#9655 = CARTESIAN_POINT('',(0.,0.));
#9656 = VECTOR('',#9657,1.);
#9657 = DIRECTION('',(1.,0.));
#9658 = ( GEOMETRIC_REPRESENTATION_CONTEXT(2) 
PARAMETRIC_REPRESENTATION_CONTEXT() REPRESENTATION_CONTEXT('2D SPACE',''
  ) );
#9659 = ORIENTED_EDGE('',*,*,#9660,.T.);
#9660 = EDGE_CURVE('',#9626,#9661,#9663,.T.);
#9661 = VERTEX_POINT('',#9662);
#9662 = CARTESIAN_POINT('',(80.,10.,23.3));
#9663 = SURFACE_CURVE('',#9664,(#9668,#9675),.PCURVE_S1.);
#9664 = LINE('',#9665,#9666);
#9665 = CARTESIAN_POINT('',(80.,-10.,23.3));
#9666 = VECTOR('',#9667,1.);
#9667 = DIRECTION('',(0.,1.,0.));
#9668 = PCURVE('',#9636,#9669);
#9669 = DEFINITIONAL_REPRESENTATION('',(#9670),#9674);
#9670 = LINE('',#9671,#9672);
#9671 = CARTESIAN_POINT('',(0.,0.));
#9672 = VECTOR('',#9673,1.);
#9673 = DIRECTION('',(0.,-1.));
#9674 = ( GEOMETRIC_REPRESENTATION_CONTEXT(2) 
PARAMETRIC_REPRESENTATION_CONTEXT() REPRESENTATION_CONTEXT('2D SPACE',''
  ) );
#9675 = PCURVE('',#9676,#9681);
#9676 = PLANE('',#9677);
#9677 = AXIS2_PLACEMENT_3D('',#9678,#9679,#9680);
#9678 = CARTESIAN_POINT('',(80.,-10.,23.3));
#9679 = DIRECTION('',(0.,0.,1.));
#9680 = DIRECTION('',(1.,0.,0.));
#9681 = DEFINITIONAL_REPRESENTATION('',(#9682),#9686);
#9682 = LINE('',#9683,#9684);
#9683 = CARTESIAN_POINT('',(0.,0.));
#9684 = VECTOR('',#9685,1.);
#9685 = DIRECTION('',(0.,1.));
#9686 = ( GEOMETRIC_REPRESENTATION_CONTEXT(2) 
PARAMETRIC_REPRESENTATION_CONTEXT() REPRESENTATION_CONTEXT('2D SPACE',''
  ) );
#9687 = ORIENTED_EDGE('',*,*,#9688,.T.);
#9688 = EDGE_CURVE('',#9661,#9689,#9691,.T.);
#9689 = VERTEX_POINT('',#9690);
#9690 = CARTESIAN_POINT('',(80.,10.,25.3));
#9691 = SURFACE_CURVE('',#9692,(#9696,#9703),.PCURVE_S1.);
#9692 = LINE('',#9693,#9694);
#9693 = CARTESIAN_POINT('',(80.,10.,23.3));
#9694 = VECTOR('',#9695,1.);
#9695 = DIRECTION('',(0.,0.,1.));
#9696 = PCURVE('',#9636,#9697);
#9697 = DEFINITIONAL_REPRESENTATION('',(#9698),#9702);
#9698 = LINE('',#9699,#9700);
#9699 = CARTESIAN_POINT('',(0.,-20.));
#9700 = VECTOR('',#9701,1.);
#9701 = DIRECTION('',(1.,0.));
#9702 = ( GEOMETRIC_REPRESENTATION_CONTEXT(2) 
PARAMETRIC_REPRESENTATION_CONTEXT() REPRESENTATION_CONTEXT('2D SPACE',''
  ) );
#9703 = PCURVE('',#9704,#9709);
#9704 = PLANE('',#9705);
#9705 = AXIS2_PLACEMENT_3D('',#9706,#9707,#9708);
#9706 = CARTESIAN_POINT('',(80.,10.,23.3));
#9707 = DIRECTION('',(0.,1.,0.));
#9708 = DIRECTION('',(0.,0.,1.));
#9709 = DEFINITIONAL_REPRESENTATION('',(#9710),#9714);
#9710 = LINE('',#9711,#9712);
#9711 = CARTESIAN_POINT('',(0.,0.));
#9712 = VECTOR('',#9713,1.);
#9713 = DIRECTION('',(1.,0.));
#9714 = ( GEOMETRIC_REPRESENTATION_CONTEXT(2) 
PARAMETRIC_REPRESENTATION_CONTEXT() REPRESENTATION_CONTEXT('2D SPACE',''
  ) );
#9715 = ORIENTED_EDGE('',*,*,#9716,.F.);
#9716 = EDGE_CURVE('',#9628,#9689,#9717,.T.);
#9717 = SURFACE_CURVE('',#9718,(#9722,#9729),.PCURVE_S1.);
#9718 = LINE('',#9719,#9720);
#9719 = CARTESIAN_POINT('',(80.,-10.,25.3));
#9720 = VECTOR('',#9721,1.);
#9721 = DIRECTION('',(0.,1.,0.));
#9722 = PCURVE('',#9636,#9723);
#9723 = DEFINITIONAL_REPRESENTATION('',(#9724),#9728);
#9724 = LINE('',#9725,#9726);
#9725 = CARTESIAN_POINT('',(2.,0.));
#9726 = VECTOR('',#9727,1.);
#9727 = DIRECTION('',(0.,-1.));
#9728 = ( GEOMETRIC_REPRESENTATION_CONTEXT(2) 
PARAMETRIC_REPRESENTATION_CONTEXT() REPRESENTATION_CONTEXT('2D SPACE',''
  ) );
#9729 = PCURVE('',#9730,#9735);
#9730 = PLANE('',#9731);
#9731 = AXIS2_PLACEMENT_3D('',#9732,#9733,#9734);
#9732 = CARTESIAN_POINT('',(80.,-10.,25.3));
#9733 = DIRECTION('',(0.,0.,1.));
#9734 = DIRECTION('',(1.,0.,0.));
#9735 = DEFINITIONAL_REPRESENTATION('',(#9736),#9740);
#9736 = LINE('',#9737,#9738);
#9737 = CARTESIAN_POINT('',(0.,0.));
#9738 = VECTOR('',#9739,1.);
#9739 = DIRECTION('',(0.,1.));
#9740 = ( GEOMETRIC_REPRESENTATION_CONTEXT(2) 
PARAMETRIC_REPRESENTATION_CONTEXT() REPRESENTATION_CONTEXT('2D SPACE',''
  ) );
#9741 = ADVANCED_FACE('',(#9742),#9648,.F.);
#9742 = FACE_BOUND('',#9743,.F.);
#9743 = EDGE_LOOP('',(#9744,#9767,#9768,#9791));
#9744 = ORIENTED_EDGE('',*,*,#9745,.F.);
#9745 = EDGE_CURVE('',#9626,#9746,#9748,.T.);
#9746 = VERTEX_POINT('',#9747);
#9747 = CARTESIAN_POINT('',(96.,-10.,23.3));
#9748 = SURFACE_CURVE('',#9749,(#9753,#9760),.PCURVE_S1.);
#9749 = LINE('',#9750,#9751);
#9750 = CARTESIAN_POINT('',(80.,-10.,23.3));
#9751 = VECTOR('',#9752,1.);
#9752 = DIRECTION('',(1.,0.,0.));
#9753 = PCURVE('',#9648,#9754);
#9754 = DEFINITIONAL_REPRESENTATION('',(#9755),#9759);
#9755 = LINE('',#9756,#9757);
#9756 = CARTESIAN_POINT('',(0.,0.));
#9757 = VECTOR('',#9758,1.);
#9758 = DIRECTION('',(0.,1.));
#9759 = ( GEOMETRIC_REPRESENTATION_CONTEXT(2) 
PARAMETRIC_REPRESENTATION_CONTEXT() REPRESENTATION_CONTEXT('2D SPACE',''
  ) );
#9760 = PCURVE('',#9676,#9761);
#9761 = DEFINITIONAL_REPRESENTATION('',(#9762),#9766);
#9762 = LINE('',#9763,#9764);
#9763 = CARTESIAN_POINT('',(0.,0.));
#9764 = VECTOR('',#9765,1.);
#9765 = DIRECTION('',(1.,0.));
#9766 = ( GEOMETRIC_REPRESENTATION_CONTEXT(2) 
PARAMETRIC_REPRESENTATION_CONTEXT() REPRESENTATION_CONTEXT('2D SPACE',''
  ) );
#9767 = ORIENTED_EDGE('',*,*,#9625,.T.);
#9768 = ORIENTED_EDGE('',*,*,#9769,.T.);
#9769 = EDGE_CURVE('',#9628,#9770,#9772,.T.);
#9770 = VERTEX_POINT('',#9771);
#9771 = CARTESIAN_POINT('',(96.,-10.,25.3));
#9772 = SURFACE_CURVE('',#9773,(#9777,#9784),.PCURVE_S1.);
#9773 = LINE('',#9774,#9775);
#9774 = CARTESIAN_POINT('',(80.,-10.,25.3));
#9775 = VECTOR('',#9776,1.);
#9776 = DIRECTION('',(1.,0.,0.));
#9777 = PCURVE('',#9648,#9778);
#9778 = DEFINITIONAL_REPRESENTATION('',(#9779),#9783);
#9779 = LINE('',#9780,#9781);
#9780 = CARTESIAN_POINT('',(2.,0.));
#9781 = VECTOR('',#9782,1.);
#9782 = DIRECTION('',(0.,1.));
#9783 = ( GEOMETRIC_REPRESENTATION_CONTEXT(2) 
PARAMETRIC_REPRESENTATION_CONTEXT() REPRESENTATION_CONTEXT('2D SPACE',''
  ) );
#9784 = PCURVE('',#9730,#9785);
#9785 = DEFINITIONAL_REPRESENTATION('',(#9786),#9790);
#9786 = LINE('',#9787,#9788);
#9787 = CARTESIAN_POINT('',(0.,0.));
#9788 = VECTOR('',#9789,1.);
#9789 = DIRECTION('',(1.,0.));
#9790 = ( GEOMETRIC_REPRESENTATION_CONTEXT(2) 
PARAMETRIC_REPRESENTATION_CONTEXT() REPRESENTATION_CONTEXT('2D SPACE',''
  ) );
#9791 = ORIENTED_EDGE('',*,*,#9792,.F.);
#9792 = EDGE_CURVE('',#9746,#9770,#9793,.T.);
#9793 = SURFACE_CURVE('',#9794,(#9798,#9805),.PCURVE_S1.);
#9794 = LINE('',#9795,#9796);
#9795 = CARTESIAN_POINT('',(96.,-10.,23.3));
#9796 = VECTOR('',#9797,1.);
#9797 = DIRECTION('',(0.,0.,1.));
#9798 = PCURVE('',#9648,#9799);
#9799 = DEFINITIONAL_REPRESENTATION('',(#9800),#9804);
#9800 = LINE('',#9801,#9802);
#9801 = CARTESIAN_POINT('',(0.,16.));
#9802 = VECTOR('',#9803,1.);
#9803 = DIRECTION('',(1.,0.));
#9804 = ( GEOMETRIC_REPRESENTATION_CONTEXT(2) 
PARAMETRIC_REPRESENTATION_CONTEXT() REPRESENTATION_CONTEXT('2D SPACE',''
  ) );
#9805 = PCURVE('',#9806,#9811);
#9806 = PLANE('',#9807);
#9807 = AXIS2_PLACEMENT_3D('',#9808,#9809,#9810);
#9808 = CARTESIAN_POINT('',(96.,-10.,23.3));
#9809 = DIRECTION('',(1.,0.,0.));
#9810 = DIRECTION('',(0.,0.,1.));
#9811 = DEFINITIONAL_REPRESENTATION('',(#9812),#9816);
#9812 = LINE('',#9813,#9814);
#9813 = CARTESIAN_POINT('',(0.,0.));
#9814 = VECTOR('',#9815,1.);
#9815 = DIRECTION('',(1.,0.));
#9816 = ( GEOMETRIC_REPRESENTATION_CONTEXT(2) 
PARAMETRIC_REPRESENTATION_CONTEXT() REPRESENTATION_CONTEXT('2D SPACE',''
  ) );
#9817 = ADVANCED_FACE('',(#9818,#9866),#9730,.T.);
#9818 = FACE_BOUND('',#9819,.T.);
#9819 = EDGE_LOOP('',(#9820,#9821,#9822,#9845));
#9820 = ORIENTED_EDGE('',*,*,#9716,.F.);
#9821 = ORIENTED_EDGE('',*,*,#9769,.T.);
#9822 = ORIENTED_EDGE('',*,*,#9823,.T.);
#9823 = EDGE_CURVE('',#9770,#9824,#9826,.T.);
#9824 = VERTEX_POINT('',#9825);
#9825 = CARTESIAN_POINT('',(96.,10.,25.3));
#9826 = SURFACE_CURVE('',#9827,(#9831,#9838),.PCURVE_S1.);
#9827 = LINE('',#9828,#9829);
#9828 = CARTESIAN_POINT('',(96.,-10.,25.3));
#9829 = VECTOR('',#9830,1.);
#9830 = DIRECTION('',(0.,1.,0.));
#9831 = PCURVE('',#9730,#9832);
#9832 = DEFINITIONAL_REPRESENTATION('',(#9833),#9837);
#9833 = LINE('',#9834,#9835);
#9834 = CARTESIAN_POINT('',(16.,0.));
#9835 = VECTOR('',#9836,1.);
#9836 = DIRECTION('',(0.,1.));
#9837 = ( GEOMETRIC_REPRESENTATION_CONTEXT(2) 
PARAMETRIC_REPRESENTATION_CONTEXT() REPRESENTATION_CONTEXT('2D SPACE',''
  ) );
#9838 = PCURVE('',#9806,#9839);
#9839 = DEFINITIONAL_REPRESENTATION('',(#9840),#9844);
#9840 = LINE('',#9841,#9842);
#9841 = CARTESIAN_POINT('',(2.,0.));
#9842 = VECTOR('',#9843,1.);
#9843 = DIRECTION('',(0.,-1.));
#9844 = ( GEOMETRIC_REPRESENTATION_CONTEXT(2) 
PARAMETRIC_REPRESENTATION_CONTEXT() REPRESENTATION_CONTEXT('2D SPACE',''
  ) );
#9845 = ORIENTED_EDGE('',*,*,#9846,.F.);
#9846 = EDGE_CURVE('',#9689,#9824,#9847,.T.);
#9847 = SURFACE_CURVE('',#9848,(#9852,#9859),.PCURVE_S1.);
#9848 = LINE('',#9849,#9850);
#9849 = CARTESIAN_POINT('',(80.,10.,25.3));
#9850 = VECTOR('',#9851,1.);
#9851 = DIRECTION('',(1.,0.,0.));
#9852 = PCURVE('',#9730,#9853);
#9853 = DEFINITIONAL_REPRESENTATION('',(#9854),#9858);
#9854 = LINE('',#9855,#9856);
#9855 = CARTESIAN_POINT('',(0.,20.));
#9856 = VECTOR('',#9857,1.);
#9857 = DIRECTION('',(1.,0.));
#9858 = ( GEOMETRIC_REPRESENTATION_CONTEXT(2) 
PARAMETRIC_REPRESENTATION_CONTEXT() REPRESENTATION_CONTEXT('2D SPACE',''
  ) );
#9859 = PCURVE('',#9704,#9860);
#9860 = DEFINITIONAL_REPRESENTATION('',(#9861),#9865);
#9861 = LINE('',#9862,#9863);
#9862 = CARTESIAN_POINT('',(2.,0.));
#9863 = VECTOR('',#9864,1.);
#9864 = DIRECTION('',(0.,1.));
#9865 = ( GEOMETRIC_REPRESENTATION_CONTEXT(2) 
PARAMETRIC_REPRESENTATION_CONTEXT() REPRESENTATION_CONTEXT('2D SPACE',''
  ) );
#9866 = FACE_BOUND('',#9867,.T.);
#9867 = EDGE_LOOP('',(#9868));
#9868 = ORIENTED_EDGE('',*,*,#9869,.F.);
#9869 = EDGE_CURVE('',#9870,#9870,#9872,.T.);
#9870 = VERTEX_POINT('',#9871);
#9871 = CARTESIAN_POINT('',(91.4,-8.327598234202E-16,25.3));
#9872 = SURFACE_CURVE('',#9873,(#9878,#9885),.PCURVE_S1.);
#9873 = CIRCLE('',#9874,3.4);
#9874 = AXIS2_PLACEMENT_3D('',#9875,#9876,#9877);
#9875 = CARTESIAN_POINT('',(88.,0.,25.3));
#9876 = DIRECTION('',(0.,0.,1.));
#9877 = DIRECTION('',(1.,0.,-0.));
#9878 = PCURVE('',#9730,#9879);
#9879 = DEFINITIONAL_REPRESENTATION('',(#9880),#9884);
#9880 = CIRCLE('',#9881,3.4);
#9881 = AXIS2_PLACEMENT_2D('',#9882,#9883);
#9882 = CARTESIAN_POINT('',(8.,10.));
#9883 = DIRECTION('',(1.,0.));
#9884 = ( GEOMETRIC_REPRESENTATION_CONTEXT(2) 
PARAMETRIC_REPRESENTATION_CONTEXT() REPRESENTATION_CONTEXT('2D SPACE',''
  ) );
#9885 = PCURVE('',#9886,#9891);
#9886 = CYLINDRICAL_SURFACE('',#9887,3.4);
#9887 = AXIS2_PLACEMENT_3D('',#9888,#9889,#9890);
#9888 = CARTESIAN_POINT('',(88.,0.,0.));
#9889 = DIRECTION('',(0.,0.,1.));
#9890 = DIRECTION('',(1.,0.,-0.));
#9891 = DEFINITIONAL_REPRESENTATION('',(#9892),#9896);
#9892 = LINE('',#9893,#9894);
#9893 = CARTESIAN_POINT('',(0.,25.3));
#9894 = VECTOR('',#9895,1.);
#9895 = DIRECTION('',(1.,0.));
#9896 = ( GEOMETRIC_REPRESENTATION_CONTEXT(2) 
PARAMETRIC_REPRESENTATION_CONTEXT() REPRESENTATION_CONTEXT('2D SPACE',''
  ) );
#9897 = ADVANCED_FACE('',(#9898),#9704,.T.);
#9898 = FACE_BOUND('',#9899,.T.);
#9899 = EDGE_LOOP('',(#9900,#9923,#9924,#9925));
#9900 = ORIENTED_EDGE('',*,*,#9901,.F.);
#9901 = EDGE_CURVE('',#9661,#9902,#9904,.T.);
#9902 = VERTEX_POINT('',#9903);
#9903 = CARTESIAN_POINT('',(96.,10.,23.3));
#9904 = SURFACE_CURVE('',#9905,(#9909,#9916),.PCURVE_S1.);
#9905 = LINE('',#9906,#9907);
#9906 = CARTESIAN_POINT('',(80.,10.,23.3));
#9907 = VECTOR('',#9908,1.);
#9908 = DIRECTION('',(1.,0.,0.));
#9909 = PCURVE('',#9704,#9910);
#9910 = DEFINITIONAL_REPRESENTATION('',(#9911),#9915);
#9911 = LINE('',#9912,#9913);
#9912 = CARTESIAN_POINT('',(0.,0.));
#9913 = VECTOR('',#9914,1.);
#9914 = DIRECTION('',(0.,1.));
#9915 = ( GEOMETRIC_REPRESENTATION_CONTEXT(2) 
PARAMETRIC_REPRESENTATION_CONTEXT() REPRESENTATION_CONTEXT('2D SPACE',''
  ) );
#9916 = PCURVE('',#9676,#9917);
#9917 = DEFINITIONAL_REPRESENTATION('',(#9918),#9922);
#9918 = LINE('',#9919,#9920);
#9919 = CARTESIAN_POINT('',(0.,20.));
#9920 = VECTOR('',#9921,1.);
#9921 = DIRECTION('',(1.,0.));
#9922 = ( GEOMETRIC_REPRESENTATION_CONTEXT(2) 
PARAMETRIC_REPRESENTATION_CONTEXT() REPRESENTATION_CONTEXT('2D SPACE',''
  ) );
#9923 = ORIENTED_EDGE('',*,*,#9688,.T.);
#9924 = ORIENTED_EDGE('',*,*,#9846,.T.);
#9925 = ORIENTED_EDGE('',*,*,#9926,.F.);
#9926 = EDGE_CURVE('',#9902,#9824,#9927,.T.);
#9927 = SURFACE_CURVE('',#9928,(#9932,#9939),.PCURVE_S1.);
#9928 = LINE('',#9929,#9930);
#9929 = CARTESIAN_POINT('',(96.,10.,23.3));
#9930 = VECTOR('',#9931,1.);
#9931 = DIRECTION('',(0.,0.,1.));
#9932 = PCURVE('',#9704,#9933);
#9933 = DEFINITIONAL_REPRESENTATION('',(#9934),#9938);
#9934 = LINE('',#9935,#9936);
#9935 = CARTESIAN_POINT('',(0.,16.));
#9936 = VECTOR('',#9937,1.);
#9937 = DIRECTION('',(1.,0.));
#9938 = ( GEOMETRIC_REPRESENTATION_CONTEXT(2) 
PARAMETRIC_REPRESENTATION_CONTEXT() REPRESENTATION_CONTEXT('2D SPACE',''
  ) );
#9939 = PCURVE('',#9806,#9940);
#9940 = DEFINITIONAL_REPRESENTATION('',(#9941),#9945);
#9941 = LINE('',#9942,#9943);
#9942 = CARTESIAN_POINT('',(0.,-20.));
#9943 = VECTOR('',#9944,1.);
#9944 = DIRECTION('',(1.,0.));
#9945 = ( GEOMETRIC_REPRESENTATION_CONTEXT(2) 
PARAMETRIC_REPRESENTATION_CONTEXT() REPRESENTATION_CONTEXT('2D SPACE',''
  ) );
#9946 = ADVANCED_FACE('',(#9947,#9973),#9676,.F.);
#9947 = FACE_BOUND('',#9948,.F.);
#9948 = EDGE_LOOP('',(#9949,#9950,#9951,#9972));
#9949 = ORIENTED_EDGE('',*,*,#9660,.F.);
#9950 = ORIENTED_EDGE('',*,*,#9745,.T.);
#9951 = ORIENTED_EDGE('',*,*,#9952,.T.);
#9952 = EDGE_CURVE('',#9746,#9902,#9953,.T.);
#9953 = SURFACE_CURVE('',#9954,(#9958,#9965),.PCURVE_S1.);
#9954 = LINE('',#9955,#9956);
#9955 = CARTESIAN_POINT('',(96.,-10.,23.3));
#9956 = VECTOR('',#9957,1.);
#9957 = DIRECTION('',(0.,1.,0.));
#9958 = PCURVE('',#9676,#9959);
#9959 = DEFINITIONAL_REPRESENTATION('',(#9960),#9964);
#9960 = LINE('',#9961,#9962);
#9961 = CARTESIAN_POINT('',(16.,0.));
#9962 = VECTOR('',#9963,1.);
#9963 = DIRECTION('',(0.,1.));
#9964 = ( GEOMETRIC_REPRESENTATION_CONTEXT(2) 
PARAMETRIC_REPRESENTATION_CONTEXT() REPRESENTATION_CONTEXT('2D SPACE',''
  ) );
#9965 = PCURVE('',#9806,#9966);
#9966 = DEFINITIONAL_REPRESENTATION('',(#9967),#9971);
#9967 = LINE('',#9968,#9969);
#9968 = CARTESIAN_POINT('',(0.,0.));
#9969 = VECTOR('',#9970,1.);
#9970 = DIRECTION('',(0.,-1.));
#9971 = ( GEOMETRIC_REPRESENTATION_CONTEXT(2) 
PARAMETRIC_REPRESENTATION_CONTEXT() REPRESENTATION_CONTEXT('2D SPACE',''
  ) );
#9972 = ORIENTED_EDGE('',*,*,#9901,.F.);
#9973 = FACE_BOUND('',#9974,.F.);
#9974 = EDGE_LOOP('',(#9975));
#9975 = ORIENTED_EDGE('',*,*,#9976,.F.);
#9976 = EDGE_CURVE('',#9977,#9977,#9979,.T.);
#9977 = VERTEX_POINT('',#9978);
#9978 = CARTESIAN_POINT('',(91.4,-8.327598234202E-16,23.3));
#9979 = SURFACE_CURVE('',#9980,(#9985,#9992),.PCURVE_S1.);
#9980 = CIRCLE('',#9981,3.4);
#9981 = AXIS2_PLACEMENT_3D('',#9982,#9983,#9984);
#9982 = CARTESIAN_POINT('',(88.,0.,23.3));
#9983 = DIRECTION('',(0.,0.,1.));
#9984 = DIRECTION('',(1.,0.,-0.));
#9985 = PCURVE('',#9676,#9986);
#9986 = DEFINITIONAL_REPRESENTATION('',(#9987),#9991);
#9987 = CIRCLE('',#9988,3.4);
#9988 = AXIS2_PLACEMENT_2D('',#9989,#9990);
#9989 = CARTESIAN_POINT('',(8.,10.));
#9990 = DIRECTION('',(1.,0.));
#9991 = ( GEOMETRIC_REPRESENTATION_CONTEXT(2) 
PARAMETRIC_REPRESENTATION_CONTEXT() REPRESENTATION_CONTEXT('2D SPACE',''
  ) );
#9992 = PCURVE('',#9886,#9993);
#9993 = DEFINITIONAL_REPRESENTATION('',(#9994),#9998);
#9994 = LINE('',#9995,#9996);
#9995 = CARTESIAN_POINT('',(0.,23.3));
#9996 = VECTOR('',#9997,1.);
#9997 = DIRECTION('',(1.,0.));
#9998 = ( GEOMETRIC_REPRESENTATION_CONTEXT(2) 
PARAMETRIC_REPRESENTATION_CONTEXT() REPRESENTATION_CONTEXT('2D SPACE',''
  ) );
#9999 = ADVANCED_FACE('',(#10000),#9806,.T.);
#10000 = FACE_BOUND('',#10001,.T.);
#10001 = EDGE_LOOP('',(#10002,#10003,#10004,#10005));
#10002 = ORIENTED_EDGE('',*,*,#9792,.F.);
#10003 = ORIENTED_EDGE('',*,*,#9952,.T.);
#10004 = ORIENTED_EDGE('',*,*,#9926,.T.);
#10005 = ORIENTED_EDGE('',*,*,#9823,.F.);
#10006 = ADVANCED_FACE('',(#10007),#9886,.F.);
#10007 = FACE_BOUND('',#10008,.F.);
#10008 = EDGE_LOOP('',(#10009,#10010,#10031,#10032));
#10009 = ORIENTED_EDGE('',*,*,#9869,.F.);
#10010 = ORIENTED_EDGE('',*,*,#10011,.F.);
#10011 = EDGE_CURVE('',#9977,#9870,#10012,.T.);
#10012 = SEAM_CURVE('',#10013,(#10017,#10024),.PCURVE_S1.);
#10013 = LINE('',#10014,#10015);
#10014 = CARTESIAN_POINT('',(91.4,-8.327598234202E-16,0.));
#10015 = VECTOR('',#10016,1.);
#10016 = DIRECTION('',(0.,0.,1.));
#10017 = PCURVE('',#9886,#10018);
#10018 = DEFINITIONAL_REPRESENTATION('',(#10019),#10023);
#10019 = LINE('',#10020,#10021);
#10020 = CARTESIAN_POINT('',(6.28318530718,-0.));
#10021 = VECTOR('',#10022,1.);
#10022 = DIRECTION('',(0.,1.));
#10023 = ( GEOMETRIC_REPRESENTATION_CONTEXT(2) 
PARAMETRIC_REPRESENTATION_CONTEXT() REPRESENTATION_CONTEXT('2D SPACE',''
  ) );
#10024 = PCURVE('',#9886,#10025);
#10025 = DEFINITIONAL_REPRESENTATION('',(#10026),#10030);
#10026 = LINE('',#10027,#10028);
#10027 = CARTESIAN_POINT('',(0.,-0.));
#10028 = VECTOR('',#10029,1.);
#10029 = DIRECTION('',(0.,1.));
#10030 = ( GEOMETRIC_REPRESENTATION_CONTEXT(2) 
PARAMETRIC_REPRESENTATION_CONTEXT() REPRESENTATION_CONTEXT('2D SPACE',''
  ) );
#10031 = ORIENTED_EDGE('',*,*,#9976,.T.);
#10032 = ORIENTED_EDGE('',*,*,#10011,.T.);
#10033 = ( GEOMETRIC_REPRESENTATION_CONTEXT(3) 
GLOBAL_UNCERTAINTY_ASSIGNED_CONTEXT((#10037)) 
GLOBAL_UNIT_ASSIGNED_CONTEXT((#10034,#10035,#10036)) 
REPRESENTATION_CONTEXT('Context #1',
  '3D Context with UNIT and UNCERTAINTY') );
#10034 = ( LENGTH_UNIT() NAMED_UNIT(*) SI_UNIT(.MILLI.,.METRE.) );
#10035 = ( NAMED_UNIT(*) PLANE_ANGLE_UNIT() SI_UNIT($,.RADIAN.) );
#10036 = ( NAMED_UNIT(*) SI_UNIT($,.STERADIAN.) SOLID_ANGLE_UNIT() );
#10037 = UNCERTAINTY_MEASURE_WITH_UNIT(LENGTH_MEASURE(1.E-07),#10034,
  'distance_accuracy_value','confusion accuracy');
#10038 = CONTEXT_DEPENDENT_SHAPE_REPRESENTATION(#10039,#10041);
#10039 = ( REPRESENTATION_RELATIONSHIP('','',#9618,#10) 
REPRESENTATION_RELATIONSHIP_WITH_TRANSFORMATION(#10040) 
SHAPE_REPRESENTATION_RELATIONSHIP() );
#10040 = ITEM_DEFINED_TRANSFORMATION('','',#11,#31);
#10041 = PRODUCT_DEFINITION_SHAPE('Placement','Placement of an item',
  #10042);
#10042 = NEXT_ASSEMBLY_USAGE_OCCURRENCE('5','camera_pad','',#5,#9613,$);
#10043 = PRODUCT_RELATED_PRODUCT_CATEGORY('part',$,(#9615));
#10044 = SHAPE_DEFINITION_REPRESENTATION(#10045,#10051);
#10045 = PRODUCT_DEFINITION_SHAPE('','',#10046);
#10046 = PRODUCT_DEFINITION('design','',#10047,#10050);
#10047 = PRODUCT_DEFINITION_FORMATION('','',#10048);
#10048 = PRODUCT('pressure_shoe','pressure_shoe','',(#10049));
#10049 = PRODUCT_CONTEXT('',#2,'mechanical');
#10050 = PRODUCT_DEFINITION_CONTEXT('part definition',#2,'design');
#10051 = ADVANCED_BREP_SHAPE_REPRESENTATION('',(#11,#10052),#10382);
#10052 = MANIFOLD_SOLID_BREP('',#10053);
#10053 = CLOSED_SHELL('',(#10054,#10174,#10250,#10321,#10368,#10375));
#10054 = ADVANCED_FACE('',(#10055),#10069,.F.);
#10055 = FACE_BOUND('',#10056,.T.);
#10056 = EDGE_LOOP('',(#10057,#10092,#10120,#10148));
#10057 = ORIENTED_EDGE('',*,*,#10058,.T.);
#10058 = EDGE_CURVE('',#10059,#10061,#10063,.T.);
#10059 = VERTEX_POINT('',#10060);
#10060 = CARTESIAN_POINT('',(109.,-15.45,7.));
#10061 = VERTEX_POINT('',#10062);
#10062 = CARTESIAN_POINT('',(115.,-15.45,7.));
#10063 = SURFACE_CURVE('',#10064,(#10068,#10080),.PCURVE_S1.);
#10064 = LINE('',#10065,#10066);
#10065 = CARTESIAN_POINT('',(109.,-15.45,7.));
#10066 = VECTOR('',#10067,1.);
#10067 = DIRECTION('',(1.,-0.,-0.));
#10068 = PCURVE('',#10069,#10074);
#10069 = PLANE('',#10070);
#10070 = AXIS2_PLACEMENT_3D('',#10071,#10072,#10073);
#10071 = CARTESIAN_POINT('',(109.,-15.45,7.));
#10072 = DIRECTION('',(-0.,-0.,1.));
#10073 = DIRECTION('',(0.,1.,0.));
#10074 = DEFINITIONAL_REPRESENTATION('',(#10075),#10079);
#10075 = LINE('',#10076,#10077);
#10076 = CARTESIAN_POINT('',(-0.,-0.));
#10077 = VECTOR('',#10078,1.);
#10078 = DIRECTION('',(-0.,-1.));
#10079 = ( GEOMETRIC_REPRESENTATION_CONTEXT(2) 
PARAMETRIC_REPRESENTATION_CONTEXT() REPRESENTATION_CONTEXT('2D SPACE',''
  ) );
#10080 = PCURVE('',#10081,#10086);
#10081 = PLANE('',#10082);
#10082 = AXIS2_PLACEMENT_3D('',#10083,#10084,#10085);
#10083 = CARTESIAN_POINT('',(109.,-19.45,11.));
#10084 = DIRECTION('',(-0.,-0.707106781187,-0.707106781187));
#10085 = DIRECTION('',(-0.,-0.707106781187,0.707106781187));
#10086 = DEFINITIONAL_REPRESENTATION('',(#10087),#10091);
#10087 = LINE('',#10088,#10089);
#10088 = CARTESIAN_POINT('',(-5.656854249492,0.));
#10089 = VECTOR('',#10090,1.);
#10090 = DIRECTION('',(-0.,-1.));
#10091 = ( GEOMETRIC_REPRESENTATION_CONTEXT(2) 
PARAMETRIC_REPRESENTATION_CONTEXT() REPRESENTATION_CONTEXT('2D SPACE',''
  ) );
#10092 = ORIENTED_EDGE('',*,*,#10093,.T.);
#10093 = EDGE_CURVE('',#10061,#10094,#10096,.T.);
#10094 = VERTEX_POINT('',#10095);
#10095 = CARTESIAN_POINT('',(115.,-24.4,7.));
#10096 = SURFACE_CURVE('',#10097,(#10101,#10108),.PCURVE_S1.);
#10097 = LINE('',#10098,#10099);
#10098 = CARTESIAN_POINT('',(115.,-15.45,7.));
#10099 = VECTOR('',#10100,1.);
#10100 = DIRECTION('',(-0.,-1.,-0.));
#10101 = PCURVE('',#10069,#10102);
#10102 = DEFINITIONAL_REPRESENTATION('',(#10103),#10107);
#10103 = LINE('',#10104,#10105);
#10104 = CARTESIAN_POINT('',(-0.,-6.));
#10105 = VECTOR('',#10106,1.);
#10106 = DIRECTION('',(-1.,0.));
#10107 = ( GEOMETRIC_REPRESENTATION_CONTEXT(2) 
PARAMETRIC_REPRESENTATION_CONTEXT() REPRESENTATION_CONTEXT('2D SPACE',''
  ) );
#10108 = PCURVE('',#10109,#10114);
#10109 = PLANE('',#10110);
#10110 = AXIS2_PLACEMENT_3D('',#10111,#10112,#10113);
#10111 = CARTESIAN_POINT('',(115.,-20.51078643762,8.660396081953));
#10112 = DIRECTION('',(1.,-0.,-0.));
#10113 = DIRECTION('',(0.,0.,-1.));
#10114 = DEFINITIONAL_REPRESENTATION('',(#10115),#10119);
#10115 = LINE('',#10116,#10117);
#10116 = CARTESIAN_POINT('',(1.660396081953,5.060786437627));
#10117 = VECTOR('',#10118,1.);
#10118 = DIRECTION('',(-0.,-1.));
#10119 = ( GEOMETRIC_REPRESENTATION_CONTEXT(2) 
PARAMETRIC_REPRESENTATION_CONTEXT() REPRESENTATION_CONTEXT('2D SPACE',''
  ) );
#10120 = ORIENTED_EDGE('',*,*,#10121,.F.);
#10121 = EDGE_CURVE('',#10122,#10094,#10124,.T.);
#10122 = VERTEX_POINT('',#10123);
#10123 = CARTESIAN_POINT('',(109.,-24.4,7.));
#10124 = SURFACE_CURVE('',#10125,(#10129,#10136),.PCURVE_S1.);
#10125 = LINE('',#10126,#10127);
#10126 = CARTESIAN_POINT('',(109.,-24.4,7.));
#10127 = VECTOR('',#10128,1.);
#10128 = DIRECTION('',(1.,-0.,-0.));
#10129 = PCURVE('',#10069,#10130);
#10130 = DEFINITIONAL_REPRESENTATION('',(#10131),#10135);
#10131 = LINE('',#10132,#10133);
#10132 = CARTESIAN_POINT('',(-8.95,0.));
#10133 = VECTOR('',#10134,1.);
#10134 = DIRECTION('',(-0.,-1.));
#10135 = ( GEOMETRIC_REPRESENTATION_CONTEXT(2) 
PARAMETRIC_REPRESENTATION_CONTEXT() REPRESENTATION_CONTEXT('2D SPACE',''
  ) );
#10136 = PCURVE('',#10137,#10142);
#10137 = PLANE('',#10138);
#10138 = AXIS2_PLACEMENT_3D('',#10139,#10140,#10141);
#10139 = CARTESIAN_POINT('',(109.,-24.4,7.));
#10140 = DIRECTION('',(-0.,1.,-0.));
#10141 = DIRECTION('',(0.,0.,-1.));
#10142 = DEFINITIONAL_REPRESENTATION('',(#10143),#10147);
#10143 = LINE('',#10144,#10145);
#10144 = CARTESIAN_POINT('',(-0.,-0.));
#10145 = VECTOR('',#10146,1.);
#10146 = DIRECTION('',(-0.,-1.));
#10147 = ( GEOMETRIC_REPRESENTATION_CONTEXT(2) 
PARAMETRIC_REPRESENTATION_CONTEXT() REPRESENTATION_CONTEXT('2D SPACE',''
  ) );
#10148 = ORIENTED_EDGE('',*,*,#10149,.F.);
#10149 = EDGE_CURVE('',#10059,#10122,#10150,.T.);
#10150 = SURFACE_CURVE('',#10151,(#10155,#10162),.PCURVE_S1.);
#10151 = LINE('',#10152,#10153);
#10152 = CARTESIAN_POINT('',(109.,-15.45,7.));
#10153 = VECTOR('',#10154,1.);
#10154 = DIRECTION('',(-0.,-1.,-0.));
#10155 = PCURVE('',#10069,#10156);
#10156 = DEFINITIONAL_REPRESENTATION('',(#10157),#10161);
#10157 = LINE('',#10158,#10159);
#10158 = CARTESIAN_POINT('',(-0.,-0.));
#10159 = VECTOR('',#10160,1.);
#10160 = DIRECTION('',(-1.,0.));
#10161 = ( GEOMETRIC_REPRESENTATION_CONTEXT(2) 
PARAMETRIC_REPRESENTATION_CONTEXT() REPRESENTATION_CONTEXT('2D SPACE',''
  ) );
#10162 = PCURVE('',#10163,#10168);
#10163 = PLANE('',#10164);
#10164 = AXIS2_PLACEMENT_3D('',#10165,#10166,#10167);
#10165 = CARTESIAN_POINT('',(109.,-20.51078643762,8.660396081953));
#10166 = DIRECTION('',(1.,-0.,-0.));
#10167 = DIRECTION('',(0.,0.,-1.));
#10168 = DEFINITIONAL_REPRESENTATION('',(#10169),#10173);
#10169 = LINE('',#10170,#10171);
#10170 = CARTESIAN_POINT('',(1.660396081953,5.060786437627));
#10171 = VECTOR('',#10172,1.);
#10172 = DIRECTION('',(-0.,-1.));
#10173 = ( GEOMETRIC_REPRESENTATION_CONTEXT(2) 
PARAMETRIC_REPRESENTATION_CONTEXT() REPRESENTATION_CONTEXT('2D SPACE',''
  ) );
#10174 = ADVANCED_FACE('',(#10175),#10137,.F.);
#10175 = FACE_BOUND('',#10176,.T.);
#10176 = EDGE_LOOP('',(#10177,#10178,#10201,#10229));
#10177 = ORIENTED_EDGE('',*,*,#10121,.T.);
#10178 = ORIENTED_EDGE('',*,*,#10179,.T.);
#10179 = EDGE_CURVE('',#10094,#10180,#10182,.T.);
#10180 = VERTEX_POINT('',#10181);
#10181 = CARTESIAN_POINT('',(115.,-24.4,11.));
#10182 = SURFACE_CURVE('',#10183,(#10187,#10194),.PCURVE_S1.);
#10183 = LINE('',#10184,#10185);
#10184 = CARTESIAN_POINT('',(115.,-24.4,7.));
#10185 = VECTOR('',#10186,1.);
#10186 = DIRECTION('',(-0.,-0.,1.));
#10187 = PCURVE('',#10137,#10188);
#10188 = DEFINITIONAL_REPRESENTATION('',(#10189),#10193);
#10189 = LINE('',#10190,#10191);
#10190 = CARTESIAN_POINT('',(-0.,-6.));
#10191 = VECTOR('',#10192,1.);
#10192 = DIRECTION('',(-1.,0.));
#10193 = ( GEOMETRIC_REPRESENTATION_CONTEXT(2) 
PARAMETRIC_REPRESENTATION_CONTEXT() REPRESENTATION_CONTEXT('2D SPACE',''
  ) );
#10194 = PCURVE('',#10109,#10195);
#10195 = DEFINITIONAL_REPRESENTATION('',(#10196),#10200);
#10196 = LINE('',#10197,#10198);
#10197 = CARTESIAN_POINT('',(1.660396081953,-3.889213562373));
#10198 = VECTOR('',#10199,1.);
#10199 = DIRECTION('',(-1.,0.));
#10200 = ( GEOMETRIC_REPRESENTATION_CONTEXT(2) 
PARAMETRIC_REPRESENTATION_CONTEXT() REPRESENTATION_CONTEXT('2D SPACE',''
  ) );
#10201 = ORIENTED_EDGE('',*,*,#10202,.F.);
#10202 = EDGE_CURVE('',#10203,#10180,#10205,.T.);
#10203 = VERTEX_POINT('',#10204);
#10204 = CARTESIAN_POINT('',(109.,-24.4,11.));
#10205 = SURFACE_CURVE('',#10206,(#10210,#10217),.PCURVE_S1.);
#10206 = LINE('',#10207,#10208);
#10207 = CARTESIAN_POINT('',(109.,-24.4,11.));
#10208 = VECTOR('',#10209,1.);
#10209 = DIRECTION('',(1.,-0.,-0.));
#10210 = PCURVE('',#10137,#10211);
#10211 = DEFINITIONAL_REPRESENTATION('',(#10212),#10216);
#10212 = LINE('',#10213,#10214);
#10213 = CARTESIAN_POINT('',(-4.,-0.));
#10214 = VECTOR('',#10215,1.);
#10215 = DIRECTION('',(-0.,-1.));
#10216 = ( GEOMETRIC_REPRESENTATION_CONTEXT(2) 
PARAMETRIC_REPRESENTATION_CONTEXT() REPRESENTATION_CONTEXT('2D SPACE',''
  ) );
#10217 = PCURVE('',#10218,#10223);
#10218 = PLANE('',#10219);
#10219 = AXIS2_PLACEMENT_3D('',#10220,#10221,#10222);
#10220 = CARTESIAN_POINT('',(109.,-24.4,11.));
#10221 = DIRECTION('',(-0.,-0.,-1.));
#10222 = DIRECTION('',(0.,-1.,0.));
#10223 = DEFINITIONAL_REPRESENTATION('',(#10224),#10228);
#10224 = LINE('',#10225,#10226);
#10225 = CARTESIAN_POINT('',(-0.,0.));
#10226 = VECTOR('',#10227,1.);
#10227 = DIRECTION('',(-0.,-1.));
#10228 = ( GEOMETRIC_REPRESENTATION_CONTEXT(2) 
PARAMETRIC_REPRESENTATION_CONTEXT() REPRESENTATION_CONTEXT('2D SPACE',''
  ) );
#10229 = ORIENTED_EDGE('',*,*,#10230,.F.);
#10230 = EDGE_CURVE('',#10122,#10203,#10231,.T.);
#10231 = SURFACE_CURVE('',#10232,(#10236,#10243),.PCURVE_S1.);
#10232 = LINE('',#10233,#10234);
#10233 = CARTESIAN_POINT('',(109.,-24.4,7.));
#10234 = VECTOR('',#10235,1.);
#10235 = DIRECTION('',(-0.,-0.,1.));
#10236 = PCURVE('',#10137,#10237);
#10237 = DEFINITIONAL_REPRESENTATION('',(#10238),#10242);
#10238 = LINE('',#10239,#10240);
#10239 = CARTESIAN_POINT('',(-0.,-0.));
#10240 = VECTOR('',#10241,1.);
#10241 = DIRECTION('',(-1.,0.));
#10242 = ( GEOMETRIC_REPRESENTATION_CONTEXT(2) 
PARAMETRIC_REPRESENTATION_CONTEXT() REPRESENTATION_CONTEXT('2D SPACE',''
  ) );
#10243 = PCURVE('',#10163,#10244);
#10244 = DEFINITIONAL_REPRESENTATION('',(#10245),#10249);
#10245 = LINE('',#10246,#10247);
#10246 = CARTESIAN_POINT('',(1.660396081953,-3.889213562373));
#10247 = VECTOR('',#10248,1.);
#10248 = DIRECTION('',(-1.,0.));
#10249 = ( GEOMETRIC_REPRESENTATION_CONTEXT(2) 
PARAMETRIC_REPRESENTATION_CONTEXT() REPRESENTATION_CONTEXT('2D SPACE',''
  ) );
#10250 = ADVANCED_FACE('',(#10251),#10218,.F.);
#10251 = FACE_BOUND('',#10252,.T.);
#10252 = EDGE_LOOP('',(#10253,#10254,#10277,#10300));
#10253 = ORIENTED_EDGE('',*,*,#10202,.T.);
#10254 = ORIENTED_EDGE('',*,*,#10255,.T.);
#10255 = EDGE_CURVE('',#10180,#10256,#10258,.T.);
#10256 = VERTEX_POINT('',#10257);
#10257 = CARTESIAN_POINT('',(115.,-19.45,11.));
#10258 = SURFACE_CURVE('',#10259,(#10263,#10270),.PCURVE_S1.);
#10259 = LINE('',#10260,#10261);
#10260 = CARTESIAN_POINT('',(115.,-24.4,11.));
#10261 = VECTOR('',#10262,1.);
#10262 = DIRECTION('',(-0.,1.,-0.));
#10263 = PCURVE('',#10218,#10264);
#10264 = DEFINITIONAL_REPRESENTATION('',(#10265),#10269);
#10265 = LINE('',#10266,#10267);
#10266 = CARTESIAN_POINT('',(-0.,-6.));
#10267 = VECTOR('',#10268,1.);
#10268 = DIRECTION('',(-1.,0.));
#10269 = ( GEOMETRIC_REPRESENTATION_CONTEXT(2) 
PARAMETRIC_REPRESENTATION_CONTEXT() REPRESENTATION_CONTEXT('2D SPACE',''
  ) );
#10270 = PCURVE('',#10109,#10271);
#10271 = DEFINITIONAL_REPRESENTATION('',(#10272),#10276);
#10272 = LINE('',#10273,#10274);
#10273 = CARTESIAN_POINT('',(-2.339603918047,-3.889213562373));
#10274 = VECTOR('',#10275,1.);
#10275 = DIRECTION('',(-0.,1.));
#10276 = ( GEOMETRIC_REPRESENTATION_CONTEXT(2) 
PARAMETRIC_REPRESENTATION_CONTEXT() REPRESENTATION_CONTEXT('2D SPACE',''
  ) );
#10277 = ORIENTED_EDGE('',*,*,#10278,.F.);
#10278 = EDGE_CURVE('',#10279,#10256,#10281,.T.);
#10279 = VERTEX_POINT('',#10280);
#10280 = CARTESIAN_POINT('',(109.,-19.45,11.));
#10281 = SURFACE_CURVE('',#10282,(#10286,#10293),.PCURVE_S1.);
#10282 = LINE('',#10283,#10284);
#10283 = CARTESIAN_POINT('',(109.,-19.45,11.));
#10284 = VECTOR('',#10285,1.);
#10285 = DIRECTION('',(1.,-0.,-0.));
#10286 = PCURVE('',#10218,#10287);
#10287 = DEFINITIONAL_REPRESENTATION('',(#10288),#10292);
#10288 = LINE('',#10289,#10290);
#10289 = CARTESIAN_POINT('',(-4.95,0.));
#10290 = VECTOR('',#10291,1.);
#10291 = DIRECTION('',(-0.,-1.));
#10292 = ( GEOMETRIC_REPRESENTATION_CONTEXT(2) 
PARAMETRIC_REPRESENTATION_CONTEXT() REPRESENTATION_CONTEXT('2D SPACE',''
  ) );
#10293 = PCURVE('',#10081,#10294);
#10294 = DEFINITIONAL_REPRESENTATION('',(#10295),#10299);
#10295 = LINE('',#10296,#10297);
#10296 = CARTESIAN_POINT('',(-0.,-0.));
#10297 = VECTOR('',#10298,1.);
#10298 = DIRECTION('',(-0.,-1.));
#10299 = ( GEOMETRIC_REPRESENTATION_CONTEXT(2) 
PARAMETRIC_REPRESENTATION_CONTEXT() REPRESENTATION_CONTEXT('2D SPACE',''
  ) );
#10300 = ORIENTED_EDGE('',*,*,#10301,.F.);
#10301 = EDGE_CURVE('',#10203,#10279,#10302,.T.);
#10302 = SURFACE_CURVE('',#10303,(#10307,#10314),.PCURVE_S1.);
#10303 = LINE('',#10304,#10305);
#10304 = CARTESIAN_POINT('',(109.,-24.4,11.));
#10305 = VECTOR('',#10306,1.);
#10306 = DIRECTION('',(-0.,1.,-0.));
#10307 = PCURVE('',#10218,#10308);
#10308 = DEFINITIONAL_REPRESENTATION('',(#10309),#10313);
#10309 = LINE('',#10310,#10311);
#10310 = CARTESIAN_POINT('',(-0.,0.));
#10311 = VECTOR('',#10312,1.);
#10312 = DIRECTION('',(-1.,0.));
#10313 = ( GEOMETRIC_REPRESENTATION_CONTEXT(2) 
PARAMETRIC_REPRESENTATION_CONTEXT() REPRESENTATION_CONTEXT('2D SPACE',''
  ) );
#10314 = PCURVE('',#10163,#10315);
#10315 = DEFINITIONAL_REPRESENTATION('',(#10316),#10320);
#10316 = LINE('',#10317,#10318);
#10317 = CARTESIAN_POINT('',(-2.339603918047,-3.889213562373));
#10318 = VECTOR('',#10319,1.);
#10319 = DIRECTION('',(-0.,1.));
#10320 = ( GEOMETRIC_REPRESENTATION_CONTEXT(2) 
PARAMETRIC_REPRESENTATION_CONTEXT() REPRESENTATION_CONTEXT('2D SPACE',''
  ) );
#10321 = ADVANCED_FACE('',(#10322),#10081,.F.);
#10322 = FACE_BOUND('',#10323,.T.);
#10323 = EDGE_LOOP('',(#10324,#10325,#10346,#10347));
#10324 = ORIENTED_EDGE('',*,*,#10278,.T.);
#10325 = ORIENTED_EDGE('',*,*,#10326,.T.);
#10326 = EDGE_CURVE('',#10256,#10061,#10327,.T.);
#10327 = SURFACE_CURVE('',#10328,(#10332,#10339),.PCURVE_S1.);
#10328 = LINE('',#10329,#10330);
#10329 = CARTESIAN_POINT('',(115.,-19.45,11.));
#10330 = VECTOR('',#10331,1.);
#10331 = DIRECTION('',(0.,0.707106781187,-0.707106781187));
#10332 = PCURVE('',#10081,#10333);
#10333 = DEFINITIONAL_REPRESENTATION('',(#10334),#10338);
#10334 = LINE('',#10335,#10336);
#10335 = CARTESIAN_POINT('',(-0.,-6.));
#10336 = VECTOR('',#10337,1.);
#10337 = DIRECTION('',(-1.,0.));
#10338 = ( GEOMETRIC_REPRESENTATION_CONTEXT(2) 
PARAMETRIC_REPRESENTATION_CONTEXT() REPRESENTATION_CONTEXT('2D SPACE',''
  ) );
#10339 = PCURVE('',#10109,#10340);
#10340 = DEFINITIONAL_REPRESENTATION('',(#10341),#10345);
#10341 = LINE('',#10342,#10343);
#10342 = CARTESIAN_POINT('',(-2.339603918047,1.060786437627));
#10343 = VECTOR('',#10344,1.);
#10344 = DIRECTION('',(0.707106781187,0.707106781187));
#10345 = ( GEOMETRIC_REPRESENTATION_CONTEXT(2) 
PARAMETRIC_REPRESENTATION_CONTEXT() REPRESENTATION_CONTEXT('2D SPACE',''
  ) );
#10346 = ORIENTED_EDGE('',*,*,#10058,.F.);
#10347 = ORIENTED_EDGE('',*,*,#10348,.F.);
#10348 = EDGE_CURVE('',#10279,#10059,#10349,.T.);
#10349 = SURFACE_CURVE('',#10350,(#10354,#10361),.PCURVE_S1.);
#10350 = LINE('',#10351,#10352);
#10351 = CARTESIAN_POINT('',(109.,-19.45,11.));
#10352 = VECTOR('',#10353,1.);
#10353 = DIRECTION('',(0.,0.707106781187,-0.707106781187));
#10354 = PCURVE('',#10081,#10355);
#10355 = DEFINITIONAL_REPRESENTATION('',(#10356),#10360);
#10356 = LINE('',#10357,#10358);
#10357 = CARTESIAN_POINT('',(-0.,-0.));
#10358 = VECTOR('',#10359,1.);
#10359 = DIRECTION('',(-1.,0.));
#10360 = ( GEOMETRIC_REPRESENTATION_CONTEXT(2) 
PARAMETRIC_REPRESENTATION_CONTEXT() REPRESENTATION_CONTEXT('2D SPACE',''
  ) );
#10361 = PCURVE('',#10163,#10362);
#10362 = DEFINITIONAL_REPRESENTATION('',(#10363),#10367);
#10363 = LINE('',#10364,#10365);
#10364 = CARTESIAN_POINT('',(-2.339603918047,1.060786437627));
#10365 = VECTOR('',#10366,1.);
#10366 = DIRECTION('',(0.707106781187,0.707106781187));
#10367 = ( GEOMETRIC_REPRESENTATION_CONTEXT(2) 
PARAMETRIC_REPRESENTATION_CONTEXT() REPRESENTATION_CONTEXT('2D SPACE',''
  ) );
#10368 = ADVANCED_FACE('',(#10369),#10163,.F.);
#10369 = FACE_BOUND('',#10370,.T.);
#10370 = EDGE_LOOP('',(#10371,#10372,#10373,#10374));
#10371 = ORIENTED_EDGE('',*,*,#10149,.T.);
#10372 = ORIENTED_EDGE('',*,*,#10230,.T.);
#10373 = ORIENTED_EDGE('',*,*,#10301,.T.);
#10374 = ORIENTED_EDGE('',*,*,#10348,.T.);
#10375 = ADVANCED_FACE('',(#10376),#10109,.T.);
#10376 = FACE_BOUND('',#10377,.F.);
#10377 = EDGE_LOOP('',(#10378,#10379,#10380,#10381));
#10378 = ORIENTED_EDGE('',*,*,#10093,.T.);
#10379 = ORIENTED_EDGE('',*,*,#10179,.T.);
#10380 = ORIENTED_EDGE('',*,*,#10255,.T.);
#10381 = ORIENTED_EDGE('',*,*,#10326,.T.);
#10382 = ( GEOMETRIC_REPRESENTATION_CONTEXT(3) 
GLOBAL_UNCERTAINTY_ASSIGNED_CONTEXT((#10386)) 
GLOBAL_UNIT_ASSIGNED_CONTEXT((#10383,#10384,#10385)) 
REPRESENTATION_CONTEXT('Context #1',
  '3D Context with UNIT and UNCERTAINTY') );
#10383 = ( LENGTH_UNIT() NAMED_UNIT(*) SI_UNIT(.MILLI.,.METRE.) );
#10384 = ( NAMED_UNIT(*) PLANE_ANGLE_UNIT() SI_UNIT($,.RADIAN.) );
#10385 = ( NAMED_UNIT(*) SI_UNIT($,.STERADIAN.) SOLID_ANGLE_UNIT() );
#10386 = UNCERTAINTY_MEASURE_WITH_UNIT(LENGTH_MEASURE(1.E-07),#10383,
  'distance_accuracy_value','confusion accuracy');
#10387 = CONTEXT_DEPENDENT_SHAPE_REPRESENTATION(#10388,#10390);
#10388 = ( REPRESENTATION_RELATIONSHIP('','',#10051,#10) 
REPRESENTATION_RELATIONSHIP_WITH_TRANSFORMATION(#10389) 
SHAPE_REPRESENTATION_RELATIONSHIP() );
#10389 = ITEM_DEFINED_TRANSFORMATION('','',#11,#35);
#10390 = PRODUCT_DEFINITION_SHAPE('Placement','Placement of an item',
  #10391);
#10391 = NEXT_ASSEMBLY_USAGE_OCCURRENCE('6','pressure_shoe','',#5,#10046
  ,$);
#10392 = PRODUCT_RELATED_PRODUCT_CATEGORY('part',$,(#10048));
#10393 = SHAPE_DEFINITION_REPRESENTATION(#10394,#10400);
#10394 = PRODUCT_DEFINITION_SHAPE('','',#10395);
#10395 = PRODUCT_DEFINITION('design','',#10396,#10399);
#10396 = PRODUCT_DEFINITION_FORMATION('','',#10397);
#10397 = PRODUCT('lock_knob','lock_knob','',(#10398));
#10398 = PRODUCT_CONTEXT('',#2,'mechanical');
#10399 = PRODUCT_DEFINITION_CONTEXT('part definition',#2,'design');
#10400 = ADVANCED_BREP_SHAPE_REPRESENTATION('',(#11,#10401),#12385);
#10401 = MANIFOLD_SOLID_BREP('',#10402);
#10402 = CLOSED_SHELL('',(#10403,#10533,#10619,#10705,#10791,#10877,
    #10963,#11049,#11131,#11217,#11299,#11385,#11467,#11553,#11639,
    #11720,#11799,#11858,#12032,#12103,#12152,#12201,#12250,#12299,
    #12326,#12358));
#10403 = ADVANCED_FACE('',(#10404),#10419,.T.);
#10404 = FACE_BOUND('',#10405,.F.);
#10405 = EDGE_LOOP('',(#10406,#10446,#10474,#10507));
#10406 = ORIENTED_EDGE('',*,*,#10407,.F.);
#10407 = EDGE_CURVE('',#10408,#10410,#10412,.T.);
#10408 = VERTEX_POINT('',#10409);
#10409 = CARTESIAN_POINT('',(120.3494117647,-43.5,7.407102268383));
#10410 = VERTEX_POINT('',#10411);
#10411 = CARTESIAN_POINT('',(119.0302744655,-43.5,4.222423110021));
#10412 = SURFACE_CURVE('',#10413,(#10418,#10430),.PCURVE_S1.);
#10413 = CIRCLE('',#10414,8.5);
#10414 = AXIS2_PLACEMENT_3D('',#10415,#10416,#10417);
#10415 = CARTESIAN_POINT('',(112.,-43.5,9.));
#10416 = DIRECTION('',(0.,1.,-1.110223024625E-16));
#10417 = DIRECTION('',(1.,-0.,-0.));
#10418 = PCURVE('',#10419,#10424);
#10419 = CYLINDRICAL_SURFACE('',#10420,8.5);
#10420 = AXIS2_PLACEMENT_3D('',#10421,#10422,#10423);
#10421 = CARTESIAN_POINT('',(112.,-35.5,9.));
#10422 = DIRECTION('',(-0.,-1.,1.110223024625E-16));
#10423 = DIRECTION('',(1.,-0.,-0.));
#10424 = DEFINITIONAL_REPRESENTATION('',(#10425),#10429);
#10425 = LINE('',#10426,#10427);
#10426 = CARTESIAN_POINT('',(-0.,8.));
#10427 = VECTOR('',#10428,1.);
#10428 = DIRECTION('',(-1.,0.));
#10429 = ( GEOMETRIC_REPRESENTATION_CONTEXT(2) 
PARAMETRIC_REPRESENTATION_CONTEXT() REPRESENTATION_CONTEXT('2D SPACE',''
  ) );
#10430 = PCURVE('',#10431,#10436);
#10431 = PLANE('',#10432);
#10432 = AXIS2_PLACEMENT_3D('',#10433,#10434,#10435);
#10433 = CARTESIAN_POINT('',(112.,-43.5,9.));
#10434 = DIRECTION('',(-0.,-1.,1.110223024625E-16));
#10435 = DIRECTION('',(-1.,0.,0.));
#10436 = DEFINITIONAL_REPRESENTATION('',(#10437),#10445);
#10437 = ( BOUNDED_CURVE() B_SPLINE_CURVE(2,(#10438,#10439,#10440,#10441
    ,#10442,#10443,#10444),.UNSPECIFIED.,.T.,.F.) 
B_SPLINE_CURVE_WITH_KNOTS((1,2,2,2,2,1),(-2.094395102393,0.,
    2.094395102393,4.188790204786,6.28318530718,8.377580409573),
.UNSPECIFIED.) CURVE() GEOMETRIC_REPRESENTATION_ITEM() 
RATIONAL_B_SPLINE_CURVE((1.,0.5,1.,0.5,1.,0.5,1.)) REPRESENTATION_ITEM(
  '') );
#10438 = CARTESIAN_POINT('',(-8.5,0.));
#10439 = CARTESIAN_POINT('',(-8.5,14.722431864335));
#10440 = CARTESIAN_POINT('',(4.25,7.361215932168));
#10441 = CARTESIAN_POINT('',(17.,2.08189955855E-15));
#10442 = CARTESIAN_POINT('',(4.25,-7.361215932168));
#10443 = CARTESIAN_POINT('',(-8.5,-14.72243186433));
#10444 = CARTESIAN_POINT('',(-8.5,0.));
#10445 = ( GEOMETRIC_REPRESENTATION_CONTEXT(2) 
PARAMETRIC_REPRESENTATION_CONTEXT() REPRESENTATION_CONTEXT('2D SPACE',''
  ) );
#10446 = ORIENTED_EDGE('',*,*,#10447,.F.);
#10447 = EDGE_CURVE('',#10448,#10408,#10450,.T.);
#10448 = VERTEX_POINT('',#10449);
#10449 = CARTESIAN_POINT('',(120.3494117647,-35.5,7.407102268383));
#10450 = SURFACE_CURVE('',#10451,(#10455,#10462),.PCURVE_S1.);
#10451 = LINE('',#10452,#10453);
#10452 = CARTESIAN_POINT('',(120.3494117647,-35.5,7.407102268383));
#10453 = VECTOR('',#10454,1.);
#10454 = DIRECTION('',(-0.,-1.,1.110223024625E-16));
#10455 = PCURVE('',#10419,#10456);
#10456 = DEFINITIONAL_REPRESENTATION('',(#10457),#10461);
#10457 = LINE('',#10458,#10459);
#10458 = CARTESIAN_POINT('',(-0.188514309921,0.));
#10459 = VECTOR('',#10460,1.);
#10460 = DIRECTION('',(-0.,1.));
#10461 = ( GEOMETRIC_REPRESENTATION_CONTEXT(2) 
PARAMETRIC_REPRESENTATION_CONTEXT() REPRESENTATION_CONTEXT('2D SPACE',''
  ) );
#10462 = PCURVE('',#10463,#10468);
#10463 = CYLINDRICAL_SURFACE('',#10464,1.6);
#10464 = AXIS2_PLACEMENT_3D('',#10465,#10466,#10467);
#10465 = CARTESIAN_POINT('',(120.5,-34.5,9.));
#10466 = DIRECTION('',(-0.,-1.,1.110223024625E-16));
#10467 = DIRECTION('',(1.,-0.,-0.));
#10468 = DEFINITIONAL_REPRESENTATION('',(#10469),#10473);
#10469 = LINE('',#10470,#10471);
#10470 = CARTESIAN_POINT('',(-1.665053481755,1.));
#10471 = VECTOR('',#10472,1.);
#10472 = DIRECTION('',(-0.,1.));
#10473 = ( GEOMETRIC_REPRESENTATION_CONTEXT(2) 
PARAMETRIC_REPRESENTATION_CONTEXT() REPRESENTATION_CONTEXT('2D SPACE',''
  ) );
#10474 = ORIENTED_EDGE('',*,*,#10475,.T.);
#10475 = EDGE_CURVE('',#10448,#10476,#10478,.T.);
#10476 = VERTEX_POINT('',#10477);
#10477 = CARTESIAN_POINT('',(119.0302744655,-35.5,4.222423110021));
#10478 = SURFACE_CURVE('',#10479,(#10484,#10491),.PCURVE_S1.);
#10479 = CIRCLE('',#10480,8.5);
#10480 = AXIS2_PLACEMENT_3D('',#10481,#10482,#10483);
#10481 = CARTESIAN_POINT('',(112.,-35.5,9.));
#10482 = DIRECTION('',(0.,1.,-1.110223024625E-16));
#10483 = DIRECTION('',(1.,-0.,-0.));
#10484 = PCURVE('',#10419,#10485);
#10485 = DEFINITIONAL_REPRESENTATION('',(#10486),#10490);
#10486 = LINE('',#10487,#10488);
#10487 = CARTESIAN_POINT('',(-0.,0.));
#10488 = VECTOR('',#10489,1.);
#10489 = DIRECTION('',(-1.,0.));
#10490 = ( GEOMETRIC_REPRESENTATION_CONTEXT(2) 
PARAMETRIC_REPRESENTATION_CONTEXT() REPRESENTATION_CONTEXT('2D SPACE',''
  ) );
#10491 = PCURVE('',#10492,#10497);
#10492 = PLANE('',#10493);
#10493 = AXIS2_PLACEMENT_3D('',#10494,#10495,#10496);
#10494 = CARTESIAN_POINT('',(112.,-35.5,9.));
#10495 = DIRECTION('',(-0.,-1.,1.110223024625E-16));
#10496 = DIRECTION('',(-1.,0.,0.));
#10497 = DEFINITIONAL_REPRESENTATION('',(#10498),#10506);
#10498 = ( BOUNDED_CURVE() B_SPLINE_CURVE(2,(#10499,#10500,#10501,#10502
    ,#10503,#10504,#10505),.UNSPECIFIED.,.T.,.F.) 
B_SPLINE_CURVE_WITH_KNOTS((1,2,2,2,2,1),(-2.094395102393,0.,
    2.094395102393,4.188790204786,6.28318530718,8.377580409573),
.UNSPECIFIED.) CURVE() GEOMETRIC_REPRESENTATION_ITEM() 
RATIONAL_B_SPLINE_CURVE((1.,0.5,1.,0.5,1.,0.5,1.)) REPRESENTATION_ITEM(
  '') );
#10499 = CARTESIAN_POINT('',(-8.5,0.));
#10500 = CARTESIAN_POINT('',(-8.5,14.722431864335));
#10501 = CARTESIAN_POINT('',(4.25,7.361215932168));
#10502 = CARTESIAN_POINT('',(17.,2.08189955855E-15));
#10503 = CARTESIAN_POINT('',(4.25,-7.361215932168));
#10504 = CARTESIAN_POINT('',(-8.5,-14.72243186433));
#10505 = CARTESIAN_POINT('',(-8.5,0.));
#10506 = ( GEOMETRIC_REPRESENTATION_CONTEXT(2) 
PARAMETRIC_REPRESENTATION_CONTEXT() REPRESENTATION_CONTEXT('2D SPACE',''
  ) );
#10507 = ORIENTED_EDGE('',*,*,#10508,.T.);
#10508 = EDGE_CURVE('',#10476,#10410,#10509,.T.);
#10509 = SURFACE_CURVE('',#10510,(#10514,#10521),.PCURVE_S1.);
#10510 = LINE('',#10511,#10512);
#10511 = CARTESIAN_POINT('',(119.0302744655,-35.5,4.222423110021));
#10512 = VECTOR('',#10513,1.);
#10513 = DIRECTION('',(-0.,-1.,1.110223024625E-16));
#10514 = PCURVE('',#10419,#10515);
#10515 = DEFINITIONAL_REPRESENTATION('',(#10516),#10520);
#10516 = LINE('',#10517,#10518);
#10517 = CARTESIAN_POINT('',(-0.596883853477,0.));
#10518 = VECTOR('',#10519,1.);
#10519 = DIRECTION('',(-0.,1.));
#10520 = ( GEOMETRIC_REPRESENTATION_CONTEXT(2) 
PARAMETRIC_REPRESENTATION_CONTEXT() REPRESENTATION_CONTEXT('2D SPACE',''
  ) );
#10521 = PCURVE('',#10522,#10527);
#10522 = CYLINDRICAL_SURFACE('',#10523,1.6);
#10523 = AXIS2_PLACEMENT_3D('',#10524,#10525,#10526);
#10524 = CARTESIAN_POINT('',(118.01040764008,-34.5,2.989592359914));
#10525 = DIRECTION('',(-0.,-1.,1.110223024625E-16));
#10526 = DIRECTION('',(1.,-0.,-0.));
#10527 = DEFINITIONAL_REPRESENTATION('',(#10528),#10532);
#10528 = LINE('',#10529,#10530);
#10529 = CARTESIAN_POINT('',(-5.403529988822,1.));
#10530 = VECTOR('',#10531,1.);
#10531 = DIRECTION('',(-0.,1.));
#10532 = ( GEOMETRIC_REPRESENTATION_CONTEXT(2) 
PARAMETRIC_REPRESENTATION_CONTEXT() REPRESENTATION_CONTEXT('2D SPACE',''
  ) );
#10533 = ADVANCED_FACE('',(#10534),#10463,.F.);
#10534 = FACE_BOUND('',#10535,.T.);
#10535 = EDGE_LOOP('',(#10536,#10537,#10565,#10593));
#10536 = ORIENTED_EDGE('',*,*,#10447,.F.);
#10537 = ORIENTED_EDGE('',*,*,#10538,.T.);
#10538 = EDGE_CURVE('',#10448,#10539,#10541,.T.);
#10539 = VERTEX_POINT('',#10540);
#10540 = CARTESIAN_POINT('',(120.3494117647,-35.5,10.592897731617));
#10541 = SURFACE_CURVE('',#10542,(#10547,#10554),.PCURVE_S1.);
#10542 = CIRCLE('',#10543,1.6);
#10543 = AXIS2_PLACEMENT_3D('',#10544,#10545,#10546);
#10544 = CARTESIAN_POINT('',(120.5,-35.5,9.));
#10545 = DIRECTION('',(0.,1.,-1.110223024625E-16));
#10546 = DIRECTION('',(1.,-0.,-0.));
#10547 = PCURVE('',#10463,#10548);
#10548 = DEFINITIONAL_REPRESENTATION('',(#10549),#10553);
#10549 = LINE('',#10550,#10551);
#10550 = CARTESIAN_POINT('',(-0.,1.));
#10551 = VECTOR('',#10552,1.);
#10552 = DIRECTION('',(-1.,0.));
#10553 = ( GEOMETRIC_REPRESENTATION_CONTEXT(2) 
PARAMETRIC_REPRESENTATION_CONTEXT() REPRESENTATION_CONTEXT('2D SPACE',''
  ) );
#10554 = PCURVE('',#10492,#10555);
#10555 = DEFINITIONAL_REPRESENTATION('',(#10556),#10564);
#10556 = ( BOUNDED_CURVE() B_SPLINE_CURVE(2,(#10557,#10558,#10559,#10560
    ,#10561,#10562,#10563),.UNSPECIFIED.,.T.,.F.) 
B_SPLINE_CURVE_WITH_KNOTS((1,2,2,2,2,1),(-2.094395102393,0.,
    2.094395102393,4.188790204786,6.28318530718,8.377580409573),
.UNSPECIFIED.) CURVE() GEOMETRIC_REPRESENTATION_ITEM() 
RATIONAL_B_SPLINE_CURVE((1.,0.5,1.,0.5,1.,0.5,1.)) REPRESENTATION_ITEM(
  '') );
#10557 = CARTESIAN_POINT('',(-10.1,0.));
#10558 = CARTESIAN_POINT('',(-10.1,2.77128129211));
#10559 = CARTESIAN_POINT('',(-7.7,1.385640646055));
#10560 = CARTESIAN_POINT('',(-5.3,3.918869757272E-16));
#10561 = CARTESIAN_POINT('',(-7.7,-1.385640646055));
#10562 = CARTESIAN_POINT('',(-10.1,-2.77128129211));
#10563 = CARTESIAN_POINT('',(-10.1,0.));
#10564 = ( GEOMETRIC_REPRESENTATION_CONTEXT(2) 
PARAMETRIC_REPRESENTATION_CONTEXT() REPRESENTATION_CONTEXT('2D SPACE',''
  ) );
#10565 = ORIENTED_EDGE('',*,*,#10566,.T.);
#10566 = EDGE_CURVE('',#10539,#10567,#10569,.T.);
#10567 = VERTEX_POINT('',#10568);
#10568 = CARTESIAN_POINT('',(120.3494117647,-43.5,10.592897731617));
#10569 = SURFACE_CURVE('',#10570,(#10574,#10581),.PCURVE_S1.);
#10570 = LINE('',#10571,#10572);
#10571 = CARTESIAN_POINT('',(120.3494117647,-35.5,10.592897731617));
#10572 = VECTOR('',#10573,1.);
#10573 = DIRECTION('',(-0.,-1.,1.110223024625E-16));
#10574 = PCURVE('',#10463,#10575);
#10575 = DEFINITIONAL_REPRESENTATION('',(#10576),#10580);
#10576 = LINE('',#10577,#10578);
#10577 = CARTESIAN_POINT('',(-4.618131825424,1.));
#10578 = VECTOR('',#10579,1.);
#10579 = DIRECTION('',(-0.,1.));
#10580 = ( GEOMETRIC_REPRESENTATION_CONTEXT(2) 
PARAMETRIC_REPRESENTATION_CONTEXT() REPRESENTATION_CONTEXT('2D SPACE',''
  ) );
#10581 = PCURVE('',#10582,#10587);
#10582 = CYLINDRICAL_SURFACE('',#10583,8.5);
#10583 = AXIS2_PLACEMENT_3D('',#10584,#10585,#10586);
#10584 = CARTESIAN_POINT('',(112.,-35.5,9.));
#10585 = DIRECTION('',(-0.,-1.,1.110223024625E-16));
#10586 = DIRECTION('',(1.,-0.,-0.));
#10587 = DEFINITIONAL_REPRESENTATION('',(#10588),#10592);
#10588 = LINE('',#10589,#10590);
#10589 = CARTESIAN_POINT('',(-6.094670997259,0.));
#10590 = VECTOR('',#10591,1.);
#10591 = DIRECTION('',(-0.,1.));
#10592 = ( GEOMETRIC_REPRESENTATION_CONTEXT(2) 
PARAMETRIC_REPRESENTATION_CONTEXT() REPRESENTATION_CONTEXT('2D SPACE',''
  ) );
#10593 = ORIENTED_EDGE('',*,*,#10594,.F.);
#10594 = EDGE_CURVE('',#10408,#10567,#10595,.T.);
#10595 = SURFACE_CURVE('',#10596,(#10601,#10608),.PCURVE_S1.);
#10596 = CIRCLE('',#10597,1.6);
#10597 = AXIS2_PLACEMENT_3D('',#10598,#10599,#10600);
#10598 = CARTESIAN_POINT('',(120.5,-43.5,9.));
#10599 = DIRECTION('',(0.,1.,-1.110223024625E-16));
#10600 = DIRECTION('',(1.,-0.,-0.));
#10601 = PCURVE('',#10463,#10602);
#10602 = DEFINITIONAL_REPRESENTATION('',(#10603),#10607);
#10603 = LINE('',#10604,#10605);
#10604 = CARTESIAN_POINT('',(-0.,9.));
#10605 = VECTOR('',#10606,1.);
#10606 = DIRECTION('',(-1.,0.));
#10607 = ( GEOMETRIC_REPRESENTATION_CONTEXT(2) 
PARAMETRIC_REPRESENTATION_CONTEXT() REPRESENTATION_CONTEXT('2D SPACE',''
  ) );
#10608 = PCURVE('',#10431,#10609);
#10609 = DEFINITIONAL_REPRESENTATION('',(#10610),#10618);
#10610 = ( BOUNDED_CURVE() B_SPLINE_CURVE(2,(#10611,#10612,#10613,#10614
    ,#10615,#10616,#10617),.UNSPECIFIED.,.T.,.F.) 
B_SPLINE_CURVE_WITH_KNOTS((1,2,2,2,2,1),(-2.094395102393,0.,
    2.094395102393,4.188790204786,6.28318530718,8.377580409573),
.UNSPECIFIED.) CURVE() GEOMETRIC_REPRESENTATION_ITEM() 
RATIONAL_B_SPLINE_CURVE((1.,0.5,1.,0.5,1.,0.5,1.)) REPRESENTATION_ITEM(
  '') );
#10611 = CARTESIAN_POINT('',(-10.1,0.));
#10612 = CARTESIAN_POINT('',(-10.1,2.77128129211));
#10613 = CARTESIAN_POINT('',(-7.7,1.385640646055));
#10614 = CARTESIAN_POINT('',(-5.3,3.918869757272E-16));
#10615 = CARTESIAN_POINT('',(-7.7,-1.385640646055));
#10616 = CARTESIAN_POINT('',(-10.1,-2.77128129211));
#10617 = CARTESIAN_POINT('',(-10.1,0.));
#10618 = ( GEOMETRIC_REPRESENTATION_CONTEXT(2) 
PARAMETRIC_REPRESENTATION_CONTEXT() REPRESENTATION_CONTEXT('2D SPACE',''
  ) );
#10619 = ADVANCED_FACE('',(#10620),#10582,.T.);
#10620 = FACE_BOUND('',#10621,.F.);
#10621 = EDGE_LOOP('',(#10622,#10650,#10678,#10704));
#10622 = ORIENTED_EDGE('',*,*,#10623,.F.);
#10623 = EDGE_CURVE('',#10624,#10567,#10626,.T.);
#10624 = VERTEX_POINT('',#10625);
#10625 = CARTESIAN_POINT('',(119.0302744655,-43.5,13.777576889979));
#10626 = SURFACE_CURVE('',#10627,(#10632,#10639),.PCURVE_S1.);
#10627 = CIRCLE('',#10628,8.5);
#10628 = AXIS2_PLACEMENT_3D('',#10629,#10630,#10631);
#10629 = CARTESIAN_POINT('',(112.,-43.5,9.));
#10630 = DIRECTION('',(0.,1.,-1.110223024625E-16));
#10631 = DIRECTION('',(1.,-0.,-0.));
#10632 = PCURVE('',#10582,#10633);
#10633 = DEFINITIONAL_REPRESENTATION('',(#10634),#10638);
#10634 = LINE('',#10635,#10636);
#10635 = CARTESIAN_POINT('',(-0.,8.));
#10636 = VECTOR('',#10637,1.);
#10637 = DIRECTION('',(-1.,0.));
#10638 = ( GEOMETRIC_REPRESENTATION_CONTEXT(2) 
PARAMETRIC_REPRESENTATION_CONTEXT() REPRESENTATION_CONTEXT('2D SPACE',''
  ) );
#10639 = PCURVE('',#10431,#10640);
#10640 = DEFINITIONAL_REPRESENTATION('',(#10641),#10649);
#10641 = ( BOUNDED_CURVE() B_SPLINE_CURVE(2,(#10642,#10643,#10644,#10645
    ,#10646,#10647,#10648),.UNSPECIFIED.,.T.,.F.) 
B_SPLINE_CURVE_WITH_KNOTS((1,2,2,2,2,1),(-2.094395102393,0.,
    2.094395102393,4.188790204786,6.28318530718,8.377580409573),
.UNSPECIFIED.) CURVE() GEOMETRIC_REPRESENTATION_ITEM() 
RATIONAL_B_SPLINE_CURVE((1.,0.5,1.,0.5,1.,0.5,1.)) REPRESENTATION_ITEM(
  '') );
#10642 = CARTESIAN_POINT('',(-8.5,0.));
#10643 = CARTESIAN_POINT('',(-8.5,14.722431864335));
#10644 = CARTESIAN_POINT('',(4.25,7.361215932168));
#10645 = CARTESIAN_POINT('',(17.,2.08189955855E-15));
#10646 = CARTESIAN_POINT('',(4.25,-7.361215932168));
#10647 = CARTESIAN_POINT('',(-8.5,-14.72243186433));
#10648 = CARTESIAN_POINT('',(-8.5,0.));
#10649 = ( GEOMETRIC_REPRESENTATION_CONTEXT(2) 
PARAMETRIC_REPRESENTATION_CONTEXT() REPRESENTATION_CONTEXT('2D SPACE',''
  ) );
#10650 = ORIENTED_EDGE('',*,*,#10651,.F.);
#10651 = EDGE_CURVE('',#10652,#10624,#10654,.T.);
#10652 = VERTEX_POINT('',#10653);
#10653 = CARTESIAN_POINT('',(119.0302744655,-35.5,13.777576889979));
#10654 = SURFACE_CURVE('',#10655,(#10659,#10666),.PCURVE_S1.);
#10655 = LINE('',#10656,#10657);
#10656 = CARTESIAN_POINT('',(119.0302744655,-35.5,13.777576889979));
#10657 = VECTOR('',#10658,1.);
#10658 = DIRECTION('',(-0.,-1.,1.110223024625E-16));
#10659 = PCURVE('',#10582,#10660);
#10660 = DEFINITIONAL_REPRESENTATION('',(#10661),#10665);
#10661 = LINE('',#10662,#10663);
#10662 = CARTESIAN_POINT('',(-5.686301453703,0.));
#10663 = VECTOR('',#10664,1.);
#10664 = DIRECTION('',(-0.,1.));
#10665 = ( GEOMETRIC_REPRESENTATION_CONTEXT(2) 
PARAMETRIC_REPRESENTATION_CONTEXT() REPRESENTATION_CONTEXT('2D SPACE',''
  ) );
#10666 = PCURVE('',#10667,#10672);
#10667 = CYLINDRICAL_SURFACE('',#10668,1.6);
#10668 = AXIS2_PLACEMENT_3D('',#10669,#10670,#10671);
#10669 = CARTESIAN_POINT('',(118.01040764008,-34.5,15.010407640086));
#10670 = DIRECTION('',(-0.,-1.,1.110223024625E-16));
#10671 = DIRECTION('',(1.,-0.,-0.));
#10672 = DEFINITIONAL_REPRESENTATION('',(#10673),#10677);
#10673 = LINE('',#10674,#10675);
#10674 = CARTESIAN_POINT('',(-0.879655318358,1.));
#10675 = VECTOR('',#10676,1.);
#10676 = DIRECTION('',(-0.,1.));
#10677 = ( GEOMETRIC_REPRESENTATION_CONTEXT(2) 
PARAMETRIC_REPRESENTATION_CONTEXT() REPRESENTATION_CONTEXT('2D SPACE',''
  ) );
#10678 = ORIENTED_EDGE('',*,*,#10679,.T.);
#10679 = EDGE_CURVE('',#10652,#10539,#10680,.T.);
#10680 = SURFACE_CURVE('',#10681,(#10686,#10693),.PCURVE_S1.);
#10681 = CIRCLE('',#10682,8.5);
#10682 = AXIS2_PLACEMENT_3D('',#10683,#10684,#10685);
#10683 = CARTESIAN_POINT('',(112.,-35.5,9.));
#10684 = DIRECTION('',(0.,1.,-1.110223024625E-16));
#10685 = DIRECTION('',(1.,-0.,-0.));
#10686 = PCURVE('',#10582,#10687);
#10687 = DEFINITIONAL_REPRESENTATION('',(#10688),#10692);
#10688 = LINE('',#10689,#10690);
#10689 = CARTESIAN_POINT('',(-0.,0.));
#10690 = VECTOR('',#10691,1.);
#10691 = DIRECTION('',(-1.,0.));
#10692 = ( GEOMETRIC_REPRESENTATION_CONTEXT(2) 
PARAMETRIC_REPRESENTATION_CONTEXT() REPRESENTATION_CONTEXT('2D SPACE',''
  ) );
#10693 = PCURVE('',#10492,#10694);
#10694 = DEFINITIONAL_REPRESENTATION('',(#10695),#10703);
#10695 = ( BOUNDED_CURVE() B_SPLINE_CURVE(2,(#10696,#10697,#10698,#10699
    ,#10700,#10701,#10702),.UNSPECIFIED.,.T.,.F.) 
B_SPLINE_CURVE_WITH_KNOTS((1,2,2,2,2,1),(-2.094395102393,0.,
    2.094395102393,4.188790204786,6.28318530718,8.377580409573),
.UNSPECIFIED.) CURVE() GEOMETRIC_REPRESENTATION_ITEM() 
RATIONAL_B_SPLINE_CURVE((1.,0.5,1.,0.5,1.,0.5,1.)) REPRESENTATION_ITEM(
  '') );
#10696 = CARTESIAN_POINT('',(-8.5,0.));
#10697 = CARTESIAN_POINT('',(-8.5,14.722431864335));
#10698 = CARTESIAN_POINT('',(4.25,7.361215932168));
#10699 = CARTESIAN_POINT('',(17.,2.08189955855E-15));
#10700 = CARTESIAN_POINT('',(4.25,-7.361215932168));
#10701 = CARTESIAN_POINT('',(-8.5,-14.72243186433));
#10702 = CARTESIAN_POINT('',(-8.5,0.));
#10703 = ( GEOMETRIC_REPRESENTATION_CONTEXT(2) 
PARAMETRIC_REPRESENTATION_CONTEXT() REPRESENTATION_CONTEXT('2D SPACE',''
  ) );
#10704 = ORIENTED_EDGE('',*,*,#10566,.T.);
#10705 = ADVANCED_FACE('',(#10706),#10667,.F.);
#10706 = FACE_BOUND('',#10707,.T.);
#10707 = EDGE_LOOP('',(#10708,#10736,#10737,#10765));
#10708 = ORIENTED_EDGE('',*,*,#10709,.F.);
#10709 = EDGE_CURVE('',#10624,#10710,#10712,.T.);
#10710 = VERTEX_POINT('',#10711);
#10711 = CARTESIAN_POINT('',(116.77757688997,-43.5,16.030274465505));
#10712 = SURFACE_CURVE('',#10713,(#10718,#10725),.PCURVE_S1.);
#10713 = CIRCLE('',#10714,1.6);
#10714 = AXIS2_PLACEMENT_3D('',#10715,#10716,#10717);
#10715 = CARTESIAN_POINT('',(118.01040764008,-43.5,15.010407640086));
#10716 = DIRECTION('',(0.,1.,-1.110223024625E-16));
#10717 = DIRECTION('',(1.,-0.,-0.));
#10718 = PCURVE('',#10667,#10719);
#10719 = DEFINITIONAL_REPRESENTATION('',(#10720),#10724);
#10720 = LINE('',#10721,#10722);
#10721 = CARTESIAN_POINT('',(-0.,9.));
#10722 = VECTOR('',#10723,1.);
#10723 = DIRECTION('',(-1.,0.));
#10724 = ( GEOMETRIC_REPRESENTATION_CONTEXT(2) 
PARAMETRIC_REPRESENTATION_CONTEXT() REPRESENTATION_CONTEXT('2D SPACE',''
  ) );
#10725 = PCURVE('',#10431,#10726);
#10726 = DEFINITIONAL_REPRESENTATION('',(#10727),#10735);
#10727 = ( BOUNDED_CURVE() B_SPLINE_CURVE(2,(#10728,#10729,#10730,#10731
    ,#10732,#10733,#10734),.UNSPECIFIED.,.T.,.F.) 
B_SPLINE_CURVE_WITH_KNOTS((1,2,2,2,2,1),(-2.094395102393,0.,
    2.094395102393,4.188790204786,6.28318530718,8.377580409573),
.UNSPECIFIED.) CURVE() GEOMETRIC_REPRESENTATION_ITEM() 
RATIONAL_B_SPLINE_CURVE((1.,0.5,1.,0.5,1.,0.5,1.)) REPRESENTATION_ITEM(
  '') );
#10728 = CARTESIAN_POINT('',(-7.610407640086,-6.010407640086));
#10729 = CARTESIAN_POINT('',(-7.610407640086,-3.239126347975));
#10730 = CARTESIAN_POINT('',(-5.210407640086,-4.624766994031));
#10731 = CARTESIAN_POINT('',(-2.810407640086,-6.010407640086));
#10732 = CARTESIAN_POINT('',(-5.210407640086,-7.396048286141));
#10733 = CARTESIAN_POINT('',(-7.610407640086,-8.781688932196));
#10734 = CARTESIAN_POINT('',(-7.610407640086,-6.010407640086));
#10735 = ( GEOMETRIC_REPRESENTATION_CONTEXT(2) 
PARAMETRIC_REPRESENTATION_CONTEXT() REPRESENTATION_CONTEXT('2D SPACE',''
  ) );
#10736 = ORIENTED_EDGE('',*,*,#10651,.F.);
#10737 = ORIENTED_EDGE('',*,*,#10738,.T.);
#10738 = EDGE_CURVE('',#10652,#10739,#10741,.T.);
#10739 = VERTEX_POINT('',#10740);
#10740 = CARTESIAN_POINT('',(116.77757688997,-35.5,16.030274465505));
#10741 = SURFACE_CURVE('',#10742,(#10747,#10754),.PCURVE_S1.);
#10742 = CIRCLE('',#10743,1.6);
#10743 = AXIS2_PLACEMENT_3D('',#10744,#10745,#10746);
#10744 = CARTESIAN_POINT('',(118.01040764008,-35.5,15.010407640086));
#10745 = DIRECTION('',(0.,1.,-1.110223024625E-16));
#10746 = DIRECTION('',(1.,-0.,-0.));
#10747 = PCURVE('',#10667,#10748);
#10748 = DEFINITIONAL_REPRESENTATION('',(#10749),#10753);
#10749 = LINE('',#10750,#10751);
#10750 = CARTESIAN_POINT('',(-0.,1.));
#10751 = VECTOR('',#10752,1.);
#10752 = DIRECTION('',(-1.,0.));
#10753 = ( GEOMETRIC_REPRESENTATION_CONTEXT(2) 
PARAMETRIC_REPRESENTATION_CONTEXT() REPRESENTATION_CONTEXT('2D SPACE',''
  ) );
#10754 = PCURVE('',#10492,#10755);
#10755 = DEFINITIONAL_REPRESENTATION('',(#10756),#10764);
#10756 = ( BOUNDED_CURVE() B_SPLINE_CURVE(2,(#10757,#10758,#10759,#10760
    ,#10761,#10762,#10763),.UNSPECIFIED.,.T.,.F.) 
B_SPLINE_CURVE_WITH_KNOTS((1,2,2,2,2,1),(-2.094395102393,0.,
    2.094395102393,4.188790204786,6.28318530718,8.377580409573),
.UNSPECIFIED.) CURVE() GEOMETRIC_REPRESENTATION_ITEM() 
RATIONAL_B_SPLINE_CURVE((1.,0.5,1.,0.5,1.,0.5,1.)) REPRESENTATION_ITEM(
  '') );
#10757 = CARTESIAN_POINT('',(-7.610407640086,-6.010407640086));
#10758 = CARTESIAN_POINT('',(-7.610407640086,-3.239126347975));
#10759 = CARTESIAN_POINT('',(-5.210407640086,-4.624766994031));
#10760 = CARTESIAN_POINT('',(-2.810407640086,-6.010407640086));
#10761 = CARTESIAN_POINT('',(-5.210407640086,-7.396048286141));
#10762 = CARTESIAN_POINT('',(-7.610407640086,-8.781688932196));
#10763 = CARTESIAN_POINT('',(-7.610407640086,-6.010407640086));
#10764 = ( GEOMETRIC_REPRESENTATION_CONTEXT(2) 
PARAMETRIC_REPRESENTATION_CONTEXT() REPRESENTATION_CONTEXT('2D SPACE',''
  ) );
#10765 = ORIENTED_EDGE('',*,*,#10766,.T.);
#10766 = EDGE_CURVE('',#10739,#10710,#10767,.T.);
#10767 = SURFACE_CURVE('',#10768,(#10772,#10779),.PCURVE_S1.);
#10768 = LINE('',#10769,#10770);
#10769 = CARTESIAN_POINT('',(116.77757688997,-35.5,16.030274465505));
#10770 = VECTOR('',#10771,1.);
#10771 = DIRECTION('',(-0.,-1.,1.110223024625E-16));
#10772 = PCURVE('',#10667,#10773);
#10773 = DEFINITIONAL_REPRESENTATION('',(#10774),#10778);
#10774 = LINE('',#10775,#10776);
#10775 = CARTESIAN_POINT('',(-3.832733662027,1.));
#10776 = VECTOR('',#10777,1.);
#10777 = DIRECTION('',(-0.,1.));
#10778 = ( GEOMETRIC_REPRESENTATION_CONTEXT(2) 
PARAMETRIC_REPRESENTATION_CONTEXT() REPRESENTATION_CONTEXT('2D SPACE',''
  ) );
#10779 = PCURVE('',#10780,#10785);
#10780 = CYLINDRICAL_SURFACE('',#10781,8.5);
#10781 = AXIS2_PLACEMENT_3D('',#10782,#10783,#10784);
#10782 = CARTESIAN_POINT('',(112.,-35.5,9.));
#10783 = DIRECTION('',(-0.,-1.,1.110223024625E-16));
#10784 = DIRECTION('',(1.,-0.,-0.));
#10785 = DEFINITIONAL_REPRESENTATION('',(#10786),#10790);
#10786 = LINE('',#10787,#10788);
#10787 = CARTESIAN_POINT('',(-5.309272833862,0.));
#10788 = VECTOR('',#10789,1.);
#10789 = DIRECTION('',(-0.,1.));
#10790 = ( GEOMETRIC_REPRESENTATION_CONTEXT(2) 
PARAMETRIC_REPRESENTATION_CONTEXT() REPRESENTATION_CONTEXT('2D SPACE',''
  ) );
#10791 = ADVANCED_FACE('',(#10792),#10780,.T.);
#10792 = FACE_BOUND('',#10793,.F.);
#10793 = EDGE_LOOP('',(#10794,#10822,#10850,#10876));
#10794 = ORIENTED_EDGE('',*,*,#10795,.F.);
#10795 = EDGE_CURVE('',#10796,#10710,#10798,.T.);
#10796 = VERTEX_POINT('',#10797);
#10797 = CARTESIAN_POINT('',(113.59289773161,-43.5,17.349411764706));
#10798 = SURFACE_CURVE('',#10799,(#10804,#10811),.PCURVE_S1.);
#10799 = CIRCLE('',#10800,8.5);
#10800 = AXIS2_PLACEMENT_3D('',#10801,#10802,#10803);
#10801 = CARTESIAN_POINT('',(112.,-43.5,9.));
#10802 = DIRECTION('',(0.,1.,-1.110223024625E-16));
#10803 = DIRECTION('',(1.,-0.,-0.));
#10804 = PCURVE('',#10780,#10805);
#10805 = DEFINITIONAL_REPRESENTATION('',(#10806),#10810);
#10806 = LINE('',#10807,#10808);
#10807 = CARTESIAN_POINT('',(-0.,8.));
#10808 = VECTOR('',#10809,1.);
#10809 = DIRECTION('',(-1.,0.));
#10810 = ( GEOMETRIC_REPRESENTATION_CONTEXT(2) 
PARAMETRIC_REPRESENTATION_CONTEXT() REPRESENTATION_CONTEXT('2D SPACE',''
  ) );
#10811 = PCURVE('',#10431,#10812);
#10812 = DEFINITIONAL_REPRESENTATION('',(#10813),#10821);
#10813 = ( BOUNDED_CURVE() B_SPLINE_CURVE(2,(#10814,#10815,#10816,#10817
    ,#10818,#10819,#10820),.UNSPECIFIED.,.T.,.F.) 
B_SPLINE_CURVE_WITH_KNOTS((1,2,2,2,2,1),(-2.094395102393,0.,
    2.094395102393,4.188790204786,6.28318530718,8.377580409573),
.UNSPECIFIED.) CURVE() GEOMETRIC_REPRESENTATION_ITEM() 
RATIONAL_B_SPLINE_CURVE((1.,0.5,1.,0.5,1.,0.5,1.)) REPRESENTATION_ITEM(
  '') );
#10814 = CARTESIAN_POINT('',(-8.5,0.));
#10815 = CARTESIAN_POINT('',(-8.5,14.722431864335));
#10816 = CARTESIAN_POINT('',(4.25,7.361215932168));
#10817 = CARTESIAN_POINT('',(17.,2.08189955855E-15));
#10818 = CARTESIAN_POINT('',(4.25,-7.361215932168));
#10819 = CARTESIAN_POINT('',(-8.5,-14.72243186433));
#10820 = CARTESIAN_POINT('',(-8.5,0.));
#10821 = ( GEOMETRIC_REPRESENTATION_CONTEXT(2) 
PARAMETRIC_REPRESENTATION_CONTEXT() REPRESENTATION_CONTEXT('2D SPACE',''
  ) );
#10822 = ORIENTED_EDGE('',*,*,#10823,.F.);
#10823 = EDGE_CURVE('',#10824,#10796,#10826,.T.);
#10824 = VERTEX_POINT('',#10825);
#10825 = CARTESIAN_POINT('',(113.59289773161,-35.5,17.349411764706));
#10826 = SURFACE_CURVE('',#10827,(#10831,#10838),.PCURVE_S1.);
#10827 = LINE('',#10828,#10829);
#10828 = CARTESIAN_POINT('',(113.59289773161,-35.5,17.349411764706));
#10829 = VECTOR('',#10830,1.);
#10830 = DIRECTION('',(-0.,-1.,1.110223024625E-16));
#10831 = PCURVE('',#10780,#10832);
#10832 = DEFINITIONAL_REPRESENTATION('',(#10833),#10837);
#10833 = LINE('',#10834,#10835);
#10834 = CARTESIAN_POINT('',(-4.900903290305,0.));
#10835 = VECTOR('',#10836,1.);
#10836 = DIRECTION('',(-0.,1.));
#10837 = ( GEOMETRIC_REPRESENTATION_CONTEXT(2) 
PARAMETRIC_REPRESENTATION_CONTEXT() REPRESENTATION_CONTEXT('2D SPACE',''
  ) );
#10838 = PCURVE('',#10839,#10844);
#10839 = CYLINDRICAL_SURFACE('',#10840,1.6);
#10840 = AXIS2_PLACEMENT_3D('',#10841,#10842,#10843);
#10841 = CARTESIAN_POINT('',(112.,-34.5,17.5));
#10842 = DIRECTION('',(-0.,-1.,1.110223024625E-16));
#10843 = DIRECTION('',(1.,-0.,-0.));
#10844 = DEFINITIONAL_REPRESENTATION('',(#10845),#10849);
#10845 = LINE('',#10846,#10847);
#10846 = CARTESIAN_POINT('',(-9.425715496029E-02,1.));
#10847 = VECTOR('',#10848,1.);
#10848 = DIRECTION('',(-0.,1.));
#10849 = ( GEOMETRIC_REPRESENTATION_CONTEXT(2) 
PARAMETRIC_REPRESENTATION_CONTEXT() REPRESENTATION_CONTEXT('2D SPACE',''
  ) );
#10850 = ORIENTED_EDGE('',*,*,#10851,.T.);
#10851 = EDGE_CURVE('',#10824,#10739,#10852,.T.);
#10852 = SURFACE_CURVE('',#10853,(#10858,#10865),.PCURVE_S1.);
#10853 = CIRCLE('',#10854,8.5);
#10854 = AXIS2_PLACEMENT_3D('',#10855,#10856,#10857);
#10855 = CARTESIAN_POINT('',(112.,-35.5,9.));
#10856 = DIRECTION('',(0.,1.,-1.110223024625E-16));
#10857 = DIRECTION('',(1.,-0.,-0.));
#10858 = PCURVE('',#10780,#10859);
#10859 = DEFINITIONAL_REPRESENTATION('',(#10860),#10864);
#10860 = LINE('',#10861,#10862);
#10861 = CARTESIAN_POINT('',(-0.,0.));
#10862 = VECTOR('',#10863,1.);
#10863 = DIRECTION('',(-1.,0.));
#10864 = ( GEOMETRIC_REPRESENTATION_CONTEXT(2) 
PARAMETRIC_REPRESENTATION_CONTEXT() REPRESENTATION_CONTEXT('2D SPACE',''
  ) );
#10865 = PCURVE('',#10492,#10866);
#10866 = DEFINITIONAL_REPRESENTATION('',(#10867),#10875);
#10867 = ( BOUNDED_CURVE() B_SPLINE_CURVE(2,(#10868,#10869,#10870,#10871
    ,#10872,#10873,#10874),.UNSPECIFIED.,.T.,.F.) 
B_SPLINE_CURVE_WITH_KNOTS((1,2,2,2,2,1),(-2.094395102393,0.,
    2.094395102393,4.188790204786,6.28318530718,8.377580409573),
.UNSPECIFIED.) CURVE() GEOMETRIC_REPRESENTATION_ITEM() 
RATIONAL_B_SPLINE_CURVE((1.,0.5,1.,0.5,1.,0.5,1.)) REPRESENTATION_ITEM(
  '') );
#10868 = CARTESIAN_POINT('',(-8.5,0.));
#10869 = CARTESIAN_POINT('',(-8.5,14.722431864335));
#10870 = CARTESIAN_POINT('',(4.25,7.361215932168));
#10871 = CARTESIAN_POINT('',(17.,2.08189955855E-15));
#10872 = CARTESIAN_POINT('',(4.25,-7.361215932168));
#10873 = CARTESIAN_POINT('',(-8.5,-14.72243186433));
#10874 = CARTESIAN_POINT('',(-8.5,0.));
#10875 = ( GEOMETRIC_REPRESENTATION_CONTEXT(2) 
PARAMETRIC_REPRESENTATION_CONTEXT() REPRESENTATION_CONTEXT('2D SPACE',''
  ) );
#10876 = ORIENTED_EDGE('',*,*,#10766,.T.);
#10877 = ADVANCED_FACE('',(#10878),#10839,.F.);
#10878 = FACE_BOUND('',#10879,.T.);
#10879 = EDGE_LOOP('',(#10880,#10908,#10909,#10937));
#10880 = ORIENTED_EDGE('',*,*,#10881,.F.);
#10881 = EDGE_CURVE('',#10796,#10882,#10884,.T.);
#10882 = VERTEX_POINT('',#10883);
#10883 = CARTESIAN_POINT('',(110.40710226838,-43.5,17.349411764706));
#10884 = SURFACE_CURVE('',#10885,(#10890,#10897),.PCURVE_S1.);
#10885 = CIRCLE('',#10886,1.6);
#10886 = AXIS2_PLACEMENT_3D('',#10887,#10888,#10889);
#10887 = CARTESIAN_POINT('',(112.,-43.5,17.5));
#10888 = DIRECTION('',(0.,1.,-1.110223024625E-16));
#10889 = DIRECTION('',(1.,-0.,-0.));
#10890 = PCURVE('',#10839,#10891);
#10891 = DEFINITIONAL_REPRESENTATION('',(#10892),#10896);
#10892 = LINE('',#10893,#10894);
#10893 = CARTESIAN_POINT('',(-0.,9.));
#10894 = VECTOR('',#10895,1.);
#10895 = DIRECTION('',(-1.,0.));
#10896 = ( GEOMETRIC_REPRESENTATION_CONTEXT(2) 
PARAMETRIC_REPRESENTATION_CONTEXT() REPRESENTATION_CONTEXT('2D SPACE',''
  ) );
#10897 = PCURVE('',#10431,#10898);
#10898 = DEFINITIONAL_REPRESENTATION('',(#10899),#10907);
#10899 = ( BOUNDED_CURVE() B_SPLINE_CURVE(2,(#10900,#10901,#10902,#10903
    ,#10904,#10905,#10906),.UNSPECIFIED.,.T.,.F.) 
B_SPLINE_CURVE_WITH_KNOTS((1,2,2,2,2,1),(-2.094395102393,0.,
    2.094395102393,4.188790204786,6.28318530718,8.377580409573),
.UNSPECIFIED.) CURVE() GEOMETRIC_REPRESENTATION_ITEM() 
RATIONAL_B_SPLINE_CURVE((1.,0.5,1.,0.5,1.,0.5,1.)) REPRESENTATION_ITEM(
  '') );
#10900 = CARTESIAN_POINT('',(-1.6,-8.5));
#10901 = CARTESIAN_POINT('',(-1.6,-5.72871870789));
#10902 = CARTESIAN_POINT('',(0.8,-7.114359353945));
#10903 = CARTESIAN_POINT('',(3.2,-8.5));
#10904 = CARTESIAN_POINT('',(0.8,-9.885640646055));
#10905 = CARTESIAN_POINT('',(-1.6,-11.27128129211));
#10906 = CARTESIAN_POINT('',(-1.6,-8.5));
#10907 = ( GEOMETRIC_REPRESENTATION_CONTEXT(2) 
PARAMETRIC_REPRESENTATION_CONTEXT() REPRESENTATION_CONTEXT('2D SPACE',''
  ) );
#10908 = ORIENTED_EDGE('',*,*,#10823,.F.);
#10909 = ORIENTED_EDGE('',*,*,#10910,.T.);
#10910 = EDGE_CURVE('',#10824,#10911,#10913,.T.);
#10911 = VERTEX_POINT('',#10912);
#10912 = CARTESIAN_POINT('',(110.40710226838,-35.5,17.349411764706));
#10913 = SURFACE_CURVE('',#10914,(#10919,#10926),.PCURVE_S1.);
#10914 = CIRCLE('',#10915,1.6);
#10915 = AXIS2_PLACEMENT_3D('',#10916,#10917,#10918);
#10916 = CARTESIAN_POINT('',(112.,-35.5,17.5));
#10917 = DIRECTION('',(0.,1.,-1.110223024625E-16));
#10918 = DIRECTION('',(1.,-0.,-0.));
#10919 = PCURVE('',#10839,#10920);
#10920 = DEFINITIONAL_REPRESENTATION('',(#10921),#10925);
#10921 = LINE('',#10922,#10923);
#10922 = CARTESIAN_POINT('',(-0.,1.));
#10923 = VECTOR('',#10924,1.);
#10924 = DIRECTION('',(-1.,0.));
#10925 = ( GEOMETRIC_REPRESENTATION_CONTEXT(2) 
PARAMETRIC_REPRESENTATION_CONTEXT() REPRESENTATION_CONTEXT('2D SPACE',''
  ) );
#10926 = PCURVE('',#10492,#10927);
#10927 = DEFINITIONAL_REPRESENTATION('',(#10928),#10936);
#10928 = ( BOUNDED_CURVE() B_SPLINE_CURVE(2,(#10929,#10930,#10931,#10932
    ,#10933,#10934,#10935),.UNSPECIFIED.,.T.,.F.) 
B_SPLINE_CURVE_WITH_KNOTS((1,2,2,2,2,1),(-2.094395102393,0.,
    2.094395102393,4.188790204786,6.28318530718,8.377580409573),
.UNSPECIFIED.) CURVE() GEOMETRIC_REPRESENTATION_ITEM() 
RATIONAL_B_SPLINE_CURVE((1.,0.5,1.,0.5,1.,0.5,1.)) REPRESENTATION_ITEM(
  '') );
#10929 = CARTESIAN_POINT('',(-1.6,-8.5));
#10930 = CARTESIAN_POINT('',(-1.6,-5.72871870789));
#10931 = CARTESIAN_POINT('',(0.8,-7.114359353945));
#10932 = CARTESIAN_POINT('',(3.2,-8.5));
#10933 = CARTESIAN_POINT('',(0.8,-9.885640646055));
#10934 = CARTESIAN_POINT('',(-1.6,-11.27128129211));
#10935 = CARTESIAN_POINT('',(-1.6,-8.5));
#10936 = ( GEOMETRIC_REPRESENTATION_CONTEXT(2) 
PARAMETRIC_REPRESENTATION_CONTEXT() REPRESENTATION_CONTEXT('2D SPACE',''
  ) );
#10937 = ORIENTED_EDGE('',*,*,#10938,.T.);
#10938 = EDGE_CURVE('',#10911,#10882,#10939,.T.);
#10939 = SURFACE_CURVE('',#10940,(#10944,#10951),.PCURVE_S1.);
#10940 = LINE('',#10941,#10942);
#10941 = CARTESIAN_POINT('',(110.40710226838,-35.5,17.349411764706));
#10942 = VECTOR('',#10943,1.);
#10943 = DIRECTION('',(-0.,-1.,1.110223024625E-16));
#10944 = PCURVE('',#10839,#10945);
#10945 = DEFINITIONAL_REPRESENTATION('',(#10946),#10950);
#10946 = LINE('',#10947,#10948);
#10947 = CARTESIAN_POINT('',(-3.04733549863,1.));
#10948 = VECTOR('',#10949,1.);
#10949 = DIRECTION('',(-0.,1.));
#10950 = ( GEOMETRIC_REPRESENTATION_CONTEXT(2) 
PARAMETRIC_REPRESENTATION_CONTEXT() REPRESENTATION_CONTEXT('2D SPACE',''
  ) );
#10951 = PCURVE('',#10952,#10957);
#10952 = CYLINDRICAL_SURFACE('',#10953,8.5);
#10953 = AXIS2_PLACEMENT_3D('',#10954,#10955,#10956);
#10954 = CARTESIAN_POINT('',(112.,-35.5,9.));
#10955 = DIRECTION('',(-0.,-1.,1.110223024625E-16));
#10956 = DIRECTION('',(1.,-0.,-0.));
#10957 = DEFINITIONAL_REPRESENTATION('',(#10958),#10962);
#10958 = LINE('',#10959,#10960);
#10959 = CARTESIAN_POINT('',(-4.523874670464,0.));
#10960 = VECTOR('',#10961,1.);
#10961 = DIRECTION('',(-0.,1.));
#10962 = ( GEOMETRIC_REPRESENTATION_CONTEXT(2) 
PARAMETRIC_REPRESENTATION_CONTEXT() REPRESENTATION_CONTEXT('2D SPACE',''
  ) );
#10963 = ADVANCED_FACE('',(#10964),#10952,.T.);
#10964 = FACE_BOUND('',#10965,.F.);
#10965 = EDGE_LOOP('',(#10966,#10994,#11022,#11048));
#10966 = ORIENTED_EDGE('',*,*,#10967,.F.);
#10967 = EDGE_CURVE('',#10968,#10882,#10970,.T.);
#10968 = VERTEX_POINT('',#10969);
#10969 = CARTESIAN_POINT('',(107.22242311002,-43.5,16.030274465505));
#10970 = SURFACE_CURVE('',#10971,(#10976,#10983),.PCURVE_S1.);
#10971 = CIRCLE('',#10972,8.5);
#10972 = AXIS2_PLACEMENT_3D('',#10973,#10974,#10975);
#10973 = CARTESIAN_POINT('',(112.,-43.5,9.));
#10974 = DIRECTION('',(0.,1.,-1.110223024625E-16));
#10975 = DIRECTION('',(1.,-0.,-0.));
#10976 = PCURVE('',#10952,#10977);
#10977 = DEFINITIONAL_REPRESENTATION('',(#10978),#10982);
#10978 = LINE('',#10979,#10980);
#10979 = CARTESIAN_POINT('',(-0.,8.));
#10980 = VECTOR('',#10981,1.);
#10981 = DIRECTION('',(-1.,0.));
#10982 = ( GEOMETRIC_REPRESENTATION_CONTEXT(2) 
PARAMETRIC_REPRESENTATION_CONTEXT() REPRESENTATION_CONTEXT('2D SPACE',''
  ) );
#10983 = PCURVE('',#10431,#10984);
#10984 = DEFINITIONAL_REPRESENTATION('',(#10985),#10993);
#10985 = ( BOUNDED_CURVE() B_SPLINE_CURVE(2,(#10986,#10987,#10988,#10989
    ,#10990,#10991,#10992),.UNSPECIFIED.,.T.,.F.) 
B_SPLINE_CURVE_WITH_KNOTS((1,2,2,2,2,1),(-2.094395102393,0.,
    2.094395102393,4.188790204786,6.28318530718,8.377580409573),
.UNSPECIFIED.) CURVE() GEOMETRIC_REPRESENTATION_ITEM() 
RATIONAL_B_SPLINE_CURVE((1.,0.5,1.,0.5,1.,0.5,1.)) REPRESENTATION_ITEM(
  '') );
#10986 = CARTESIAN_POINT('',(-8.5,0.));
#10987 = CARTESIAN_POINT('',(-8.5,14.722431864335));
#10988 = CARTESIAN_POINT('',(4.25,7.361215932168));
#10989 = CARTESIAN_POINT('',(17.,2.08189955855E-15));
#10990 = CARTESIAN_POINT('',(4.25,-7.361215932168));
#10991 = CARTESIAN_POINT('',(-8.5,-14.72243186433));
#10992 = CARTESIAN_POINT('',(-8.5,0.));
#10993 = ( GEOMETRIC_REPRESENTATION_CONTEXT(2) 
PARAMETRIC_REPRESENTATION_CONTEXT() REPRESENTATION_CONTEXT('2D SPACE',''
  ) );
#10994 = ORIENTED_EDGE('',*,*,#10995,.F.);
#10995 = EDGE_CURVE('',#10996,#10968,#10998,.T.);
#10996 = VERTEX_POINT('',#10997);
#10997 = CARTESIAN_POINT('',(107.22242311002,-35.5,16.030274465505));
#10998 = SURFACE_CURVE('',#10999,(#11003,#11010),.PCURVE_S1.);
#10999 = LINE('',#11000,#11001);
#11000 = CARTESIAN_POINT('',(107.22242311002,-35.5,16.030274465505));
#11001 = VECTOR('',#11002,1.);
#11002 = DIRECTION('',(-0.,-1.,1.110223024625E-16));
#11003 = PCURVE('',#10952,#11004);
#11004 = DEFINITIONAL_REPRESENTATION('',(#11005),#11009);
#11005 = LINE('',#11006,#11007);
#11006 = CARTESIAN_POINT('',(-4.115505126908,0.));
#11007 = VECTOR('',#11008,1.);
#11008 = DIRECTION('',(-0.,1.));
#11009 = ( GEOMETRIC_REPRESENTATION_CONTEXT(2) 
PARAMETRIC_REPRESENTATION_CONTEXT() REPRESENTATION_CONTEXT('2D SPACE',''
  ) );
#11010 = PCURVE('',#11011,#11016);
#11011 = CYLINDRICAL_SURFACE('',#11012,1.6);
#11012 = AXIS2_PLACEMENT_3D('',#11013,#11014,#11015);
#11013 = CARTESIAN_POINT('',(105.98959235991,-34.5,15.010407640086));
#11014 = DIRECTION('',(-0.,-1.,1.110223024625E-16));
#11015 = DIRECTION('',(1.,-0.,-0.));
#11016 = DEFINITIONAL_REPRESENTATION('',(#11017),#11021);
#11017 = LINE('',#11018,#11019);
#11018 = CARTESIAN_POINT('',(-5.592044298742,1.));
#11019 = VECTOR('',#11020,1.);
#11020 = DIRECTION('',(-0.,1.));
#11021 = ( GEOMETRIC_REPRESENTATION_CONTEXT(2) 
PARAMETRIC_REPRESENTATION_CONTEXT() REPRESENTATION_CONTEXT('2D SPACE',''
  ) );
#11022 = ORIENTED_EDGE('',*,*,#11023,.T.);
#11023 = EDGE_CURVE('',#10996,#10911,#11024,.T.);
#11024 = SURFACE_CURVE('',#11025,(#11030,#11037),.PCURVE_S1.);
#11025 = CIRCLE('',#11026,8.5);
#11026 = AXIS2_PLACEMENT_3D('',#11027,#11028,#11029);
#11027 = CARTESIAN_POINT('',(112.,-35.5,9.));
#11028 = DIRECTION('',(0.,1.,-1.110223024625E-16));
#11029 = DIRECTION('',(1.,-0.,-0.));
#11030 = PCURVE('',#10952,#11031);
#11031 = DEFINITIONAL_REPRESENTATION('',(#11032),#11036);
#11032 = LINE('',#11033,#11034);
#11033 = CARTESIAN_POINT('',(-0.,0.));
#11034 = VECTOR('',#11035,1.);
#11035 = DIRECTION('',(-1.,0.));
#11036 = ( GEOMETRIC_REPRESENTATION_CONTEXT(2) 
PARAMETRIC_REPRESENTATION_CONTEXT() REPRESENTATION_CONTEXT('2D SPACE',''
  ) );
#11037 = PCURVE('',#10492,#11038);
#11038 = DEFINITIONAL_REPRESENTATION('',(#11039),#11047);
#11039 = ( BOUNDED_CURVE() B_SPLINE_CURVE(2,(#11040,#11041,#11042,#11043
    ,#11044,#11045,#11046),.UNSPECIFIED.,.T.,.F.) 
B_SPLINE_CURVE_WITH_KNOTS((1,2,2,2,2,1),(-2.094395102393,0.,
    2.094395102393,4.188790204786,6.28318530718,8.377580409573),
.UNSPECIFIED.) CURVE() GEOMETRIC_REPRESENTATION_ITEM() 
RATIONAL_B_SPLINE_CURVE((1.,0.5,1.,0.5,1.,0.5,1.)) REPRESENTATION_ITEM(
  '') );
#11040 = CARTESIAN_POINT('',(-8.5,0.));
#11041 = CARTESIAN_POINT('',(-8.5,14.722431864335));
#11042 = CARTESIAN_POINT('',(4.25,7.361215932168));
#11043 = CARTESIAN_POINT('',(17.,2.08189955855E-15));
#11044 = CARTESIAN_POINT('',(4.25,-7.361215932168));
#11045 = CARTESIAN_POINT('',(-8.5,-14.72243186433));
#11046 = CARTESIAN_POINT('',(-8.5,0.));
#11047 = ( GEOMETRIC_REPRESENTATION_CONTEXT(2) 
PARAMETRIC_REPRESENTATION_CONTEXT() REPRESENTATION_CONTEXT('2D SPACE',''
  ) );
#11048 = ORIENTED_EDGE('',*,*,#10938,.T.);
#11049 = ADVANCED_FACE('',(#11050),#11011,.F.);
#11050 = FACE_BOUND('',#11051,.T.);
#11051 = EDGE_LOOP('',(#11052,#11080,#11108,#11130));
#11052 = ORIENTED_EDGE('',*,*,#11053,.T.);
#11053 = EDGE_CURVE('',#10996,#11054,#11056,.T.);
#11054 = VERTEX_POINT('',#11055);
#11055 = CARTESIAN_POINT('',(104.96972553449,-35.5,13.777576889979));
#11056 = SURFACE_CURVE('',#11057,(#11062,#11069),.PCURVE_S1.);
#11057 = CIRCLE('',#11058,1.6);
#11058 = AXIS2_PLACEMENT_3D('',#11059,#11060,#11061);
#11059 = CARTESIAN_POINT('',(105.98959235991,-35.5,15.010407640086));
#11060 = DIRECTION('',(-1.599409291774E-33,1.,-1.110223024625E-16));
#11061 = DIRECTION('',(0.770519218817,7.076747697702E-17,0.637416765887)
  );
#11062 = PCURVE('',#11011,#11063);
#11063 = DEFINITIONAL_REPRESENTATION('',(#11064),#11068);
#11064 = LINE('',#11065,#11066);
#11065 = CARTESIAN_POINT('',(-5.592044298742,1.));
#11066 = VECTOR('',#11067,1.);
#11067 = DIRECTION('',(-1.,0.));
#11068 = ( GEOMETRIC_REPRESENTATION_CONTEXT(2) 
PARAMETRIC_REPRESENTATION_CONTEXT() REPRESENTATION_CONTEXT('2D SPACE',''
  ) );
#11069 = PCURVE('',#10492,#11070);
#11070 = DEFINITIONAL_REPRESENTATION('',(#11071),#11079);
#11071 = ( BOUNDED_CURVE() B_SPLINE_CURVE(2,(#11072,#11073,#11074,#11075
    ,#11076,#11077,#11078),.UNSPECIFIED.,.T.,.F.) 
B_SPLINE_CURVE_WITH_KNOTS((1,2,2,2,2,1),(-2.094395102393,0.,
    2.094395102393,4.188790204786,6.28318530718,8.377580409573),
.UNSPECIFIED.) CURVE() GEOMETRIC_REPRESENTATION_ITEM() 
RATIONAL_B_SPLINE_CURVE((1.,0.5,1.,0.5,1.,0.5,1.)) REPRESENTATION_ITEM(
  '') );
#11072 = CARTESIAN_POINT('',(4.777576889979,-7.030274465505));
#11073 = CARTESIAN_POINT('',(3.011115731398,-4.894948969188));
#11074 = CARTESIAN_POINT('',(5.743592435848,-4.432811479217));
#11075 = CARTESIAN_POINT('',(8.476069140299,-3.970673989246));
#11076 = CARTESIAN_POINT('',(7.510053594429,-6.568136975535));
#11077 = CARTESIAN_POINT('',(6.54403804856,-9.165599961823));
#11078 = CARTESIAN_POINT('',(4.777576889979,-7.030274465505));
#11079 = ( GEOMETRIC_REPRESENTATION_CONTEXT(2) 
PARAMETRIC_REPRESENTATION_CONTEXT() REPRESENTATION_CONTEXT('2D SPACE',''
  ) );
#11080 = ORIENTED_EDGE('',*,*,#11081,.T.);
#11081 = EDGE_CURVE('',#11054,#11082,#11084,.T.);
#11082 = VERTEX_POINT('',#11083);
#11083 = CARTESIAN_POINT('',(104.96972553449,-43.5,13.777576889979));
#11084 = SURFACE_CURVE('',#11085,(#11089,#11096),.PCURVE_S1.);
#11085 = LINE('',#11086,#11087);
#11086 = CARTESIAN_POINT('',(104.96972553449,-35.5,13.777576889979));
#11087 = VECTOR('',#11088,1.);
#11088 = DIRECTION('',(-0.,-1.,1.110223024625E-16));
#11089 = PCURVE('',#11011,#11090);
#11090 = DEFINITIONAL_REPRESENTATION('',(#11091),#11095);
#11091 = LINE('',#11092,#11093);
#11092 = CARTESIAN_POINT('',(-8.545122642412,1.));
#11093 = VECTOR('',#11094,1.);
#11094 = DIRECTION('',(-0.,1.));
#11095 = ( GEOMETRIC_REPRESENTATION_CONTEXT(2) 
PARAMETRIC_REPRESENTATION_CONTEXT() REPRESENTATION_CONTEXT('2D SPACE',''
  ) );
#11096 = PCURVE('',#11097,#11102);
#11097 = CYLINDRICAL_SURFACE('',#11098,8.5);
#11098 = AXIS2_PLACEMENT_3D('',#11099,#11100,#11101);
#11099 = CARTESIAN_POINT('',(112.,-35.5,9.));
#11100 = DIRECTION('',(-0.,-1.,1.110223024625E-16));
#11101 = DIRECTION('',(1.,-0.,-0.));
#11102 = DEFINITIONAL_REPRESENTATION('',(#11103),#11107);
#11103 = LINE('',#11104,#11105);
#11104 = CARTESIAN_POINT('',(-3.738476507067,0.));
#11105 = VECTOR('',#11106,1.);
#11106 = DIRECTION('',(-0.,1.));
#11107 = ( GEOMETRIC_REPRESENTATION_CONTEXT(2) 
PARAMETRIC_REPRESENTATION_CONTEXT() REPRESENTATION_CONTEXT('2D SPACE',''
  ) );
#11108 = ORIENTED_EDGE('',*,*,#11109,.T.);
#11109 = EDGE_CURVE('',#11082,#10968,#11110,.T.);
#11110 = SURFACE_CURVE('',#11111,(#11116,#11123),.PCURVE_S1.);
#11111 = CIRCLE('',#11112,1.6);
#11112 = AXIS2_PLACEMENT_3D('',#11113,#11114,#11115);
#11113 = CARTESIAN_POINT('',(105.98959235991,-43.5,15.010407640086));
#11114 = DIRECTION('',(1.599409291774E-33,-1.,1.110223024625E-16));
#11115 = DIRECTION('',(-0.637416765887,-8.554481776464E-17,
    -0.770519218817));
#11116 = PCURVE('',#11011,#11117);
#11117 = DEFINITIONAL_REPRESENTATION('',(#11118),#11122);
#11118 = LINE('',#11119,#11120);
#11119 = CARTESIAN_POINT('',(-8.545122642412,9.));
#11120 = VECTOR('',#11121,1.);
#11121 = DIRECTION('',(1.,-0.));
#11122 = ( GEOMETRIC_REPRESENTATION_CONTEXT(2) 
PARAMETRIC_REPRESENTATION_CONTEXT() REPRESENTATION_CONTEXT('2D SPACE',''
  ) );
#11123 = PCURVE('',#10431,#11124);
#11124 = DEFINITIONAL_REPRESENTATION('',(#11125),#11129);
#11125 = CIRCLE('',#11126,1.6);
#11126 = AXIS2_PLACEMENT_2D('',#11127,#11128);
#11127 = CARTESIAN_POINT('',(6.010407640086,-6.010407640086));
#11128 = DIRECTION('',(0.637416765887,0.770519218817));
#11129 = ( GEOMETRIC_REPRESENTATION_CONTEXT(2) 
PARAMETRIC_REPRESENTATION_CONTEXT() REPRESENTATION_CONTEXT('2D SPACE',''
  ) );
#11130 = ORIENTED_EDGE('',*,*,#10995,.F.);
#11131 = ADVANCED_FACE('',(#11132),#11097,.T.);
#11132 = FACE_BOUND('',#11133,.F.);
#11133 = EDGE_LOOP('',(#11134,#11162,#11190,#11216));
#11134 = ORIENTED_EDGE('',*,*,#11135,.F.);
#11135 = EDGE_CURVE('',#11136,#11082,#11138,.T.);
#11136 = VERTEX_POINT('',#11137);
#11137 = CARTESIAN_POINT('',(103.65058823529,-43.5,10.592897731617));
#11138 = SURFACE_CURVE('',#11139,(#11144,#11151),.PCURVE_S1.);
#11139 = CIRCLE('',#11140,8.5);
#11140 = AXIS2_PLACEMENT_3D('',#11141,#11142,#11143);
#11141 = CARTESIAN_POINT('',(112.,-43.5,9.));
#11142 = DIRECTION('',(0.,1.,-1.110223024625E-16));
#11143 = DIRECTION('',(1.,-0.,-0.));
#11144 = PCURVE('',#11097,#11145);
#11145 = DEFINITIONAL_REPRESENTATION('',(#11146),#11150);
#11146 = LINE('',#11147,#11148);
#11147 = CARTESIAN_POINT('',(-0.,8.));
#11148 = VECTOR('',#11149,1.);
#11149 = DIRECTION('',(-1.,0.));
#11150 = ( GEOMETRIC_REPRESENTATION_CONTEXT(2) 
PARAMETRIC_REPRESENTATION_CONTEXT() REPRESENTATION_CONTEXT('2D SPACE',''
  ) );
#11151 = PCURVE('',#10431,#11152);
#11152 = DEFINITIONAL_REPRESENTATION('',(#11153),#11161);
#11153 = ( BOUNDED_CURVE() B_SPLINE_CURVE(2,(#11154,#11155,#11156,#11157
    ,#11158,#11159,#11160),.UNSPECIFIED.,.T.,.F.) 
B_SPLINE_CURVE_WITH_KNOTS((1,2,2,2,2,1),(-2.094395102393,0.,
    2.094395102393,4.188790204786,6.28318530718,8.377580409573),
.UNSPECIFIED.) CURVE() GEOMETRIC_REPRESENTATION_ITEM() 
RATIONAL_B_SPLINE_CURVE((1.,0.5,1.,0.5,1.,0.5,1.)) REPRESENTATION_ITEM(
  '') );
#11154 = CARTESIAN_POINT('',(-8.5,0.));
#11155 = CARTESIAN_POINT('',(-8.5,14.722431864335));
#11156 = CARTESIAN_POINT('',(4.25,7.361215932168));
#11157 = CARTESIAN_POINT('',(17.,2.08189955855E-15));
#11158 = CARTESIAN_POINT('',(4.25,-7.361215932168));
#11159 = CARTESIAN_POINT('',(-8.5,-14.72243186433));
#11160 = CARTESIAN_POINT('',(-8.5,0.));
#11161 = ( GEOMETRIC_REPRESENTATION_CONTEXT(2) 
PARAMETRIC_REPRESENTATION_CONTEXT() REPRESENTATION_CONTEXT('2D SPACE',''
  ) );
#11162 = ORIENTED_EDGE('',*,*,#11163,.F.);
#11163 = EDGE_CURVE('',#11164,#11136,#11166,.T.);
#11164 = VERTEX_POINT('',#11165);
#11165 = CARTESIAN_POINT('',(103.65058823529,-35.5,10.592897731617));
#11166 = SURFACE_CURVE('',#11167,(#11171,#11178),.PCURVE_S1.);
#11167 = LINE('',#11168,#11169);
#11168 = CARTESIAN_POINT('',(103.65058823529,-35.5,10.592897731617));
#11169 = VECTOR('',#11170,1.);
#11170 = DIRECTION('',(-0.,-1.,1.110223024625E-16));
#11171 = PCURVE('',#11097,#11172);
#11172 = DEFINITIONAL_REPRESENTATION('',(#11173),#11177);
#11173 = LINE('',#11174,#11175);
#11174 = CARTESIAN_POINT('',(-3.33010696351,0.));
#11175 = VECTOR('',#11176,1.);
#11176 = DIRECTION('',(-0.,1.));
#11177 = ( GEOMETRIC_REPRESENTATION_CONTEXT(2) 
PARAMETRIC_REPRESENTATION_CONTEXT() REPRESENTATION_CONTEXT('2D SPACE',''
  ) );
#11178 = PCURVE('',#11179,#11184);
#11179 = CYLINDRICAL_SURFACE('',#11180,1.6);
#11180 = AXIS2_PLACEMENT_3D('',#11181,#11182,#11183);
#11181 = CARTESIAN_POINT('',(103.5,-34.5,9.));
#11182 = DIRECTION('',(-0.,-1.,1.110223024625E-16));
#11183 = DIRECTION('',(1.,-0.,-0.));
#11184 = DEFINITIONAL_REPRESENTATION('',(#11185),#11189);
#11185 = LINE('',#11186,#11187);
#11186 = CARTESIAN_POINT('',(-4.806646135345,1.));
#11187 = VECTOR('',#11188,1.);
#11188 = DIRECTION('',(-0.,1.));
#11189 = ( GEOMETRIC_REPRESENTATION_CONTEXT(2) 
PARAMETRIC_REPRESENTATION_CONTEXT() REPRESENTATION_CONTEXT('2D SPACE',''
  ) );
#11190 = ORIENTED_EDGE('',*,*,#11191,.T.);
#11191 = EDGE_CURVE('',#11164,#11054,#11192,.T.);
#11192 = SURFACE_CURVE('',#11193,(#11198,#11205),.PCURVE_S1.);
#11193 = CIRCLE('',#11194,8.5);
#11194 = AXIS2_PLACEMENT_3D('',#11195,#11196,#11197);
#11195 = CARTESIAN_POINT('',(112.,-35.5,9.));
#11196 = DIRECTION('',(0.,1.,-1.110223024625E-16));
#11197 = DIRECTION('',(1.,-0.,-0.));
#11198 = PCURVE('',#11097,#11199);
#11199 = DEFINITIONAL_REPRESENTATION('',(#11200),#11204);
#11200 = LINE('',#11201,#11202);
#11201 = CARTESIAN_POINT('',(-0.,0.));
#11202 = VECTOR('',#11203,1.);
#11203 = DIRECTION('',(-1.,0.));
#11204 = ( GEOMETRIC_REPRESENTATION_CONTEXT(2) 
PARAMETRIC_REPRESENTATION_CONTEXT() REPRESENTATION_CONTEXT('2D SPACE',''
  ) );
#11205 = PCURVE('',#10492,#11206);
#11206 = DEFINITIONAL_REPRESENTATION('',(#11207),#11215);
#11207 = ( BOUNDED_CURVE() B_SPLINE_CURVE(2,(#11208,#11209,#11210,#11211
    ,#11212,#11213,#11214),.UNSPECIFIED.,.T.,.F.) 
B_SPLINE_CURVE_WITH_KNOTS((1,2,2,2,2,1),(-2.094395102393,0.,
    2.094395102393,4.188790204786,6.28318530718,8.377580409573),
.UNSPECIFIED.) CURVE() GEOMETRIC_REPRESENTATION_ITEM() 
RATIONAL_B_SPLINE_CURVE((1.,0.5,1.,0.5,1.,0.5,1.)) REPRESENTATION_ITEM(
  '') );
#11208 = CARTESIAN_POINT('',(-8.5,0.));
#11209 = CARTESIAN_POINT('',(-8.5,14.722431864335));
#11210 = CARTESIAN_POINT('',(4.25,7.361215932168));
#11211 = CARTESIAN_POINT('',(17.,2.08189955855E-15));
#11212 = CARTESIAN_POINT('',(4.25,-7.361215932168));
#11213 = CARTESIAN_POINT('',(-8.5,-14.72243186433));
#11214 = CARTESIAN_POINT('',(-8.5,0.));
#11215 = ( GEOMETRIC_REPRESENTATION_CONTEXT(2) 
PARAMETRIC_REPRESENTATION_CONTEXT() REPRESENTATION_CONTEXT('2D SPACE',''
  ) );
#11216 = ORIENTED_EDGE('',*,*,#11081,.T.);
#11217 = ADVANCED_FACE('',(#11218),#11179,.F.);
#11218 = FACE_BOUND('',#11219,.T.);
#11219 = EDGE_LOOP('',(#11220,#11244,#11245,#11273));
#11220 = ORIENTED_EDGE('',*,*,#11221,.T.);
#11221 = EDGE_CURVE('',#11222,#11136,#11224,.T.);
#11222 = VERTEX_POINT('',#11223);
#11223 = CARTESIAN_POINT('',(103.65058823529,-43.5,7.407102268383));
#11224 = SURFACE_CURVE('',#11225,(#11230,#11237),.PCURVE_S1.);
#11225 = CIRCLE('',#11226,1.6);
#11226 = AXIS2_PLACEMENT_3D('',#11227,#11228,#11229);
#11227 = CARTESIAN_POINT('',(103.5,-43.5,9.));
#11228 = DIRECTION('',(-3.929199325554E-34,-1.,1.110223024625E-16));
#11229 = DIRECTION('',(9.411764705882E-02,-1.105294835947E-16,
    -0.995561082261));
#11230 = PCURVE('',#11179,#11231);
#11231 = DEFINITIONAL_REPRESENTATION('',(#11232),#11236);
#11232 = LINE('',#11233,#11234);
#11233 = CARTESIAN_POINT('',(-7.759724479014,9.));
#11234 = VECTOR('',#11235,1.);
#11235 = DIRECTION('',(1.,-0.));
#11236 = ( GEOMETRIC_REPRESENTATION_CONTEXT(2) 
PARAMETRIC_REPRESENTATION_CONTEXT() REPRESENTATION_CONTEXT('2D SPACE',''
  ) );
#11237 = PCURVE('',#10431,#11238);
#11238 = DEFINITIONAL_REPRESENTATION('',(#11239),#11243);
#11239 = CIRCLE('',#11240,1.6);
#11240 = AXIS2_PLACEMENT_2D('',#11241,#11242);
#11241 = CARTESIAN_POINT('',(8.5,0.));
#11242 = DIRECTION('',(-9.411764705882E-02,0.995561082261));
#11243 = ( GEOMETRIC_REPRESENTATION_CONTEXT(2) 
PARAMETRIC_REPRESENTATION_CONTEXT() REPRESENTATION_CONTEXT('2D SPACE',''
  ) );
#11244 = ORIENTED_EDGE('',*,*,#11163,.F.);
#11245 = ORIENTED_EDGE('',*,*,#11246,.T.);
#11246 = EDGE_CURVE('',#11164,#11247,#11249,.T.);
#11247 = VERTEX_POINT('',#11248);
#11248 = CARTESIAN_POINT('',(103.65058823529,-35.5,7.407102268383));
#11249 = SURFACE_CURVE('',#11250,(#11255,#11262),.PCURVE_S1.);
#11250 = CIRCLE('',#11251,1.6);
#11251 = AXIS2_PLACEMENT_3D('',#11252,#11253,#11254);
#11252 = CARTESIAN_POINT('',(103.5,-35.5,9.));
#11253 = DIRECTION('',(-4.06598403907E-34,1.,-1.110223024625E-16));
#11254 = DIRECTION('',(9.411764705882E-02,1.105294835947E-16,
    0.995561082261));
#11255 = PCURVE('',#11179,#11256);
#11256 = DEFINITIONAL_REPRESENTATION('',(#11257),#11261);
#11257 = LINE('',#11258,#11259);
#11258 = CARTESIAN_POINT('',(-4.806646135345,1.));
#11259 = VECTOR('',#11260,1.);
#11260 = DIRECTION('',(-1.,0.));
#11261 = ( GEOMETRIC_REPRESENTATION_CONTEXT(2) 
PARAMETRIC_REPRESENTATION_CONTEXT() REPRESENTATION_CONTEXT('2D SPACE',''
  ) );
#11262 = PCURVE('',#10492,#11263);
#11263 = DEFINITIONAL_REPRESENTATION('',(#11264),#11272);
#11264 = ( BOUNDED_CURVE() B_SPLINE_CURVE(2,(#11265,#11266,#11267,#11268
    ,#11269,#11270,#11271),.UNSPECIFIED.,.T.,.F.) 
B_SPLINE_CURVE_WITH_KNOTS((1,2,2,2,2,1),(-2.094395102393,0.,
    2.094395102393,4.188790204786,6.28318530718,8.377580409573),
.UNSPECIFIED.) CURVE() GEOMETRIC_REPRESENTATION_ITEM() 
RATIONAL_B_SPLINE_CURVE((1.,0.5,1.,0.5,1.,0.5,1.)) REPRESENTATION_ITEM(
  '') );
#11265 = CARTESIAN_POINT('',(8.349411764706,-1.592897731617));
#11266 = CARTESIAN_POINT('',(5.590431962284,-1.332071257066));
#11267 = CARTESIAN_POINT('',(7.195804216436,0.926862103084));
#11268 = CARTESIAN_POINT('',(8.801176470588,3.185795463234));
#11269 = CARTESIAN_POINT('',(9.954784018858,0.666035628533));
#11270 = CARTESIAN_POINT('',(11.108391567128,-1.853724206169));
#11271 = CARTESIAN_POINT('',(8.349411764706,-1.592897731617));
#11272 = ( GEOMETRIC_REPRESENTATION_CONTEXT(2) 
PARAMETRIC_REPRESENTATION_CONTEXT() REPRESENTATION_CONTEXT('2D SPACE',''
  ) );
#11273 = ORIENTED_EDGE('',*,*,#11274,.T.);
#11274 = EDGE_CURVE('',#11247,#11222,#11275,.T.);
#11275 = SURFACE_CURVE('',#11276,(#11280,#11287),.PCURVE_S1.);
#11276 = LINE('',#11277,#11278);
#11277 = CARTESIAN_POINT('',(103.65058823529,-35.5,7.407102268383));
#11278 = VECTOR('',#11279,1.);
#11279 = DIRECTION('',(-0.,-1.,1.110223024625E-16));
#11280 = PCURVE('',#11179,#11281);
#11281 = DEFINITIONAL_REPRESENTATION('',(#11282),#11286);
#11282 = LINE('',#11283,#11284);
#11283 = CARTESIAN_POINT('',(-7.759724479014,1.));
#11284 = VECTOR('',#11285,1.);
#11285 = DIRECTION('',(-0.,1.));
#11286 = ( GEOMETRIC_REPRESENTATION_CONTEXT(2) 
PARAMETRIC_REPRESENTATION_CONTEXT() REPRESENTATION_CONTEXT('2D SPACE',''
  ) );
#11287 = PCURVE('',#11288,#11293);
#11288 = CYLINDRICAL_SURFACE('',#11289,8.5);
#11289 = AXIS2_PLACEMENT_3D('',#11290,#11291,#11292);
#11290 = CARTESIAN_POINT('',(112.,-35.5,9.));
#11291 = DIRECTION('',(-0.,-1.,1.110223024625E-16));
#11292 = DIRECTION('',(1.,-0.,-0.));
#11293 = DEFINITIONAL_REPRESENTATION('',(#11294),#11298);
#11294 = LINE('',#11295,#11296);
#11295 = CARTESIAN_POINT('',(-2.953078343669,0.));
#11296 = VECTOR('',#11297,1.);
#11297 = DIRECTION('',(-0.,1.));
#11298 = ( GEOMETRIC_REPRESENTATION_CONTEXT(2) 
PARAMETRIC_REPRESENTATION_CONTEXT() REPRESENTATION_CONTEXT('2D SPACE',''
  ) );
#11299 = ADVANCED_FACE('',(#11300),#11288,.T.);
#11300 = FACE_BOUND('',#11301,.F.);
#11301 = EDGE_LOOP('',(#11302,#11330,#11358,#11384));
#11302 = ORIENTED_EDGE('',*,*,#11303,.F.);
#11303 = EDGE_CURVE('',#11304,#11222,#11306,.T.);
#11304 = VERTEX_POINT('',#11305);
#11305 = CARTESIAN_POINT('',(104.96972553449,-43.5,4.222423110021));
#11306 = SURFACE_CURVE('',#11307,(#11312,#11319),.PCURVE_S1.);
#11307 = CIRCLE('',#11308,8.5);
#11308 = AXIS2_PLACEMENT_3D('',#11309,#11310,#11311);
#11309 = CARTESIAN_POINT('',(112.,-43.5,9.));
#11310 = DIRECTION('',(0.,1.,-1.110223024625E-16));
#11311 = DIRECTION('',(1.,-0.,-0.));
#11312 = PCURVE('',#11288,#11313);
#11313 = DEFINITIONAL_REPRESENTATION('',(#11314),#11318);
#11314 = LINE('',#11315,#11316);
#11315 = CARTESIAN_POINT('',(-0.,8.));
#11316 = VECTOR('',#11317,1.);
#11317 = DIRECTION('',(-1.,0.));
#11318 = ( GEOMETRIC_REPRESENTATION_CONTEXT(2) 
PARAMETRIC_REPRESENTATION_CONTEXT() REPRESENTATION_CONTEXT('2D SPACE',''
  ) );
#11319 = PCURVE('',#10431,#11320);
#11320 = DEFINITIONAL_REPRESENTATION('',(#11321),#11329);
#11321 = ( BOUNDED_CURVE() B_SPLINE_CURVE(2,(#11322,#11323,#11324,#11325
    ,#11326,#11327,#11328),.UNSPECIFIED.,.T.,.F.) 
B_SPLINE_CURVE_WITH_KNOTS((1,2,2,2,2,1),(-2.094395102393,0.,
    2.094395102393,4.188790204786,6.28318530718,8.377580409573),
.UNSPECIFIED.) CURVE() GEOMETRIC_REPRESENTATION_ITEM() 
RATIONAL_B_SPLINE_CURVE((1.,0.5,1.,0.5,1.,0.5,1.)) REPRESENTATION_ITEM(
  '') );
#11322 = CARTESIAN_POINT('',(-8.5,0.));
#11323 = CARTESIAN_POINT('',(-8.5,14.722431864335));
#11324 = CARTESIAN_POINT('',(4.25,7.361215932168));
#11325 = CARTESIAN_POINT('',(17.,2.08189955855E-15));
#11326 = CARTESIAN_POINT('',(4.25,-7.361215932168));
#11327 = CARTESIAN_POINT('',(-8.5,-14.72243186433));
#11328 = CARTESIAN_POINT('',(-8.5,0.));
#11329 = ( GEOMETRIC_REPRESENTATION_CONTEXT(2) 
PARAMETRIC_REPRESENTATION_CONTEXT() REPRESENTATION_CONTEXT('2D SPACE',''
  ) );
#11330 = ORIENTED_EDGE('',*,*,#11331,.F.);
#11331 = EDGE_CURVE('',#11332,#11304,#11334,.T.);
#11332 = VERTEX_POINT('',#11333);
#11333 = CARTESIAN_POINT('',(104.96972553449,-35.5,4.222423110021));
#11334 = SURFACE_CURVE('',#11335,(#11339,#11346),.PCURVE_S1.);
#11335 = LINE('',#11336,#11337);
#11336 = CARTESIAN_POINT('',(104.96972553449,-35.5,4.222423110021));
#11337 = VECTOR('',#11338,1.);
#11338 = DIRECTION('',(-0.,-1.,1.110223024625E-16));
#11339 = PCURVE('',#11288,#11340);
#11340 = DEFINITIONAL_REPRESENTATION('',(#11341),#11345);
#11341 = LINE('',#11342,#11343);
#11342 = CARTESIAN_POINT('',(-2.544708800113,0.));
#11343 = VECTOR('',#11344,1.);
#11344 = DIRECTION('',(-0.,1.));
#11345 = ( GEOMETRIC_REPRESENTATION_CONTEXT(2) 
PARAMETRIC_REPRESENTATION_CONTEXT() REPRESENTATION_CONTEXT('2D SPACE',''
  ) );
#11346 = PCURVE('',#11347,#11352);
#11347 = CYLINDRICAL_SURFACE('',#11348,1.6);
#11348 = AXIS2_PLACEMENT_3D('',#11349,#11350,#11351);
#11349 = CARTESIAN_POINT('',(105.98959235991,-34.5,2.989592359914));
#11350 = DIRECTION('',(-0.,-1.,1.110223024625E-16));
#11351 = DIRECTION('',(1.,-0.,-0.));
#11352 = DEFINITIONAL_REPRESENTATION('',(#11353),#11357);
#11353 = LINE('',#11354,#11355);
#11354 = CARTESIAN_POINT('',(-4.021247971948,1.));
#11355 = VECTOR('',#11356,1.);
#11356 = DIRECTION('',(-0.,1.));
#11357 = ( GEOMETRIC_REPRESENTATION_CONTEXT(2) 
PARAMETRIC_REPRESENTATION_CONTEXT() REPRESENTATION_CONTEXT('2D SPACE',''
  ) );
#11358 = ORIENTED_EDGE('',*,*,#11359,.T.);
#11359 = EDGE_CURVE('',#11332,#11247,#11360,.T.);
#11360 = SURFACE_CURVE('',#11361,(#11366,#11373),.PCURVE_S1.);
#11361 = CIRCLE('',#11362,8.5);
#11362 = AXIS2_PLACEMENT_3D('',#11363,#11364,#11365);
#11363 = CARTESIAN_POINT('',(112.,-35.5,9.));
#11364 = DIRECTION('',(0.,1.,-1.110223024625E-16));
#11365 = DIRECTION('',(1.,-0.,-0.));
#11366 = PCURVE('',#11288,#11367);
#11367 = DEFINITIONAL_REPRESENTATION('',(#11368),#11372);
#11368 = LINE('',#11369,#11370);
#11369 = CARTESIAN_POINT('',(-0.,0.));
#11370 = VECTOR('',#11371,1.);
#11371 = DIRECTION('',(-1.,0.));
#11372 = ( GEOMETRIC_REPRESENTATION_CONTEXT(2) 
PARAMETRIC_REPRESENTATION_CONTEXT() REPRESENTATION_CONTEXT('2D SPACE',''
  ) );
#11373 = PCURVE('',#10492,#11374);
#11374 = DEFINITIONAL_REPRESENTATION('',(#11375),#11383);
#11375 = ( BOUNDED_CURVE() B_SPLINE_CURVE(2,(#11376,#11377,#11378,#11379
    ,#11380,#11381,#11382),.UNSPECIFIED.,.T.,.F.) 
B_SPLINE_CURVE_WITH_KNOTS((1,2,2,2,2,1),(-2.094395102393,0.,
    2.094395102393,4.188790204786,6.28318530718,8.377580409573),
.UNSPECIFIED.) CURVE() GEOMETRIC_REPRESENTATION_ITEM() 
RATIONAL_B_SPLINE_CURVE((1.,0.5,1.,0.5,1.,0.5,1.)) REPRESENTATION_ITEM(
  '') );
#11376 = CARTESIAN_POINT('',(-8.5,0.));
#11377 = CARTESIAN_POINT('',(-8.5,14.722431864335));
#11378 = CARTESIAN_POINT('',(4.25,7.361215932168));
#11379 = CARTESIAN_POINT('',(17.,2.08189955855E-15));
#11380 = CARTESIAN_POINT('',(4.25,-7.361215932168));
#11381 = CARTESIAN_POINT('',(-8.5,-14.72243186433));
#11382 = CARTESIAN_POINT('',(-8.5,0.));
#11383 = ( GEOMETRIC_REPRESENTATION_CONTEXT(2) 
PARAMETRIC_REPRESENTATION_CONTEXT() REPRESENTATION_CONTEXT('2D SPACE',''
  ) );
#11384 = ORIENTED_EDGE('',*,*,#11274,.T.);
#11385 = ADVANCED_FACE('',(#11386),#11347,.F.);
#11386 = FACE_BOUND('',#11387,.T.);
#11387 = EDGE_LOOP('',(#11388,#11412,#11413,#11441));
#11388 = ORIENTED_EDGE('',*,*,#11389,.T.);
#11389 = EDGE_CURVE('',#11390,#11304,#11392,.T.);
#11390 = VERTEX_POINT('',#11391);
#11391 = CARTESIAN_POINT('',(107.22242311002,-43.5,1.969725534495));
#11392 = SURFACE_CURVE('',#11393,(#11398,#11405),.PCURVE_S1.);
#11393 = CIRCLE('',#11394,1.6);
#11394 = AXIS2_PLACEMENT_3D('',#11395,#11396,#11397);
#11395 = CARTESIAN_POINT('',(105.98959235991,-43.5,2.989592359914));
#11396 = DIRECTION('',(-2.451550848707E-33,-1.,1.110223024625E-16));
#11397 = DIRECTION('',(0.770519218817,-7.076747697702E-17,
    -0.637416765887));
#11398 = PCURVE('',#11347,#11399);
#11399 = DEFINITIONAL_REPRESENTATION('',(#11400),#11404);
#11400 = LINE('',#11401,#11402);
#11401 = CARTESIAN_POINT('',(-6.974326315617,9.));
#11402 = VECTOR('',#11403,1.);
#11403 = DIRECTION('',(1.,-0.));
#11404 = ( GEOMETRIC_REPRESENTATION_CONTEXT(2) 
PARAMETRIC_REPRESENTATION_CONTEXT() REPRESENTATION_CONTEXT('2D SPACE',''
  ) );
#11405 = PCURVE('',#10431,#11406);
#11406 = DEFINITIONAL_REPRESENTATION('',(#11407),#11411);
#11407 = CIRCLE('',#11408,1.6);
#11408 = AXIS2_PLACEMENT_2D('',#11409,#11410);
#11409 = CARTESIAN_POINT('',(6.010407640086,6.010407640086));
#11410 = DIRECTION('',(-0.770519218817,0.637416765887));
#11411 = ( GEOMETRIC_REPRESENTATION_CONTEXT(2) 
PARAMETRIC_REPRESENTATION_CONTEXT() REPRESENTATION_CONTEXT('2D SPACE',''
  ) );
#11412 = ORIENTED_EDGE('',*,*,#11331,.F.);
#11413 = ORIENTED_EDGE('',*,*,#11414,.T.);
#11414 = EDGE_CURVE('',#11332,#11415,#11417,.T.);
#11415 = VERTEX_POINT('',#11416);
#11416 = CARTESIAN_POINT('',(107.22242311002,-35.5,1.969725534495));
#11417 = SURFACE_CURVE('',#11418,(#11423,#11430),.PCURVE_S1.);
#11418 = CIRCLE('',#11419,1.6);
#11419 = AXIS2_PLACEMENT_3D('',#11420,#11421,#11422);
#11420 = CARTESIAN_POINT('',(105.98959235991,-35.5,2.989592359914));
#11421 = DIRECTION('',(2.451550848707E-33,1.,-1.110223024625E-16));
#11422 = DIRECTION('',(-0.637416765887,8.554481776464E-17,0.770519218817
    ));
#11423 = PCURVE('',#11347,#11424);
#11424 = DEFINITIONAL_REPRESENTATION('',(#11425),#11429);
#11425 = LINE('',#11426,#11427);
#11426 = CARTESIAN_POINT('',(-4.021247971948,1.));
#11427 = VECTOR('',#11428,1.);
#11428 = DIRECTION('',(-1.,0.));
#11429 = ( GEOMETRIC_REPRESENTATION_CONTEXT(2) 
PARAMETRIC_REPRESENTATION_CONTEXT() REPRESENTATION_CONTEXT('2D SPACE',''
  ) );
#11430 = PCURVE('',#10492,#11431);
#11431 = DEFINITIONAL_REPRESENTATION('',(#11432),#11440);
#11432 = ( BOUNDED_CURVE() B_SPLINE_CURVE(2,(#11433,#11434,#11435,#11436
    ,#11437,#11438,#11439),.UNSPECIFIED.,.T.,.F.) 
B_SPLINE_CURVE_WITH_KNOTS((1,2,2,2,2,1),(-2.094395102393,0.,
    2.094395102393,4.188790204786,6.28318530718,8.377580409573),
.UNSPECIFIED.) CURVE() GEOMETRIC_REPRESENTATION_ITEM() 
RATIONAL_B_SPLINE_CURVE((1.,0.5,1.,0.5,1.,0.5,1.)) REPRESENTATION_ITEM(
  '') );
#11433 = CARTESIAN_POINT('',(7.030274465505,4.777576889979));
#11434 = CARTESIAN_POINT('',(4.894948969188,3.011115731398));
#11435 = CARTESIAN_POINT('',(4.432811479217,5.743592435848));
#11436 = CARTESIAN_POINT('',(3.970673989246,8.476069140299));
#11437 = CARTESIAN_POINT('',(6.568136975535,7.510053594429));
#11438 = CARTESIAN_POINT('',(9.165599961823,6.54403804856));
#11439 = CARTESIAN_POINT('',(7.030274465505,4.777576889979));
#11440 = ( GEOMETRIC_REPRESENTATION_CONTEXT(2) 
PARAMETRIC_REPRESENTATION_CONTEXT() REPRESENTATION_CONTEXT('2D SPACE',''
  ) );
#11441 = ORIENTED_EDGE('',*,*,#11442,.T.);
#11442 = EDGE_CURVE('',#11415,#11390,#11443,.T.);
#11443 = SURFACE_CURVE('',#11444,(#11448,#11455),.PCURVE_S1.);
#11444 = LINE('',#11445,#11446);
#11445 = CARTESIAN_POINT('',(107.22242311002,-35.5,1.969725534495));
#11446 = VECTOR('',#11447,1.);
#11447 = DIRECTION('',(-0.,-1.,1.110223024625E-16));
#11448 = PCURVE('',#11347,#11449);
#11449 = DEFINITIONAL_REPRESENTATION('',(#11450),#11454);
#11450 = LINE('',#11451,#11452);
#11451 = CARTESIAN_POINT('',(-6.974326315617,1.));
#11452 = VECTOR('',#11453,1.);
#11453 = DIRECTION('',(-0.,1.));
#11454 = ( GEOMETRIC_REPRESENTATION_CONTEXT(2) 
PARAMETRIC_REPRESENTATION_CONTEXT() REPRESENTATION_CONTEXT('2D SPACE',''
  ) );
#11455 = PCURVE('',#11456,#11461);
#11456 = CYLINDRICAL_SURFACE('',#11457,8.5);
#11457 = AXIS2_PLACEMENT_3D('',#11458,#11459,#11460);
#11458 = CARTESIAN_POINT('',(112.,-35.5,9.));
#11459 = DIRECTION('',(-0.,-1.,1.110223024625E-16));
#11460 = DIRECTION('',(1.,-0.,-0.));
#11461 = DEFINITIONAL_REPRESENTATION('',(#11462),#11466);
#11462 = LINE('',#11463,#11464);
#11463 = CARTESIAN_POINT('',(-2.167680180272,0.));
#11464 = VECTOR('',#11465,1.);
#11465 = DIRECTION('',(-0.,1.));
#11466 = ( GEOMETRIC_REPRESENTATION_CONTEXT(2) 
PARAMETRIC_REPRESENTATION_CONTEXT() REPRESENTATION_CONTEXT('2D SPACE',''
  ) );
#11467 = ADVANCED_FACE('',(#11468),#11456,.T.);
#11468 = FACE_BOUND('',#11469,.F.);
#11469 = EDGE_LOOP('',(#11470,#11498,#11526,#11552));
#11470 = ORIENTED_EDGE('',*,*,#11471,.F.);
#11471 = EDGE_CURVE('',#11472,#11390,#11474,.T.);
#11472 = VERTEX_POINT('',#11473);
#11473 = CARTESIAN_POINT('',(110.40710226838,-43.5,0.650588235294));
#11474 = SURFACE_CURVE('',#11475,(#11480,#11487),.PCURVE_S1.);
#11475 = CIRCLE('',#11476,8.5);
#11476 = AXIS2_PLACEMENT_3D('',#11477,#11478,#11479);
#11477 = CARTESIAN_POINT('',(112.,-43.5,9.));
#11478 = DIRECTION('',(0.,1.,-1.110223024625E-16));
#11479 = DIRECTION('',(1.,-0.,-0.));
#11480 = PCURVE('',#11456,#11481);
#11481 = DEFINITIONAL_REPRESENTATION('',(#11482),#11486);
#11482 = LINE('',#11483,#11484);
#11483 = CARTESIAN_POINT('',(-0.,8.));
#11484 = VECTOR('',#11485,1.);
#11485 = DIRECTION('',(-1.,0.));
#11486 = ( GEOMETRIC_REPRESENTATION_CONTEXT(2) 
PARAMETRIC_REPRESENTATION_CONTEXT() REPRESENTATION_CONTEXT('2D SPACE',''
  ) );
#11487 = PCURVE('',#10431,#11488);
#11488 = DEFINITIONAL_REPRESENTATION('',(#11489),#11497);
#11489 = ( BOUNDED_CURVE() B_SPLINE_CURVE(2,(#11490,#11491,#11492,#11493
    ,#11494,#11495,#11496),.UNSPECIFIED.,.T.,.F.) 
B_SPLINE_CURVE_WITH_KNOTS((1,2,2,2,2,1),(-2.094395102393,0.,
    2.094395102393,4.188790204786,6.28318530718,8.377580409573),
.UNSPECIFIED.) CURVE() GEOMETRIC_REPRESENTATION_ITEM() 
RATIONAL_B_SPLINE_CURVE((1.,0.5,1.,0.5,1.,0.5,1.)) REPRESENTATION_ITEM(
  '') );
#11490 = CARTESIAN_POINT('',(-8.5,0.));
#11491 = CARTESIAN_POINT('',(-8.5,14.722431864335));
#11492 = CARTESIAN_POINT('',(4.25,7.361215932168));
#11493 = CARTESIAN_POINT('',(17.,2.08189955855E-15));
#11494 = CARTESIAN_POINT('',(4.25,-7.361215932168));
#11495 = CARTESIAN_POINT('',(-8.5,-14.72243186433));
#11496 = CARTESIAN_POINT('',(-8.5,0.));
#11497 = ( GEOMETRIC_REPRESENTATION_CONTEXT(2) 
PARAMETRIC_REPRESENTATION_CONTEXT() REPRESENTATION_CONTEXT('2D SPACE',''
  ) );
#11498 = ORIENTED_EDGE('',*,*,#11499,.F.);
#11499 = EDGE_CURVE('',#11500,#11472,#11502,.T.);
#11500 = VERTEX_POINT('',#11501);
#11501 = CARTESIAN_POINT('',(110.40710226838,-35.5,0.650588235294));
#11502 = SURFACE_CURVE('',#11503,(#11507,#11514),.PCURVE_S1.);
#11503 = LINE('',#11504,#11505);
#11504 = CARTESIAN_POINT('',(110.40710226838,-35.5,0.650588235294));
#11505 = VECTOR('',#11506,1.);
#11506 = DIRECTION('',(-0.,-1.,1.110223024625E-16));
#11507 = PCURVE('',#11456,#11508);
#11508 = DEFINITIONAL_REPRESENTATION('',(#11509),#11513);
#11509 = LINE('',#11510,#11511);
#11510 = CARTESIAN_POINT('',(-1.759310636715,0.));
#11511 = VECTOR('',#11512,1.);
#11512 = DIRECTION('',(-0.,1.));
#11513 = ( GEOMETRIC_REPRESENTATION_CONTEXT(2) 
PARAMETRIC_REPRESENTATION_CONTEXT() REPRESENTATION_CONTEXT('2D SPACE',''
  ) );
#11514 = PCURVE('',#11515,#11520);
#11515 = CYLINDRICAL_SURFACE('',#11516,1.6);
#11516 = AXIS2_PLACEMENT_3D('',#11517,#11518,#11519);
#11517 = CARTESIAN_POINT('',(112.,-34.5,0.5));
#11518 = DIRECTION('',(-0.,-1.,1.110223024625E-16));
#11519 = DIRECTION('',(1.,-0.,-0.));
#11520 = DEFINITIONAL_REPRESENTATION('',(#11521),#11525);
#11521 = LINE('',#11522,#11523);
#11522 = CARTESIAN_POINT('',(-3.23584980855,1.));
#11523 = VECTOR('',#11524,1.);
#11524 = DIRECTION('',(-0.,1.));
#11525 = ( GEOMETRIC_REPRESENTATION_CONTEXT(2) 
PARAMETRIC_REPRESENTATION_CONTEXT() REPRESENTATION_CONTEXT('2D SPACE',''
  ) );
#11526 = ORIENTED_EDGE('',*,*,#11527,.T.);
#11527 = EDGE_CURVE('',#11500,#11415,#11528,.T.);
#11528 = SURFACE_CURVE('',#11529,(#11534,#11541),.PCURVE_S1.);
#11529 = CIRCLE('',#11530,8.5);
#11530 = AXIS2_PLACEMENT_3D('',#11531,#11532,#11533);
#11531 = CARTESIAN_POINT('',(112.,-35.5,9.));
#11532 = DIRECTION('',(0.,1.,-1.110223024625E-16));
#11533 = DIRECTION('',(1.,-0.,-0.));
#11534 = PCURVE('',#11456,#11535);
#11535 = DEFINITIONAL_REPRESENTATION('',(#11536),#11540);
#11536 = LINE('',#11537,#11538);
#11537 = CARTESIAN_POINT('',(-0.,0.));
#11538 = VECTOR('',#11539,1.);
#11539 = DIRECTION('',(-1.,0.));
#11540 = ( GEOMETRIC_REPRESENTATION_CONTEXT(2) 
PARAMETRIC_REPRESENTATION_CONTEXT() REPRESENTATION_CONTEXT('2D SPACE',''
  ) );
#11541 = PCURVE('',#10492,#11542);
#11542 = DEFINITIONAL_REPRESENTATION('',(#11543),#11551);
#11543 = ( BOUNDED_CURVE() B_SPLINE_CURVE(2,(#11544,#11545,#11546,#11547
    ,#11548,#11549,#11550),.UNSPECIFIED.,.T.,.F.) 
B_SPLINE_CURVE_WITH_KNOTS((1,2,2,2,2,1),(-2.094395102393,0.,
    2.094395102393,4.188790204786,6.28318530718,8.377580409573),
.UNSPECIFIED.) CURVE() GEOMETRIC_REPRESENTATION_ITEM() 
RATIONAL_B_SPLINE_CURVE((1.,0.5,1.,0.5,1.,0.5,1.)) REPRESENTATION_ITEM(
  '') );
#11544 = CARTESIAN_POINT('',(-8.5,0.));
#11545 = CARTESIAN_POINT('',(-8.5,14.722431864335));
#11546 = CARTESIAN_POINT('',(4.25,7.361215932168));
#11547 = CARTESIAN_POINT('',(17.,2.08189955855E-15));
#11548 = CARTESIAN_POINT('',(4.25,-7.361215932168));
#11549 = CARTESIAN_POINT('',(-8.5,-14.72243186433));
#11550 = CARTESIAN_POINT('',(-8.5,0.));
#11551 = ( GEOMETRIC_REPRESENTATION_CONTEXT(2) 
PARAMETRIC_REPRESENTATION_CONTEXT() REPRESENTATION_CONTEXT('2D SPACE',''
  ) );
#11552 = ORIENTED_EDGE('',*,*,#11442,.T.);
#11553 = ADVANCED_FACE('',(#11554),#11515,.F.);
#11554 = FACE_BOUND('',#11555,.T.);
#11555 = EDGE_LOOP('',(#11556,#11584,#11585,#11613));
#11556 = ORIENTED_EDGE('',*,*,#11557,.F.);
#11557 = EDGE_CURVE('',#11472,#11558,#11560,.T.);
#11558 = VERTEX_POINT('',#11559);
#11559 = CARTESIAN_POINT('',(113.59289773161,-43.5,0.650588235294));
#11560 = SURFACE_CURVE('',#11561,(#11566,#11573),.PCURVE_S1.);
#11561 = CIRCLE('',#11562,1.6);
#11562 = AXIS2_PLACEMENT_3D('',#11563,#11564,#11565);
#11563 = CARTESIAN_POINT('',(112.,-43.5,0.5));
#11564 = DIRECTION('',(0.,1.,-1.110223024625E-16));
#11565 = DIRECTION('',(1.,-0.,-0.));
#11566 = PCURVE('',#11515,#11567);
#11567 = DEFINITIONAL_REPRESENTATION('',(#11568),#11572);
#11568 = LINE('',#11569,#11570);
#11569 = CARTESIAN_POINT('',(-0.,9.));
#11570 = VECTOR('',#11571,1.);
#11571 = DIRECTION('',(-1.,0.));
#11572 = ( GEOMETRIC_REPRESENTATION_CONTEXT(2) 
PARAMETRIC_REPRESENTATION_CONTEXT() REPRESENTATION_CONTEXT('2D SPACE',''
  ) );
#11573 = PCURVE('',#10431,#11574);
#11574 = DEFINITIONAL_REPRESENTATION('',(#11575),#11583);
#11575 = ( BOUNDED_CURVE() B_SPLINE_CURVE(2,(#11576,#11577,#11578,#11579
    ,#11580,#11581,#11582),.UNSPECIFIED.,.T.,.F.) 
B_SPLINE_CURVE_WITH_KNOTS((1,2,2,2,2,1),(-2.094395102393,0.,
    2.094395102393,4.188790204786,6.28318530718,8.377580409573),
.UNSPECIFIED.) CURVE() GEOMETRIC_REPRESENTATION_ITEM() 
RATIONAL_B_SPLINE_CURVE((1.,0.5,1.,0.5,1.,0.5,1.)) REPRESENTATION_ITEM(
  '') );
#11576 = CARTESIAN_POINT('',(-1.6,8.5));
#11577 = CARTESIAN_POINT('',(-1.6,11.27128129211));
#11578 = CARTESIAN_POINT('',(0.8,9.885640646055));
#11579 = CARTESIAN_POINT('',(3.2,8.5));
#11580 = CARTESIAN_POINT('',(0.8,7.114359353945));
#11581 = CARTESIAN_POINT('',(-1.6,5.72871870789));
#11582 = CARTESIAN_POINT('',(-1.6,8.5));
#11583 = ( GEOMETRIC_REPRESENTATION_CONTEXT(2) 
PARAMETRIC_REPRESENTATION_CONTEXT() REPRESENTATION_CONTEXT('2D SPACE',''
  ) );
#11584 = ORIENTED_EDGE('',*,*,#11499,.F.);
#11585 = ORIENTED_EDGE('',*,*,#11586,.T.);
#11586 = EDGE_CURVE('',#11500,#11587,#11589,.T.);
#11587 = VERTEX_POINT('',#11588);
#11588 = CARTESIAN_POINT('',(113.59289773161,-35.5,0.650588235294));
#11589 = SURFACE_CURVE('',#11590,(#11595,#11602),.PCURVE_S1.);
#11590 = CIRCLE('',#11591,1.6);
#11591 = AXIS2_PLACEMENT_3D('',#11592,#11593,#11594);
#11592 = CARTESIAN_POINT('',(112.,-35.5,0.5));
#11593 = DIRECTION('',(0.,1.,-1.110223024625E-16));
#11594 = DIRECTION('',(1.,-0.,-0.));
#11595 = PCURVE('',#11515,#11596);
#11596 = DEFINITIONAL_REPRESENTATION('',(#11597),#11601);
#11597 = LINE('',#11598,#11599);
#11598 = CARTESIAN_POINT('',(-0.,1.));
#11599 = VECTOR('',#11600,1.);
#11600 = DIRECTION('',(-1.,0.));
#11601 = ( GEOMETRIC_REPRESENTATION_CONTEXT(2) 
PARAMETRIC_REPRESENTATION_CONTEXT() REPRESENTATION_CONTEXT('2D SPACE',''
  ) );
#11602 = PCURVE('',#10492,#11603);
#11603 = DEFINITIONAL_REPRESENTATION('',(#11604),#11612);
#11604 = ( BOUNDED_CURVE() B_SPLINE_CURVE(2,(#11605,#11606,#11607,#11608
    ,#11609,#11610,#11611),.UNSPECIFIED.,.T.,.F.) 
B_SPLINE_CURVE_WITH_KNOTS((1,2,2,2,2,1),(-2.094395102393,0.,
    2.094395102393,4.188790204786,6.28318530718,8.377580409573),
.UNSPECIFIED.) CURVE() GEOMETRIC_REPRESENTATION_ITEM() 
RATIONAL_B_SPLINE_CURVE((1.,0.5,1.,0.5,1.,0.5,1.)) REPRESENTATION_ITEM(
  '') );
#11605 = CARTESIAN_POINT('',(-1.6,8.5));
#11606 = CARTESIAN_POINT('',(-1.6,11.27128129211));
#11607 = CARTESIAN_POINT('',(0.8,9.885640646055));
#11608 = CARTESIAN_POINT('',(3.2,8.5));
#11609 = CARTESIAN_POINT('',(0.8,7.114359353945));
#11610 = CARTESIAN_POINT('',(-1.6,5.72871870789));
#11611 = CARTESIAN_POINT('',(-1.6,8.5));
#11612 = ( GEOMETRIC_REPRESENTATION_CONTEXT(2) 
PARAMETRIC_REPRESENTATION_CONTEXT() REPRESENTATION_CONTEXT('2D SPACE',''
  ) );
#11613 = ORIENTED_EDGE('',*,*,#11614,.T.);
#11614 = EDGE_CURVE('',#11587,#11558,#11615,.T.);
#11615 = SURFACE_CURVE('',#11616,(#11620,#11627),.PCURVE_S1.);
#11616 = LINE('',#11617,#11618);
#11617 = CARTESIAN_POINT('',(113.59289773161,-35.5,0.650588235294));
#11618 = VECTOR('',#11619,1.);
#11619 = DIRECTION('',(-0.,-1.,1.110223024625E-16));
#11620 = PCURVE('',#11515,#11621);
#11621 = DEFINITIONAL_REPRESENTATION('',(#11622),#11626);
#11622 = LINE('',#11623,#11624);
#11623 = CARTESIAN_POINT('',(-6.188928152219,1.));
#11624 = VECTOR('',#11625,1.);
#11625 = DIRECTION('',(-0.,1.));
#11626 = ( GEOMETRIC_REPRESENTATION_CONTEXT(2) 
PARAMETRIC_REPRESENTATION_CONTEXT() REPRESENTATION_CONTEXT('2D SPACE',''
  ) );
#11627 = PCURVE('',#11628,#11633);
#11628 = CYLINDRICAL_SURFACE('',#11629,8.5);
#11629 = AXIS2_PLACEMENT_3D('',#11630,#11631,#11632);
#11630 = CARTESIAN_POINT('',(112.,-35.5,9.));
#11631 = DIRECTION('',(-0.,-1.,1.110223024625E-16));
#11632 = DIRECTION('',(1.,-0.,-0.));
#11633 = DEFINITIONAL_REPRESENTATION('',(#11634),#11638);
#11634 = LINE('',#11635,#11636);
#11635 = CARTESIAN_POINT('',(-1.382282016874,0.));
#11636 = VECTOR('',#11637,1.);
#11637 = DIRECTION('',(-0.,1.));
#11638 = ( GEOMETRIC_REPRESENTATION_CONTEXT(2) 
PARAMETRIC_REPRESENTATION_CONTEXT() REPRESENTATION_CONTEXT('2D SPACE',''
  ) );
#11639 = ADVANCED_FACE('',(#11640),#11628,.T.);
#11640 = FACE_BOUND('',#11641,.F.);
#11641 = EDGE_LOOP('',(#11642,#11670,#11693,#11719));
#11642 = ORIENTED_EDGE('',*,*,#11643,.F.);
#11643 = EDGE_CURVE('',#11644,#11558,#11646,.T.);
#11644 = VERTEX_POINT('',#11645);
#11645 = CARTESIAN_POINT('',(116.77757688997,-43.5,1.969725534495));
#11646 = SURFACE_CURVE('',#11647,(#11652,#11659),.PCURVE_S1.);
#11647 = CIRCLE('',#11648,8.5);
#11648 = AXIS2_PLACEMENT_3D('',#11649,#11650,#11651);
#11649 = CARTESIAN_POINT('',(112.,-43.5,9.));
#11650 = DIRECTION('',(0.,1.,-1.110223024625E-16));
#11651 = DIRECTION('',(1.,-0.,-0.));
#11652 = PCURVE('',#11628,#11653);
#11653 = DEFINITIONAL_REPRESENTATION('',(#11654),#11658);
#11654 = LINE('',#11655,#11656);
#11655 = CARTESIAN_POINT('',(-0.,8.));
#11656 = VECTOR('',#11657,1.);
#11657 = DIRECTION('',(-1.,0.));
#11658 = ( GEOMETRIC_REPRESENTATION_CONTEXT(2) 
PARAMETRIC_REPRESENTATION_CONTEXT() REPRESENTATION_CONTEXT('2D SPACE',''
  ) );
#11659 = PCURVE('',#10431,#11660);
#11660 = DEFINITIONAL_REPRESENTATION('',(#11661),#11669);
#11661 = ( BOUNDED_CURVE() B_SPLINE_CURVE(2,(#11662,#11663,#11664,#11665
    ,#11666,#11667,#11668),.UNSPECIFIED.,.T.,.F.) 
B_SPLINE_CURVE_WITH_KNOTS((1,2,2,2,2,1),(-2.094395102393,0.,
    2.094395102393,4.188790204786,6.28318530718,8.377580409573),
.UNSPECIFIED.) CURVE() GEOMETRIC_REPRESENTATION_ITEM() 
RATIONAL_B_SPLINE_CURVE((1.,0.5,1.,0.5,1.,0.5,1.)) REPRESENTATION_ITEM(
  '') );
#11662 = CARTESIAN_POINT('',(-8.5,0.));
#11663 = CARTESIAN_POINT('',(-8.5,14.722431864335));
#11664 = CARTESIAN_POINT('',(4.25,7.361215932168));
#11665 = CARTESIAN_POINT('',(17.,2.08189955855E-15));
#11666 = CARTESIAN_POINT('',(4.25,-7.361215932168));
#11667 = CARTESIAN_POINT('',(-8.5,-14.72243186433));
#11668 = CARTESIAN_POINT('',(-8.5,0.));
#11669 = ( GEOMETRIC_REPRESENTATION_CONTEXT(2) 
PARAMETRIC_REPRESENTATION_CONTEXT() REPRESENTATION_CONTEXT('2D SPACE',''
  ) );
#11670 = ORIENTED_EDGE('',*,*,#11671,.F.);
#11671 = EDGE_CURVE('',#11672,#11644,#11674,.T.);
#11672 = VERTEX_POINT('',#11673);
#11673 = CARTESIAN_POINT('',(116.77757688997,-35.5,1.969725534495));
#11674 = SURFACE_CURVE('',#11675,(#11679,#11686),.PCURVE_S1.);
#11675 = LINE('',#11676,#11677);
#11676 = CARTESIAN_POINT('',(116.77757688997,-35.5,1.969725534495));
#11677 = VECTOR('',#11678,1.);
#11678 = DIRECTION('',(-0.,-1.,1.110223024625E-16));
#11679 = PCURVE('',#11628,#11680);
#11680 = DEFINITIONAL_REPRESENTATION('',(#11681),#11685);
#11681 = LINE('',#11682,#11683);
#11682 = CARTESIAN_POINT('',(-0.973912473318,0.));
#11683 = VECTOR('',#11684,1.);
#11684 = DIRECTION('',(-0.,1.));
#11685 = ( GEOMETRIC_REPRESENTATION_CONTEXT(2) 
PARAMETRIC_REPRESENTATION_CONTEXT() REPRESENTATION_CONTEXT('2D SPACE',''
  ) );
#11686 = PCURVE('',#10522,#11687);
#11687 = DEFINITIONAL_REPRESENTATION('',(#11688),#11692);
#11688 = LINE('',#11689,#11690);
#11689 = CARTESIAN_POINT('',(-2.450451645153,1.));
#11690 = VECTOR('',#11691,1.);
#11691 = DIRECTION('',(-0.,1.));
#11692 = ( GEOMETRIC_REPRESENTATION_CONTEXT(2) 
PARAMETRIC_REPRESENTATION_CONTEXT() REPRESENTATION_CONTEXT('2D SPACE',''
  ) );
#11693 = ORIENTED_EDGE('',*,*,#11694,.T.);
#11694 = EDGE_CURVE('',#11672,#11587,#11695,.T.);
#11695 = SURFACE_CURVE('',#11696,(#11701,#11708),.PCURVE_S1.);
#11696 = CIRCLE('',#11697,8.5);
#11697 = AXIS2_PLACEMENT_3D('',#11698,#11699,#11700);
#11698 = CARTESIAN_POINT('',(112.,-35.5,9.));
#11699 = DIRECTION('',(0.,1.,-1.110223024625E-16));
#11700 = DIRECTION('',(1.,-0.,-0.));
#11701 = PCURVE('',#11628,#11702);
#11702 = DEFINITIONAL_REPRESENTATION('',(#11703),#11707);
#11703 = LINE('',#11704,#11705);
#11704 = CARTESIAN_POINT('',(-0.,0.));
#11705 = VECTOR('',#11706,1.);
#11706 = DIRECTION('',(-1.,0.));
#11707 = ( GEOMETRIC_REPRESENTATION_CONTEXT(2) 
PARAMETRIC_REPRESENTATION_CONTEXT() REPRESENTATION_CONTEXT('2D SPACE',''
  ) );
#11708 = PCURVE('',#10492,#11709);
#11709 = DEFINITIONAL_REPRESENTATION('',(#11710),#11718);
#11710 = ( BOUNDED_CURVE() B_SPLINE_CURVE(2,(#11711,#11712,#11713,#11714
    ,#11715,#11716,#11717),.UNSPECIFIED.,.T.,.F.) 
B_SPLINE_CURVE_WITH_KNOTS((1,2,2,2,2,1),(-2.094395102393,0.,
    2.094395102393,4.188790204786,6.28318530718,8.377580409573),
.UNSPECIFIED.) CURVE() GEOMETRIC_REPRESENTATION_ITEM() 
RATIONAL_B_SPLINE_CURVE((1.,0.5,1.,0.5,1.,0.5,1.)) REPRESENTATION_ITEM(
  '') );
#11711 = CARTESIAN_POINT('',(-8.5,0.));
#11712 = CARTESIAN_POINT('',(-8.5,14.722431864335));
#11713 = CARTESIAN_POINT('',(4.25,7.361215932168));
#11714 = CARTESIAN_POINT('',(17.,2.08189955855E-15));
#11715 = CARTESIAN_POINT('',(4.25,-7.361215932168));
#11716 = CARTESIAN_POINT('',(-8.5,-14.72243186433));
#11717 = CARTESIAN_POINT('',(-8.5,0.));
#11718 = ( GEOMETRIC_REPRESENTATION_CONTEXT(2) 
PARAMETRIC_REPRESENTATION_CONTEXT() REPRESENTATION_CONTEXT('2D SPACE',''
  ) );
#11719 = ORIENTED_EDGE('',*,*,#11614,.T.);
#11720 = ADVANCED_FACE('',(#11721,#11764),#10492,.F.);
#11721 = FACE_BOUND('',#11722,.T.);
#11722 = EDGE_LOOP('',(#11723,#11724,#11725,#11751,#11752,#11753,#11754,
    #11755,#11756,#11757,#11758,#11759,#11760,#11761,#11762,#11763));
#11723 = ORIENTED_EDGE('',*,*,#10538,.F.);
#11724 = ORIENTED_EDGE('',*,*,#10475,.T.);
#11725 = ORIENTED_EDGE('',*,*,#11726,.F.);
#11726 = EDGE_CURVE('',#11672,#10476,#11727,.T.);
#11727 = SURFACE_CURVE('',#11728,(#11733,#11744),.PCURVE_S1.);
#11728 = CIRCLE('',#11729,1.6);
#11729 = AXIS2_PLACEMENT_3D('',#11730,#11731,#11732);
#11730 = CARTESIAN_POINT('',(118.01040764008,-35.5,2.989592359914));
#11731 = DIRECTION('',(0.,1.,-1.110223024625E-16));
#11732 = DIRECTION('',(1.,-0.,-0.));
#11733 = PCURVE('',#10492,#11734);
#11734 = DEFINITIONAL_REPRESENTATION('',(#11735),#11743);
#11735 = ( BOUNDED_CURVE() B_SPLINE_CURVE(2,(#11736,#11737,#11738,#11739
    ,#11740,#11741,#11742),.UNSPECIFIED.,.T.,.F.) 
B_SPLINE_CURVE_WITH_KNOTS((1,2,2,2,2,1),(-2.094395102393,0.,
    2.094395102393,4.188790204786,6.28318530718,8.377580409573),
.UNSPECIFIED.) CURVE() GEOMETRIC_REPRESENTATION_ITEM() 
RATIONAL_B_SPLINE_CURVE((1.,0.5,1.,0.5,1.,0.5,1.)) REPRESENTATION_ITEM(
  '') );
#11736 = CARTESIAN_POINT('',(-7.610407640086,6.010407640086));
#11737 = CARTESIAN_POINT('',(-7.610407640086,8.781688932196));
#11738 = CARTESIAN_POINT('',(-5.210407640086,7.396048286141));
#11739 = CARTESIAN_POINT('',(-2.810407640086,6.010407640086));
#11740 = CARTESIAN_POINT('',(-5.210407640086,4.624766994031));
#11741 = CARTESIAN_POINT('',(-7.610407640086,3.239126347975));
#11742 = CARTESIAN_POINT('',(-7.610407640086,6.010407640086));
#11743 = ( GEOMETRIC_REPRESENTATION_CONTEXT(2) 
PARAMETRIC_REPRESENTATION_CONTEXT() REPRESENTATION_CONTEXT('2D SPACE',''
  ) );
#11744 = PCURVE('',#10522,#11745);
#11745 = DEFINITIONAL_REPRESENTATION('',(#11746),#11750);
#11746 = LINE('',#11747,#11748);
#11747 = CARTESIAN_POINT('',(-0.,1.));
#11748 = VECTOR('',#11749,1.);
#11749 = DIRECTION('',(-1.,0.));
#11750 = ( GEOMETRIC_REPRESENTATION_CONTEXT(2) 
PARAMETRIC_REPRESENTATION_CONTEXT() REPRESENTATION_CONTEXT('2D SPACE',''
  ) );
#11751 = ORIENTED_EDGE('',*,*,#11694,.T.);
#11752 = ORIENTED_EDGE('',*,*,#11586,.F.);
#11753 = ORIENTED_EDGE('',*,*,#11527,.T.);
#11754 = ORIENTED_EDGE('',*,*,#11414,.F.);
#11755 = ORIENTED_EDGE('',*,*,#11359,.T.);
#11756 = ORIENTED_EDGE('',*,*,#11246,.F.);
#11757 = ORIENTED_EDGE('',*,*,#11191,.T.);
#11758 = ORIENTED_EDGE('',*,*,#11053,.F.);
#11759 = ORIENTED_EDGE('',*,*,#11023,.T.);
#11760 = ORIENTED_EDGE('',*,*,#10910,.F.);
#11761 = ORIENTED_EDGE('',*,*,#10851,.T.);
#11762 = ORIENTED_EDGE('',*,*,#10738,.F.);
#11763 = ORIENTED_EDGE('',*,*,#10679,.T.);
#11764 = FACE_BOUND('',#11765,.T.);
#11765 = EDGE_LOOP('',(#11766));
#11766 = ORIENTED_EDGE('',*,*,#11767,.F.);
#11767 = EDGE_CURVE('',#11768,#11768,#11770,.T.);
#11768 = VERTEX_POINT('',#11769);
#11769 = CARTESIAN_POINT('',(114.25,-35.5,9.));
#11770 = SURFACE_CURVE('',#11771,(#11776,#11787),.PCURVE_S1.);
#11771 = CIRCLE('',#11772,2.25);
#11772 = AXIS2_PLACEMENT_3D('',#11773,#11774,#11775);
#11773 = CARTESIAN_POINT('',(112.,-35.5,9.));
#11774 = DIRECTION('',(0.,1.,-1.110223024625E-16));
#11775 = DIRECTION('',(1.,-0.,-0.));
#11776 = PCURVE('',#10492,#11777);
#11777 = DEFINITIONAL_REPRESENTATION('',(#11778),#11786);
#11778 = ( BOUNDED_CURVE() B_SPLINE_CURVE(2,(#11779,#11780,#11781,#11782
    ,#11783,#11784,#11785),.UNSPECIFIED.,.T.,.F.) 
B_SPLINE_CURVE_WITH_KNOTS((1,2,2,2,2,1),(-2.094395102393,0.,
    2.094395102393,4.188790204786,6.28318530718,8.377580409573),
.UNSPECIFIED.) CURVE() GEOMETRIC_REPRESENTATION_ITEM() 
RATIONAL_B_SPLINE_CURVE((1.,0.5,1.,0.5,1.,0.5,1.)) REPRESENTATION_ITEM(
  '') );
#11779 = CARTESIAN_POINT('',(-2.25,0.));
#11780 = CARTESIAN_POINT('',(-2.25,3.89711431703));
#11781 = CARTESIAN_POINT('',(1.125,1.948557158515));
#11782 = CARTESIAN_POINT('',(4.5,5.510910596163E-16));
#11783 = CARTESIAN_POINT('',(1.125,-1.948557158515));
#11784 = CARTESIAN_POINT('',(-2.25,-3.89711431703));
#11785 = CARTESIAN_POINT('',(-2.25,0.));
#11786 = ( GEOMETRIC_REPRESENTATION_CONTEXT(2) 
PARAMETRIC_REPRESENTATION_CONTEXT() REPRESENTATION_CONTEXT('2D SPACE',''
  ) );
#11787 = PCURVE('',#11788,#11793);
#11788 = CYLINDRICAL_SURFACE('',#11789,2.25);
#11789 = AXIS2_PLACEMENT_3D('',#11790,#11791,#11792);
#11790 = CARTESIAN_POINT('',(112.,-34.5,9.));
#11791 = DIRECTION('',(-0.,-1.,1.110223024625E-16));
#11792 = DIRECTION('',(1.,-0.,-0.));
#11793 = DEFINITIONAL_REPRESENTATION('',(#11794),#11798);
#11794 = LINE('',#11795,#11796);
#11795 = CARTESIAN_POINT('',(-0.,1.));
#11796 = VECTOR('',#11797,1.);
#11797 = DIRECTION('',(-1.,0.));
#11798 = ( GEOMETRIC_REPRESENTATION_CONTEXT(2) 
PARAMETRIC_REPRESENTATION_CONTEXT() REPRESENTATION_CONTEXT('2D SPACE',''
  ) );
#11799 = ADVANCED_FACE('',(#11800),#11788,.F.);
#11800 = FACE_BOUND('',#11801,.T.);
#11801 = EDGE_LOOP('',(#11802,#11835,#11856,#11857));
#11802 = ORIENTED_EDGE('',*,*,#11803,.F.);
#11803 = EDGE_CURVE('',#11804,#11804,#11806,.T.);
#11804 = VERTEX_POINT('',#11805);
#11805 = CARTESIAN_POINT('',(114.25,-40.4,9.));
#11806 = SURFACE_CURVE('',#11807,(#11812,#11819),.PCURVE_S1.);
#11807 = CIRCLE('',#11808,2.25);
#11808 = AXIS2_PLACEMENT_3D('',#11809,#11810,#11811);
#11809 = CARTESIAN_POINT('',(112.,-40.4,9.));
#11810 = DIRECTION('',(0.,1.,-1.110223024625E-16));
#11811 = DIRECTION('',(1.,-0.,-0.));
#11812 = PCURVE('',#11788,#11813);
#11813 = DEFINITIONAL_REPRESENTATION('',(#11814),#11818);
#11814 = LINE('',#11815,#11816);
#11815 = CARTESIAN_POINT('',(-0.,5.9));
#11816 = VECTOR('',#11817,1.);
#11817 = DIRECTION('',(-1.,0.));
#11818 = ( GEOMETRIC_REPRESENTATION_CONTEXT(2) 
PARAMETRIC_REPRESENTATION_CONTEXT() REPRESENTATION_CONTEXT('2D SPACE',''
  ) );
#11819 = PCURVE('',#11820,#11825);
#11820 = PLANE('',#11821);
#11821 = AXIS2_PLACEMENT_3D('',#11822,#11823,#11824);
#11822 = CARTESIAN_POINT('',(112.,-40.4,9.));
#11823 = DIRECTION('',(-0.,-1.,1.110223024625E-16));
#11824 = DIRECTION('',(-1.,0.,0.));
#11825 = DEFINITIONAL_REPRESENTATION('',(#11826),#11834);
#11826 = ( BOUNDED_CURVE() B_SPLINE_CURVE(2,(#11827,#11828,#11829,#11830
    ,#11831,#11832,#11833),.UNSPECIFIED.,.T.,.F.) 
B_SPLINE_CURVE_WITH_KNOTS((1,2,2,2,2,1),(-2.094395102393,0.,
    2.094395102393,4.188790204786,6.28318530718,8.377580409573),
.UNSPECIFIED.) CURVE() GEOMETRIC_REPRESENTATION_ITEM() 
RATIONAL_B_SPLINE_CURVE((1.,0.5,1.,0.5,1.,0.5,1.)) REPRESENTATION_ITEM(
  '') );
#11827 = CARTESIAN_POINT('',(-2.25,0.));
#11828 = CARTESIAN_POINT('',(-2.25,3.89711431703));
#11829 = CARTESIAN_POINT('',(1.125,1.948557158515));
#11830 = CARTESIAN_POINT('',(4.5,5.510910596163E-16));
#11831 = CARTESIAN_POINT('',(1.125,-1.948557158515));
#11832 = CARTESIAN_POINT('',(-2.25,-3.89711431703));
#11833 = CARTESIAN_POINT('',(-2.25,0.));
#11834 = ( GEOMETRIC_REPRESENTATION_CONTEXT(2) 
PARAMETRIC_REPRESENTATION_CONTEXT() REPRESENTATION_CONTEXT('2D SPACE',''
  ) );
#11835 = ORIENTED_EDGE('',*,*,#11836,.F.);
#11836 = EDGE_CURVE('',#11768,#11804,#11837,.T.);
#11837 = SEAM_CURVE('',#11838,(#11842,#11849),.PCURVE_S1.);
#11838 = LINE('',#11839,#11840);
#11839 = CARTESIAN_POINT('',(114.25,-34.5,9.));
#11840 = VECTOR('',#11841,1.);
#11841 = DIRECTION('',(-0.,-1.,1.110223024625E-16));
#11842 = PCURVE('',#11788,#11843);
#11843 = DEFINITIONAL_REPRESENTATION('',(#11844),#11848);
#11844 = LINE('',#11845,#11846);
#11845 = CARTESIAN_POINT('',(-6.28318530718,-0.));
#11846 = VECTOR('',#11847,1.);
#11847 = DIRECTION('',(-0.,1.));
#11848 = ( GEOMETRIC_REPRESENTATION_CONTEXT(2) 
PARAMETRIC_REPRESENTATION_CONTEXT() REPRESENTATION_CONTEXT('2D SPACE',''
  ) );
#11849 = PCURVE('',#11788,#11850);
#11850 = DEFINITIONAL_REPRESENTATION('',(#11851),#11855);
#11851 = LINE('',#11852,#11853);
#11852 = CARTESIAN_POINT('',(-0.,-0.));
#11853 = VECTOR('',#11854,1.);
#11854 = DIRECTION('',(-0.,1.));
#11855 = ( GEOMETRIC_REPRESENTATION_CONTEXT(2) 
PARAMETRIC_REPRESENTATION_CONTEXT() REPRESENTATION_CONTEXT('2D SPACE',''
  ) );
#11856 = ORIENTED_EDGE('',*,*,#11767,.T.);
#11857 = ORIENTED_EDGE('',*,*,#11836,.T.);
#11858 = ADVANCED_FACE('',(#11859,#12029),#11820,.T.);
#11859 = FACE_BOUND('',#11860,.F.);
#11860 = EDGE_LOOP('',(#11861,#11891,#11919,#11947,#11975,#12003));
#11861 = ORIENTED_EDGE('',*,*,#11862,.T.);
#11862 = EDGE_CURVE('',#11863,#11865,#11867,.T.);
#11863 = VERTEX_POINT('',#11864);
#11864 = CARTESIAN_POINT('',(115.575,-40.4,6.935972787647));
#11865 = VERTEX_POINT('',#11866);
#11866 = CARTESIAN_POINT('',(112.,-40.4,4.871945575294));
#11867 = SURFACE_CURVE('',#11868,(#11872,#11879),.PCURVE_S1.);
#11868 = LINE('',#11869,#11870);
#11869 = CARTESIAN_POINT('',(115.575,-40.4,6.935972787647));
#11870 = VECTOR('',#11871,1.);
#11871 = DIRECTION('',(-0.866025403784,-5.551115123126E-17,-0.5));
#11872 = PCURVE('',#11820,#11873);
#11873 = DEFINITIONAL_REPRESENTATION('',(#11874),#11878);
#11874 = LINE('',#11875,#11876);
#11875 = CARTESIAN_POINT('',(-3.575,2.064027212353));
#11876 = VECTOR('',#11877,1.);
#11877 = DIRECTION('',(0.866025403784,0.5));
#11878 = ( GEOMETRIC_REPRESENTATION_CONTEXT(2) 
PARAMETRIC_REPRESENTATION_CONTEXT() REPRESENTATION_CONTEXT('2D SPACE',''
  ) );
#11879 = PCURVE('',#11880,#11885);
#11880 = PLANE('',#11881);
#11881 = AXIS2_PLACEMENT_3D('',#11882,#11883,#11884);
#11882 = CARTESIAN_POINT('',(115.575,-40.4,6.935972787647));
#11883 = DIRECTION('',(-0.5,9.614813431918E-17,0.866025403784));
#11884 = DIRECTION('',(0.866025403784,5.551115123126E-17,0.5));
#11885 = DEFINITIONAL_REPRESENTATION('',(#11886),#11890);
#11886 = LINE('',#11887,#11888);
#11887 = CARTESIAN_POINT('',(0.,-0.));
#11888 = VECTOR('',#11889,1.);
#11889 = DIRECTION('',(-1.,0.));
#11890 = ( GEOMETRIC_REPRESENTATION_CONTEXT(2) 
PARAMETRIC_REPRESENTATION_CONTEXT() REPRESENTATION_CONTEXT('2D SPACE',''
  ) );
#11891 = ORIENTED_EDGE('',*,*,#11892,.T.);
#11892 = EDGE_CURVE('',#11865,#11893,#11895,.T.);
#11893 = VERTEX_POINT('',#11894);
#11894 = CARTESIAN_POINT('',(108.425,-40.4,6.935972787647));
#11895 = SURFACE_CURVE('',#11896,(#11900,#11907),.PCURVE_S1.);
#11896 = LINE('',#11897,#11898);
#11897 = CARTESIAN_POINT('',(112.,-40.4,4.871945575294));
#11898 = VECTOR('',#11899,1.);
#11899 = DIRECTION('',(-0.866025403784,5.551115123126E-17,0.5));
#11900 = PCURVE('',#11820,#11901);
#11901 = DEFINITIONAL_REPRESENTATION('',(#11902),#11906);
#11902 = LINE('',#11903,#11904);
#11903 = CARTESIAN_POINT('',(-0.,4.128054424706));
#11904 = VECTOR('',#11905,1.);
#11905 = DIRECTION('',(0.866025403784,-0.5));
#11906 = ( GEOMETRIC_REPRESENTATION_CONTEXT(2) 
PARAMETRIC_REPRESENTATION_CONTEXT() REPRESENTATION_CONTEXT('2D SPACE',''
  ) );
#11907 = PCURVE('',#11908,#11913);
#11908 = PLANE('',#11909);
#11909 = AXIS2_PLACEMENT_3D('',#11910,#11911,#11912);
#11910 = CARTESIAN_POINT('',(112.,-40.4,4.871945575294));
#11911 = DIRECTION('',(0.5,9.614813431918E-17,0.866025403784));
#11912 = DIRECTION('',(0.866025403784,-5.551115123126E-17,-0.5));
#11913 = DEFINITIONAL_REPRESENTATION('',(#11914),#11918);
#11914 = LINE('',#11915,#11916);
#11915 = CARTESIAN_POINT('',(-0.,0.));
#11916 = VECTOR('',#11917,1.);
#11917 = DIRECTION('',(-1.,0.));
#11918 = ( GEOMETRIC_REPRESENTATION_CONTEXT(2) 
PARAMETRIC_REPRESENTATION_CONTEXT() REPRESENTATION_CONTEXT('2D SPACE',''
  ) );
#11919 = ORIENTED_EDGE('',*,*,#11920,.T.);
#11920 = EDGE_CURVE('',#11893,#11921,#11923,.T.);
#11921 = VERTEX_POINT('',#11922);
#11922 = CARTESIAN_POINT('',(108.425,-40.4,11.064027212353));
#11923 = SURFACE_CURVE('',#11924,(#11928,#11935),.PCURVE_S1.);
#11924 = LINE('',#11925,#11926);
#11925 = CARTESIAN_POINT('',(108.425,-40.4,6.935972787647));
#11926 = VECTOR('',#11927,1.);
#11927 = DIRECTION('',(1.075783321054E-16,1.110223024625E-16,1.));
#11928 = PCURVE('',#11820,#11929);
#11929 = DEFINITIONAL_REPRESENTATION('',(#11930),#11934);
#11930 = LINE('',#11931,#11932);
#11931 = CARTESIAN_POINT('',(3.575,2.064027212353));
#11932 = VECTOR('',#11933,1.);
#11933 = DIRECTION('',(-1.075783321054E-16,-1.));
#11934 = ( GEOMETRIC_REPRESENTATION_CONTEXT(2) 
PARAMETRIC_REPRESENTATION_CONTEXT() REPRESENTATION_CONTEXT('2D SPACE',''
  ) );
#11935 = PCURVE('',#11936,#11941);
#11936 = PLANE('',#11937);
#11937 = AXIS2_PLACEMENT_3D('',#11938,#11939,#11940);
#11938 = CARTESIAN_POINT('',(108.425,-40.4,6.935972787647));
#11939 = DIRECTION('',(1.,-1.194359412542E-32,-1.075783321054E-16));
#11940 = DIRECTION('',(-1.075783321054E-16,-1.110223024625E-16,-1.));
#11941 = DEFINITIONAL_REPRESENTATION('',(#11942),#11946);
#11942 = LINE('',#11943,#11944);
#11943 = CARTESIAN_POINT('',(-0.,0.));
#11944 = VECTOR('',#11945,1.);
#11945 = DIRECTION('',(-1.,0.));
#11946 = ( GEOMETRIC_REPRESENTATION_CONTEXT(2) 
PARAMETRIC_REPRESENTATION_CONTEXT() REPRESENTATION_CONTEXT('2D SPACE',''
  ) );
#11947 = ORIENTED_EDGE('',*,*,#11948,.T.);
#11948 = EDGE_CURVE('',#11921,#11949,#11951,.T.);
#11949 = VERTEX_POINT('',#11950);
#11950 = CARTESIAN_POINT('',(112.,-40.4,13.128054424706));
#11951 = SURFACE_CURVE('',#11952,(#11956,#11963),.PCURVE_S1.);
#11952 = LINE('',#11953,#11954);
#11953 = CARTESIAN_POINT('',(108.425,-40.4,11.064027212353));
#11954 = VECTOR('',#11955,1.);
#11955 = DIRECTION('',(0.866025403784,5.551115123126E-17,0.5));
#11956 = PCURVE('',#11820,#11957);
#11957 = DEFINITIONAL_REPRESENTATION('',(#11958),#11962);
#11958 = LINE('',#11959,#11960);
#11959 = CARTESIAN_POINT('',(3.575,-2.064027212353));
#11960 = VECTOR('',#11961,1.);
#11961 = DIRECTION('',(-0.866025403784,-0.5));
#11962 = ( GEOMETRIC_REPRESENTATION_CONTEXT(2) 
PARAMETRIC_REPRESENTATION_CONTEXT() REPRESENTATION_CONTEXT('2D SPACE',''
  ) );
#11963 = PCURVE('',#11964,#11969);
#11964 = PLANE('',#11965);
#11965 = AXIS2_PLACEMENT_3D('',#11966,#11967,#11968);
#11966 = CARTESIAN_POINT('',(108.425,-40.4,11.064027212353));
#11967 = DIRECTION('',(0.5,-9.614813431918E-17,-0.866025403784));
#11968 = DIRECTION('',(-0.866025403784,-5.551115123126E-17,-0.5));
#11969 = DEFINITIONAL_REPRESENTATION('',(#11970),#11974);
#11970 = LINE('',#11971,#11972);
#11971 = CARTESIAN_POINT('',(-0.,0.));
#11972 = VECTOR('',#11973,1.);
#11973 = DIRECTION('',(-1.,0.));
#11974 = ( GEOMETRIC_REPRESENTATION_CONTEXT(2) 
PARAMETRIC_REPRESENTATION_CONTEXT() REPRESENTATION_CONTEXT('2D SPACE',''
  ) );
#11975 = ORIENTED_EDGE('',*,*,#11976,.T.);
#11976 = EDGE_CURVE('',#11949,#11977,#11979,.T.);
#11977 = VERTEX_POINT('',#11978);
#11978 = CARTESIAN_POINT('',(115.575,-40.4,11.064027212353));
#11979 = SURFACE_CURVE('',#11980,(#11984,#11991),.PCURVE_S1.);
#11980 = LINE('',#11981,#11982);
#11981 = CARTESIAN_POINT('',(112.,-40.4,13.128054424706));
#11982 = VECTOR('',#11983,1.);
#11983 = DIRECTION('',(0.866025403784,-5.551115123126E-17,-0.5));
#11984 = PCURVE('',#11820,#11985);
#11985 = DEFINITIONAL_REPRESENTATION('',(#11986),#11990);
#11986 = LINE('',#11987,#11988);
#11987 = CARTESIAN_POINT('',(-0.,-4.128054424706));
#11988 = VECTOR('',#11989,1.);
#11989 = DIRECTION('',(-0.866025403784,0.5));
#11990 = ( GEOMETRIC_REPRESENTATION_CONTEXT(2) 
PARAMETRIC_REPRESENTATION_CONTEXT() REPRESENTATION_CONTEXT('2D SPACE',''
  ) );
#11991 = PCURVE('',#11992,#11997);
#11992 = PLANE('',#11993);
#11993 = AXIS2_PLACEMENT_3D('',#11994,#11995,#11996);
#11994 = CARTESIAN_POINT('',(112.,-40.4,13.128054424706));
#11995 = DIRECTION('',(-0.5,-9.614813431918E-17,-0.866025403784));
#11996 = DIRECTION('',(-0.866025403784,5.551115123126E-17,0.5));
#11997 = DEFINITIONAL_REPRESENTATION('',(#11998),#12002);
#11998 = LINE('',#11999,#12000);
#11999 = CARTESIAN_POINT('',(-0.,0.));
#12000 = VECTOR('',#12001,1.);
#12001 = DIRECTION('',(-1.,0.));
#12002 = ( GEOMETRIC_REPRESENTATION_CONTEXT(2) 
PARAMETRIC_REPRESENTATION_CONTEXT() REPRESENTATION_CONTEXT('2D SPACE',''
  ) );
#12003 = ORIENTED_EDGE('',*,*,#12004,.T.);
#12004 = EDGE_CURVE('',#11977,#11863,#12005,.T.);
#12005 = SURFACE_CURVE('',#12006,(#12010,#12017),.PCURVE_S1.);
#12006 = LINE('',#12007,#12008);
#12007 = CARTESIAN_POINT('',(115.575,-40.4,11.064027212353));
#12008 = VECTOR('',#12009,1.);
#12009 = DIRECTION('',(3.227349963161E-16,-1.110223024625E-16,-1.));
#12010 = PCURVE('',#11820,#12011);
#12011 = DEFINITIONAL_REPRESENTATION('',(#12012),#12016);
#12012 = LINE('',#12013,#12014);
#12013 = CARTESIAN_POINT('',(-3.575,-2.064027212353));
#12014 = VECTOR('',#12015,1.);
#12015 = DIRECTION('',(-3.227349963161E-16,1.));
#12016 = ( GEOMETRIC_REPRESENTATION_CONTEXT(2) 
PARAMETRIC_REPRESENTATION_CONTEXT() REPRESENTATION_CONTEXT('2D SPACE',''
  ) );
#12017 = PCURVE('',#12018,#12023);
#12018 = PLANE('',#12019);
#12019 = AXIS2_PLACEMENT_3D('',#12020,#12021,#12022);
#12020 = CARTESIAN_POINT('',(115.575,-40.4,11.064027212353));
#12021 = DIRECTION('',(-1.,-3.583078237625E-32,-3.227349963161E-16));
#12022 = DIRECTION('',(-3.227349963161E-16,1.110223024625E-16,1.));
#12023 = DEFINITIONAL_REPRESENTATION('',(#12024),#12028);
#12024 = LINE('',#12025,#12026);
#12025 = CARTESIAN_POINT('',(-0.,0.));
#12026 = VECTOR('',#12027,1.);
#12027 = DIRECTION('',(-1.,0.));
#12028 = ( GEOMETRIC_REPRESENTATION_CONTEXT(2) 
PARAMETRIC_REPRESENTATION_CONTEXT() REPRESENTATION_CONTEXT('2D SPACE',''
  ) );
#12029 = FACE_BOUND('',#12030,.F.);
#12030 = EDGE_LOOP('',(#12031));
#12031 = ORIENTED_EDGE('',*,*,#11803,.F.);
#12032 = ADVANCED_FACE('',(#12033),#11964,.T.);
#12033 = FACE_BOUND('',#12034,.F.);
#12034 = EDGE_LOOP('',(#12035,#12058,#12081,#12102));
#12035 = ORIENTED_EDGE('',*,*,#12036,.T.);
#12036 = EDGE_CURVE('',#11921,#12037,#12039,.T.);
#12037 = VERTEX_POINT('',#12038);
#12038 = CARTESIAN_POINT('',(108.425,-43.5,11.064027212353));
#12039 = SURFACE_CURVE('',#12040,(#12044,#12051),.PCURVE_S1.);
#12040 = LINE('',#12041,#12042);
#12041 = CARTESIAN_POINT('',(108.425,-40.4,11.064027212353));
#12042 = VECTOR('',#12043,1.);
#12043 = DIRECTION('',(-0.,-1.,1.110223024625E-16));
#12044 = PCURVE('',#11964,#12045);
#12045 = DEFINITIONAL_REPRESENTATION('',(#12046),#12050);
#12046 = LINE('',#12047,#12048);
#12047 = CARTESIAN_POINT('',(-0.,0.));
#12048 = VECTOR('',#12049,1.);
#12049 = DIRECTION('',(-0.,-1.));
#12050 = ( GEOMETRIC_REPRESENTATION_CONTEXT(2) 
PARAMETRIC_REPRESENTATION_CONTEXT() REPRESENTATION_CONTEXT('2D SPACE',''
  ) );
#12051 = PCURVE('',#11936,#12052);
#12052 = DEFINITIONAL_REPRESENTATION('',(#12053),#12057);
#12053 = LINE('',#12054,#12055);
#12054 = CARTESIAN_POINT('',(-4.128054424706,-4.583061069214E-16));
#12055 = VECTOR('',#12056,1.);
#12056 = DIRECTION('',(-0.,-1.));
#12057 = ( GEOMETRIC_REPRESENTATION_CONTEXT(2) 
PARAMETRIC_REPRESENTATION_CONTEXT() REPRESENTATION_CONTEXT('2D SPACE',''
  ) );
#12058 = ORIENTED_EDGE('',*,*,#12059,.T.);
#12059 = EDGE_CURVE('',#12037,#12060,#12062,.T.);
#12060 = VERTEX_POINT('',#12061);
#12061 = CARTESIAN_POINT('',(112.,-43.5,13.128054424706));
#12062 = SURFACE_CURVE('',#12063,(#12067,#12074),.PCURVE_S1.);
#12063 = LINE('',#12064,#12065);
#12064 = CARTESIAN_POINT('',(108.425,-43.5,11.064027212353));
#12065 = VECTOR('',#12066,1.);
#12066 = DIRECTION('',(0.866025403784,5.551115123126E-17,0.5));
#12067 = PCURVE('',#11964,#12068);
#12068 = DEFINITIONAL_REPRESENTATION('',(#12069),#12073);
#12069 = LINE('',#12070,#12071);
#12070 = CARTESIAN_POINT('',(1.720845688169E-16,-3.1));
#12071 = VECTOR('',#12072,1.);
#12072 = DIRECTION('',(-1.,0.));
#12073 = ( GEOMETRIC_REPRESENTATION_CONTEXT(2) 
PARAMETRIC_REPRESENTATION_CONTEXT() REPRESENTATION_CONTEXT('2D SPACE',''
  ) );
#12074 = PCURVE('',#10431,#12075);
#12075 = DEFINITIONAL_REPRESENTATION('',(#12076),#12080);
#12076 = LINE('',#12077,#12078);
#12077 = CARTESIAN_POINT('',(3.575,-2.064027212353));
#12078 = VECTOR('',#12079,1.);
#12079 = DIRECTION('',(-0.866025403784,-0.5));
#12080 = ( GEOMETRIC_REPRESENTATION_CONTEXT(2) 
PARAMETRIC_REPRESENTATION_CONTEXT() REPRESENTATION_CONTEXT('2D SPACE',''
  ) );
#12081 = ORIENTED_EDGE('',*,*,#12082,.F.);
#12082 = EDGE_CURVE('',#11949,#12060,#12083,.T.);
#12083 = SURFACE_CURVE('',#12084,(#12088,#12095),.PCURVE_S1.);
#12084 = LINE('',#12085,#12086);
#12085 = CARTESIAN_POINT('',(112.,-40.4,13.128054424706));
#12086 = VECTOR('',#12087,1.);
#12087 = DIRECTION('',(-0.,-1.,1.110223024625E-16));
#12088 = PCURVE('',#11964,#12089);
#12089 = DEFINITIONAL_REPRESENTATION('',(#12090),#12094);
#12090 = LINE('',#12091,#12092);
#12091 = CARTESIAN_POINT('',(-4.128054424706,-2.291530534607E-16));
#12092 = VECTOR('',#12093,1.);
#12093 = DIRECTION('',(-0.,-1.));
#12094 = ( GEOMETRIC_REPRESENTATION_CONTEXT(2) 
PARAMETRIC_REPRESENTATION_CONTEXT() REPRESENTATION_CONTEXT('2D SPACE',''
  ) );
#12095 = PCURVE('',#11992,#12096);
#12096 = DEFINITIONAL_REPRESENTATION('',(#12097),#12101);
#12097 = LINE('',#12098,#12099);
#12098 = CARTESIAN_POINT('',(-0.,0.));
#12099 = VECTOR('',#12100,1.);
#12100 = DIRECTION('',(-0.,-1.));
#12101 = ( GEOMETRIC_REPRESENTATION_CONTEXT(2) 
PARAMETRIC_REPRESENTATION_CONTEXT() REPRESENTATION_CONTEXT('2D SPACE',''
  ) );
#12102 = ORIENTED_EDGE('',*,*,#11948,.F.);
#12103 = ADVANCED_FACE('',(#12104),#11936,.T.);
#12104 = FACE_BOUND('',#12105,.F.);
#12105 = EDGE_LOOP('',(#12106,#12129,#12150,#12151));
#12106 = ORIENTED_EDGE('',*,*,#12107,.T.);
#12107 = EDGE_CURVE('',#11893,#12108,#12110,.T.);
#12108 = VERTEX_POINT('',#12109);
#12109 = CARTESIAN_POINT('',(108.425,-43.5,6.935972787647));
#12110 = SURFACE_CURVE('',#12111,(#12115,#12122),.PCURVE_S1.);
#12111 = LINE('',#12112,#12113);
#12112 = CARTESIAN_POINT('',(108.425,-40.4,6.935972787647));
#12113 = VECTOR('',#12114,1.);
#12114 = DIRECTION('',(-0.,-1.,1.110223024625E-16));
#12115 = PCURVE('',#11936,#12116);
#12116 = DEFINITIONAL_REPRESENTATION('',(#12117),#12121);
#12117 = LINE('',#12118,#12119);
#12118 = CARTESIAN_POINT('',(-0.,0.));
#12119 = VECTOR('',#12120,1.);
#12120 = DIRECTION('',(-0.,-1.));
#12121 = ( GEOMETRIC_REPRESENTATION_CONTEXT(2) 
PARAMETRIC_REPRESENTATION_CONTEXT() REPRESENTATION_CONTEXT('2D SPACE',''
  ) );
#12122 = PCURVE('',#11908,#12123);
#12123 = DEFINITIONAL_REPRESENTATION('',(#12124),#12128);
#12124 = LINE('',#12125,#12126);
#12125 = CARTESIAN_POINT('',(-4.128054424706,-2.291530534607E-16));
#12126 = VECTOR('',#12127,1.);
#12127 = DIRECTION('',(-0.,-1.));
#12128 = ( GEOMETRIC_REPRESENTATION_CONTEXT(2) 
PARAMETRIC_REPRESENTATION_CONTEXT() REPRESENTATION_CONTEXT('2D SPACE',''
  ) );
#12129 = ORIENTED_EDGE('',*,*,#12130,.T.);
#12130 = EDGE_CURVE('',#12108,#12037,#12131,.T.);
#12131 = SURFACE_CURVE('',#12132,(#12136,#12143),.PCURVE_S1.);
#12132 = LINE('',#12133,#12134);
#12133 = CARTESIAN_POINT('',(108.425,-43.5,6.935972787647));
#12134 = VECTOR('',#12135,1.);
#12135 = DIRECTION('',(1.075783321054E-16,1.110223024625E-16,1.));
#12136 = PCURVE('',#11936,#12137);
#12137 = DEFINITIONAL_REPRESENTATION('',(#12138),#12142);
#12138 = LINE('',#12139,#12140);
#12139 = CARTESIAN_POINT('',(3.441691376338E-16,-3.1));
#12140 = VECTOR('',#12141,1.);
#12141 = DIRECTION('',(-1.,0.));
#12142 = ( GEOMETRIC_REPRESENTATION_CONTEXT(2) 
PARAMETRIC_REPRESENTATION_CONTEXT() REPRESENTATION_CONTEXT('2D SPACE',''
  ) );
#12143 = PCURVE('',#10431,#12144);
#12144 = DEFINITIONAL_REPRESENTATION('',(#12145),#12149);
#12145 = LINE('',#12146,#12147);
#12146 = CARTESIAN_POINT('',(3.575,2.064027212353));
#12147 = VECTOR('',#12148,1.);
#12148 = DIRECTION('',(-1.075783321054E-16,-1.));
#12149 = ( GEOMETRIC_REPRESENTATION_CONTEXT(2) 
PARAMETRIC_REPRESENTATION_CONTEXT() REPRESENTATION_CONTEXT('2D SPACE',''
  ) );
#12150 = ORIENTED_EDGE('',*,*,#12036,.F.);
#12151 = ORIENTED_EDGE('',*,*,#11920,.F.);
#12152 = ADVANCED_FACE('',(#12153),#11992,.T.);
#12153 = FACE_BOUND('',#12154,.F.);
#12154 = EDGE_LOOP('',(#12155,#12156,#12179,#12200));
#12155 = ORIENTED_EDGE('',*,*,#12082,.T.);
#12156 = ORIENTED_EDGE('',*,*,#12157,.T.);
#12157 = EDGE_CURVE('',#12060,#12158,#12160,.T.);
#12158 = VERTEX_POINT('',#12159);
#12159 = CARTESIAN_POINT('',(115.575,-43.5,11.064027212353));
#12160 = SURFACE_CURVE('',#12161,(#12165,#12172),.PCURVE_S1.);
#12161 = LINE('',#12162,#12163);
#12162 = CARTESIAN_POINT('',(112.,-43.5,13.128054424706));
#12163 = VECTOR('',#12164,1.);
#12164 = DIRECTION('',(0.866025403784,-5.551115123126E-17,-0.5));
#12165 = PCURVE('',#11992,#12166);
#12166 = DEFINITIONAL_REPRESENTATION('',(#12167),#12171);
#12167 = LINE('',#12168,#12169);
#12168 = CARTESIAN_POINT('',(-1.720845688169E-16,-3.1));
#12169 = VECTOR('',#12170,1.);
#12170 = DIRECTION('',(-1.,0.));
#12171 = ( GEOMETRIC_REPRESENTATION_CONTEXT(2) 
PARAMETRIC_REPRESENTATION_CONTEXT() REPRESENTATION_CONTEXT('2D SPACE',''
  ) );
#12172 = PCURVE('',#10431,#12173);
#12173 = DEFINITIONAL_REPRESENTATION('',(#12174),#12178);
#12174 = LINE('',#12175,#12176);
#12175 = CARTESIAN_POINT('',(-0.,-4.128054424706));
#12176 = VECTOR('',#12177,1.);
#12177 = DIRECTION('',(-0.866025403784,0.5));
#12178 = ( GEOMETRIC_REPRESENTATION_CONTEXT(2) 
PARAMETRIC_REPRESENTATION_CONTEXT() REPRESENTATION_CONTEXT('2D SPACE',''
  ) );
#12179 = ORIENTED_EDGE('',*,*,#12180,.F.);
#12180 = EDGE_CURVE('',#11977,#12158,#12181,.T.);
#12181 = SURFACE_CURVE('',#12182,(#12186,#12193),.PCURVE_S1.);
#12182 = LINE('',#12183,#12184);
#12183 = CARTESIAN_POINT('',(115.575,-40.4,11.064027212353));
#12184 = VECTOR('',#12185,1.);
#12185 = DIRECTION('',(-0.,-1.,1.110223024625E-16));
#12186 = PCURVE('',#11992,#12187);
#12187 = DEFINITIONAL_REPRESENTATION('',(#12188),#12192);
#12188 = LINE('',#12189,#12190);
#12189 = CARTESIAN_POINT('',(-4.128054424706,2.291530534607E-16));
#12190 = VECTOR('',#12191,1.);
#12191 = DIRECTION('',(-0.,-1.));
#12192 = ( GEOMETRIC_REPRESENTATION_CONTEXT(2) 
PARAMETRIC_REPRESENTATION_CONTEXT() REPRESENTATION_CONTEXT('2D SPACE',''
  ) );
#12193 = PCURVE('',#12018,#12194);
#12194 = DEFINITIONAL_REPRESENTATION('',(#12195),#12199);
#12195 = LINE('',#12196,#12197);
#12196 = CARTESIAN_POINT('',(-0.,0.));
#12197 = VECTOR('',#12198,1.);
#12198 = DIRECTION('',(-0.,-1.));
#12199 = ( GEOMETRIC_REPRESENTATION_CONTEXT(2) 
PARAMETRIC_REPRESENTATION_CONTEXT() REPRESENTATION_CONTEXT('2D SPACE',''
  ) );
#12200 = ORIENTED_EDGE('',*,*,#11976,.F.);
#12201 = ADVANCED_FACE('',(#12202),#11908,.T.);
#12202 = FACE_BOUND('',#12203,.F.);
#12203 = EDGE_LOOP('',(#12204,#12227,#12248,#12249));
#12204 = ORIENTED_EDGE('',*,*,#12205,.T.);
#12205 = EDGE_CURVE('',#11865,#12206,#12208,.T.);
#12206 = VERTEX_POINT('',#12207);
#12207 = CARTESIAN_POINT('',(112.,-43.5,4.871945575294));
#12208 = SURFACE_CURVE('',#12209,(#12213,#12220),.PCURVE_S1.);
#12209 = LINE('',#12210,#12211);
#12210 = CARTESIAN_POINT('',(112.,-40.4,4.871945575294));
#12211 = VECTOR('',#12212,1.);
#12212 = DIRECTION('',(-0.,-1.,1.110223024625E-16));
#12213 = PCURVE('',#11908,#12214);
#12214 = DEFINITIONAL_REPRESENTATION('',(#12215),#12219);
#12215 = LINE('',#12216,#12217);
#12216 = CARTESIAN_POINT('',(-0.,0.));
#12217 = VECTOR('',#12218,1.);
#12218 = DIRECTION('',(-0.,-1.));
#12219 = ( GEOMETRIC_REPRESENTATION_CONTEXT(2) 
PARAMETRIC_REPRESENTATION_CONTEXT() REPRESENTATION_CONTEXT('2D SPACE',''
  ) );
#12220 = PCURVE('',#11880,#12221);
#12221 = DEFINITIONAL_REPRESENTATION('',(#12222),#12226);
#12222 = LINE('',#12223,#12224);
#12223 = CARTESIAN_POINT('',(-4.128054424706,2.291530534607E-16));
#12224 = VECTOR('',#12225,1.);
#12225 = DIRECTION('',(-0.,-1.));
#12226 = ( GEOMETRIC_REPRESENTATION_CONTEXT(2) 
PARAMETRIC_REPRESENTATION_CONTEXT() REPRESENTATION_CONTEXT('2D SPACE',''
  ) );
#12227 = ORIENTED_EDGE('',*,*,#12228,.T.);
#12228 = EDGE_CURVE('',#12206,#12108,#12229,.T.);
#12229 = SURFACE_CURVE('',#12230,(#12234,#12241),.PCURVE_S1.);
#12230 = LINE('',#12231,#12232);
#12231 = CARTESIAN_POINT('',(112.,-43.5,4.871945575294));
#12232 = VECTOR('',#12233,1.);
#12233 = DIRECTION('',(-0.866025403784,5.551115123126E-17,0.5));
#12234 = PCURVE('',#11908,#12235);
#12235 = DEFINITIONAL_REPRESENTATION('',(#12236),#12240);
#12236 = LINE('',#12237,#12238);
#12237 = CARTESIAN_POINT('',(1.720845688169E-16,-3.1));
#12238 = VECTOR('',#12239,1.);
#12239 = DIRECTION('',(-1.,0.));
#12240 = ( GEOMETRIC_REPRESENTATION_CONTEXT(2) 
PARAMETRIC_REPRESENTATION_CONTEXT() REPRESENTATION_CONTEXT('2D SPACE',''
  ) );
#12241 = PCURVE('',#10431,#12242);
#12242 = DEFINITIONAL_REPRESENTATION('',(#12243),#12247);
#12243 = LINE('',#12244,#12245);
#12244 = CARTESIAN_POINT('',(-0.,4.128054424706));
#12245 = VECTOR('',#12246,1.);
#12246 = DIRECTION('',(0.866025403784,-0.5));
#12247 = ( GEOMETRIC_REPRESENTATION_CONTEXT(2) 
PARAMETRIC_REPRESENTATION_CONTEXT() REPRESENTATION_CONTEXT('2D SPACE',''
  ) );
#12248 = ORIENTED_EDGE('',*,*,#12107,.F.);
#12249 = ORIENTED_EDGE('',*,*,#11892,.F.);
#12250 = ADVANCED_FACE('',(#12251),#12018,.T.);
#12251 = FACE_BOUND('',#12252,.F.);
#12252 = EDGE_LOOP('',(#12253,#12254,#12277,#12298));
#12253 = ORIENTED_EDGE('',*,*,#12180,.T.);
#12254 = ORIENTED_EDGE('',*,*,#12255,.T.);
#12255 = EDGE_CURVE('',#12158,#12256,#12258,.T.);
#12256 = VERTEX_POINT('',#12257);
#12257 = CARTESIAN_POINT('',(115.575,-43.5,6.935972787647));
#12258 = SURFACE_CURVE('',#12259,(#12263,#12270),.PCURVE_S1.);
#12259 = LINE('',#12260,#12261);
#12260 = CARTESIAN_POINT('',(115.575,-43.5,11.064027212353));
#12261 = VECTOR('',#12262,1.);
#12262 = DIRECTION('',(3.227349963161E-16,-1.110223024625E-16,-1.));
#12263 = PCURVE('',#12018,#12264);
#12264 = DEFINITIONAL_REPRESENTATION('',(#12265),#12269);
#12265 = LINE('',#12266,#12267);
#12266 = CARTESIAN_POINT('',(-3.441691376338E-16,-3.1));
#12267 = VECTOR('',#12268,1.);
#12268 = DIRECTION('',(-1.,0.));
#12269 = ( GEOMETRIC_REPRESENTATION_CONTEXT(2) 
PARAMETRIC_REPRESENTATION_CONTEXT() REPRESENTATION_CONTEXT('2D SPACE',''
  ) );
#12270 = PCURVE('',#10431,#12271);
#12271 = DEFINITIONAL_REPRESENTATION('',(#12272),#12276);
#12272 = LINE('',#12273,#12274);
#12273 = CARTESIAN_POINT('',(-3.575,-2.064027212353));
#12274 = VECTOR('',#12275,1.);
#12275 = DIRECTION('',(-3.227349963161E-16,1.));
#12276 = ( GEOMETRIC_REPRESENTATION_CONTEXT(2) 
PARAMETRIC_REPRESENTATION_CONTEXT() REPRESENTATION_CONTEXT('2D SPACE',''
  ) );
#12277 = ORIENTED_EDGE('',*,*,#12278,.F.);
#12278 = EDGE_CURVE('',#11863,#12256,#12279,.T.);
#12279 = SURFACE_CURVE('',#12280,(#12284,#12291),.PCURVE_S1.);
#12280 = LINE('',#12281,#12282);
#12281 = CARTESIAN_POINT('',(115.575,-40.4,6.935972787647));
#12282 = VECTOR('',#12283,1.);
#12283 = DIRECTION('',(-0.,-1.,1.110223024625E-16));
#12284 = PCURVE('',#12018,#12285);
#12285 = DEFINITIONAL_REPRESENTATION('',(#12286),#12290);
#12286 = LINE('',#12287,#12288);
#12287 = CARTESIAN_POINT('',(-4.128054424706,4.583061069214E-16));
#12288 = VECTOR('',#12289,1.);
#12289 = DIRECTION('',(-0.,-1.));
#12290 = ( GEOMETRIC_REPRESENTATION_CONTEXT(2) 
PARAMETRIC_REPRESENTATION_CONTEXT() REPRESENTATION_CONTEXT('2D SPACE',''
  ) );
#12291 = PCURVE('',#11880,#12292);
#12292 = DEFINITIONAL_REPRESENTATION('',(#12293),#12297);
#12293 = LINE('',#12294,#12295);
#12294 = CARTESIAN_POINT('',(0.,-0.));
#12295 = VECTOR('',#12296,1.);
#12296 = DIRECTION('',(-0.,-1.));
#12297 = ( GEOMETRIC_REPRESENTATION_CONTEXT(2) 
PARAMETRIC_REPRESENTATION_CONTEXT() REPRESENTATION_CONTEXT('2D SPACE',''
  ) );
#12298 = ORIENTED_EDGE('',*,*,#12004,.F.);
#12299 = ADVANCED_FACE('',(#12300),#11880,.T.);
#12300 = FACE_BOUND('',#12301,.F.);
#12301 = EDGE_LOOP('',(#12302,#12303,#12324,#12325));
#12302 = ORIENTED_EDGE('',*,*,#12278,.T.);
#12303 = ORIENTED_EDGE('',*,*,#12304,.T.);
#12304 = EDGE_CURVE('',#12256,#12206,#12305,.T.);
#12305 = SURFACE_CURVE('',#12306,(#12310,#12317),.PCURVE_S1.);
#12306 = LINE('',#12307,#12308);
#12307 = CARTESIAN_POINT('',(115.575,-43.5,6.935972787647));
#12308 = VECTOR('',#12309,1.);
#12309 = DIRECTION('',(-0.866025403784,-5.551115123126E-17,-0.5));
#12310 = PCURVE('',#11880,#12311);
#12311 = DEFINITIONAL_REPRESENTATION('',(#12312),#12316);
#12312 = LINE('',#12313,#12314);
#12313 = CARTESIAN_POINT('',(-1.720845688169E-16,-3.1));
#12314 = VECTOR('',#12315,1.);
#12315 = DIRECTION('',(-1.,0.));
#12316 = ( GEOMETRIC_REPRESENTATION_CONTEXT(2) 
PARAMETRIC_REPRESENTATION_CONTEXT() REPRESENTATION_CONTEXT('2D SPACE',''
  ) );
#12317 = PCURVE('',#10431,#12318);
#12318 = DEFINITIONAL_REPRESENTATION('',(#12319),#12323);
#12319 = LINE('',#12320,#12321);
#12320 = CARTESIAN_POINT('',(-3.575,2.064027212353));
#12321 = VECTOR('',#12322,1.);
#12322 = DIRECTION('',(0.866025403784,0.5));
#12323 = ( GEOMETRIC_REPRESENTATION_CONTEXT(2) 
PARAMETRIC_REPRESENTATION_CONTEXT() REPRESENTATION_CONTEXT('2D SPACE',''
  ) );
#12324 = ORIENTED_EDGE('',*,*,#12205,.F.);
#12325 = ORIENTED_EDGE('',*,*,#11862,.F.);
#12326 = ADVANCED_FACE('',(#12327),#10522,.F.);
#12327 = FACE_BOUND('',#12328,.T.);
#12328 = EDGE_LOOP('',(#12329,#12330,#12331,#12332));
#12329 = ORIENTED_EDGE('',*,*,#11671,.F.);
#12330 = ORIENTED_EDGE('',*,*,#11726,.T.);
#12331 = ORIENTED_EDGE('',*,*,#10508,.T.);
#12332 = ORIENTED_EDGE('',*,*,#12333,.F.);
#12333 = EDGE_CURVE('',#11644,#10410,#12334,.T.);
#12334 = SURFACE_CURVE('',#12335,(#12340,#12347),.PCURVE_S1.);
#12335 = CIRCLE('',#12336,1.6);
#12336 = AXIS2_PLACEMENT_3D('',#12337,#12338,#12339);
#12337 = CARTESIAN_POINT('',(118.01040764008,-43.5,2.989592359914));
#12338 = DIRECTION('',(0.,1.,-1.110223024625E-16));
#12339 = DIRECTION('',(1.,-0.,-0.));
#12340 = PCURVE('',#10522,#12341);
#12341 = DEFINITIONAL_REPRESENTATION('',(#12342),#12346);
#12342 = LINE('',#12343,#12344);
#12343 = CARTESIAN_POINT('',(-0.,9.));
#12344 = VECTOR('',#12345,1.);
#12345 = DIRECTION('',(-1.,0.));
#12346 = ( GEOMETRIC_REPRESENTATION_CONTEXT(2) 
PARAMETRIC_REPRESENTATION_CONTEXT() REPRESENTATION_CONTEXT('2D SPACE',''
  ) );
#12347 = PCURVE('',#10431,#12348);
#12348 = DEFINITIONAL_REPRESENTATION('',(#12349),#12357);
#12349 = ( BOUNDED_CURVE() B_SPLINE_CURVE(2,(#12350,#12351,#12352,#12353
    ,#12354,#12355,#12356),.UNSPECIFIED.,.T.,.F.) 
B_SPLINE_CURVE_WITH_KNOTS((1,2,2,2,2,1),(-2.094395102393,0.,
    2.094395102393,4.188790204786,6.28318530718,8.377580409573),
.UNSPECIFIED.) CURVE() GEOMETRIC_REPRESENTATION_ITEM() 
RATIONAL_B_SPLINE_CURVE((1.,0.5,1.,0.5,1.,0.5,1.)) REPRESENTATION_ITEM(
  '') );
#12350 = CARTESIAN_POINT('',(-7.610407640086,6.010407640086));
#12351 = CARTESIAN_POINT('',(-7.610407640086,8.781688932196));
#12352 = CARTESIAN_POINT('',(-5.210407640086,7.396048286141));
#12353 = CARTESIAN_POINT('',(-2.810407640086,6.010407640086));
#12354 = CARTESIAN_POINT('',(-5.210407640086,4.624766994031));
#12355 = CARTESIAN_POINT('',(-7.610407640086,3.239126347975));
#12356 = CARTESIAN_POINT('',(-7.610407640086,6.010407640086));
#12357 = ( GEOMETRIC_REPRESENTATION_CONTEXT(2) 
PARAMETRIC_REPRESENTATION_CONTEXT() REPRESENTATION_CONTEXT('2D SPACE',''
  ) );
#12358 = ADVANCED_FACE('',(#12359,#12377),#10431,.T.);
#12359 = FACE_BOUND('',#12360,.F.);
#12360 = EDGE_LOOP('',(#12361,#12362,#12363,#12364,#12365,#12366,#12367,
    #12368,#12369,#12370,#12371,#12372,#12373,#12374,#12375,#12376));
#12361 = ORIENTED_EDGE('',*,*,#10594,.F.);
#12362 = ORIENTED_EDGE('',*,*,#10407,.T.);
#12363 = ORIENTED_EDGE('',*,*,#12333,.F.);
#12364 = ORIENTED_EDGE('',*,*,#11643,.T.);
#12365 = ORIENTED_EDGE('',*,*,#11557,.F.);
#12366 = ORIENTED_EDGE('',*,*,#11471,.T.);
#12367 = ORIENTED_EDGE('',*,*,#11389,.T.);
#12368 = ORIENTED_EDGE('',*,*,#11303,.T.);
#12369 = ORIENTED_EDGE('',*,*,#11221,.T.);
#12370 = ORIENTED_EDGE('',*,*,#11135,.T.);
#12371 = ORIENTED_EDGE('',*,*,#11109,.T.);
#12372 = ORIENTED_EDGE('',*,*,#10967,.T.);
#12373 = ORIENTED_EDGE('',*,*,#10881,.F.);
#12374 = ORIENTED_EDGE('',*,*,#10795,.T.);
#12375 = ORIENTED_EDGE('',*,*,#10709,.F.);
#12376 = ORIENTED_EDGE('',*,*,#10623,.T.);
#12377 = FACE_BOUND('',#12378,.F.);
#12378 = EDGE_LOOP('',(#12379,#12380,#12381,#12382,#12383,#12384));
#12379 = ORIENTED_EDGE('',*,*,#12304,.F.);
#12380 = ORIENTED_EDGE('',*,*,#12255,.F.);
#12381 = ORIENTED_EDGE('',*,*,#12157,.F.);
#12382 = ORIENTED_EDGE('',*,*,#12059,.F.);
#12383 = ORIENTED_EDGE('',*,*,#12130,.F.);
#12384 = ORIENTED_EDGE('',*,*,#12228,.F.);
#12385 = ( GEOMETRIC_REPRESENTATION_CONTEXT(3) 
GLOBAL_UNCERTAINTY_ASSIGNED_CONTEXT((#12389)) 
GLOBAL_UNIT_ASSIGNED_CONTEXT((#12386,#12387,#12388)) 
REPRESENTATION_CONTEXT('Context #1',
  '3D Context with UNIT and UNCERTAINTY') );
#12386 = ( LENGTH_UNIT() NAMED_UNIT(*) SI_UNIT(.MILLI.,.METRE.) );
#12387 = ( NAMED_UNIT(*) PLANE_ANGLE_UNIT() SI_UNIT($,.RADIAN.) );
#12388 = ( NAMED_UNIT(*) SI_UNIT($,.STERADIAN.) SOLID_ANGLE_UNIT() );
#12389 = UNCERTAINTY_MEASURE_WITH_UNIT(LENGTH_MEASURE(1.E-07),#12386,
  'distance_accuracy_value','confusion accuracy');
#12390 = CONTEXT_DEPENDENT_SHAPE_REPRESENTATION(#12391,#12393);
#12391 = ( REPRESENTATION_RELATIONSHIP('','',#10400,#10) 
REPRESENTATION_RELATIONSHIP_WITH_TRANSFORMATION(#12392) 
SHAPE_REPRESENTATION_RELATIONSHIP() );
#12392 = ITEM_DEFINED_TRANSFORMATION('','',#11,#39);
#12393 = PRODUCT_DEFINITION_SHAPE('Placement','Placement of an item',
  #12394);
#12394 = NEXT_ASSEMBLY_USAGE_OCCURRENCE('7','lock_knob','',#5,#10395,$);
#12395 = PRODUCT_RELATED_PRODUCT_CATEGORY('part',$,(#10397));
#12396 = SHAPE_DEFINITION_REPRESENTATION(#12397,#12403);
#12397 = PRODUCT_DEFINITION_SHAPE('','',#12398);
#12398 = PRODUCT_DEFINITION('design','',#12399,#12402);
#12399 = PRODUCT_DEFINITION_FORMATION('','',#12400);
#12400 = PRODUCT('saddle_foot','saddle_foot','',(#12401));
#12401 = PRODUCT_CONTEXT('',#2,'mechanical');
#12402 = PRODUCT_DEFINITION_CONTEXT('part definition',#2,'design');
#12403 = ADVANCED_BREP_SHAPE_REPRESENTATION('',(#11,#12404),#15130);
#12404 = MANIFOLD_SOLID_BREP('',#12405);
#12405 = CLOSED_SHELL('',(#12406,#12526,#12664,#12719,#12893,#12964,
    #13013,#13062,#13111,#13160,#13187,#13242,#13416,#13487,#13536,
    #13585,#13634,#13683,#13710,#13781,#13915,#14111,#14183,#14232,
    #14282,#14309,#14380,#14407,#14440,#14594,#14790,#14862,#14911,
    #14961,#14988,#15059,#15086,#15119));
#12406 = ADVANCED_FACE('',(#12407),#12421,.F.);
#12407 = FACE_BOUND('',#12408,.F.);
#12408 = EDGE_LOOP('',(#12409,#12444,#12472,#12500));
#12409 = ORIENTED_EDGE('',*,*,#12410,.F.);
#12410 = EDGE_CURVE('',#12411,#12413,#12415,.T.);
#12411 = VERTEX_POINT('',#12412);
#12412 = CARTESIAN_POINT('',(116.,-29.,23.3));
#12413 = VERTEX_POINT('',#12414);
#12414 = CARTESIAN_POINT('',(116.,-29.,28.3));
#12415 = SURFACE_CURVE('',#12416,(#12420,#12432),.PCURVE_S1.);
#12416 = LINE('',#12417,#12418);
#12417 = CARTESIAN_POINT('',(116.,-29.,23.3));
#12418 = VECTOR('',#12419,1.);
#12419 = DIRECTION('',(0.,0.,1.));
#12420 = PCURVE('',#12421,#12426);
#12421 = PLANE('',#12422);
#12422 = AXIS2_PLACEMENT_3D('',#12423,#12424,#12425);
#12423 = CARTESIAN_POINT('',(116.,-29.,23.3));
#12424 = DIRECTION('',(1.,0.,0.));
#12425 = DIRECTION('',(0.,0.,1.));
#12426 = DEFINITIONAL_REPRESENTATION('',(#12427),#12431);
#12427 = LINE('',#12428,#12429);
#12428 = CARTESIAN_POINT('',(0.,0.));
#12429 = VECTOR('',#12430,1.);
#12430 = DIRECTION('',(1.,0.));
#12431 = ( GEOMETRIC_REPRESENTATION_CONTEXT(2) 
PARAMETRIC_REPRESENTATION_CONTEXT() REPRESENTATION_CONTEXT('2D SPACE',''
  ) );
#12432 = PCURVE('',#12433,#12438);
#12433 = PLANE('',#12434);
#12434 = AXIS2_PLACEMENT_3D('',#12435,#12436,#12437);
#12435 = CARTESIAN_POINT('',(116.,-29.,23.3));
#12436 = DIRECTION('',(0.,1.,0.));
#12437 = DIRECTION('',(0.,0.,1.));
#12438 = DEFINITIONAL_REPRESENTATION('',(#12439),#12443);
#12439 = LINE('',#12440,#12441);
#12440 = CARTESIAN_POINT('',(0.,0.));
#12441 = VECTOR('',#12442,1.);
#12442 = DIRECTION('',(1.,0.));
#12443 = ( GEOMETRIC_REPRESENTATION_CONTEXT(2) 
PARAMETRIC_REPRESENTATION_CONTEXT() REPRESENTATION_CONTEXT('2D SPACE',''
  ) );
#12444 = ORIENTED_EDGE('',*,*,#12445,.T.);
#12445 = EDGE_CURVE('',#12411,#12446,#12448,.T.);
#12446 = VERTEX_POINT('',#12447);
#12447 = CARTESIAN_POINT('',(116.,29.,23.3));
#12448 = SURFACE_CURVE('',#12449,(#12453,#12460),.PCURVE_S1.);
#12449 = LINE('',#12450,#12451);
#12450 = CARTESIAN_POINT('',(116.,-29.,23.3));
#12451 = VECTOR('',#12452,1.);
#12452 = DIRECTION('',(0.,1.,0.));
#12453 = PCURVE('',#12421,#12454);
#12454 = DEFINITIONAL_REPRESENTATION('',(#12455),#12459);
#12455 = LINE('',#12456,#12457);
#12456 = CARTESIAN_POINT('',(0.,0.));
#12457 = VECTOR('',#12458,1.);
#12458 = DIRECTION('',(0.,-1.));
#12459 = ( GEOMETRIC_REPRESENTATION_CONTEXT(2) 
PARAMETRIC_REPRESENTATION_CONTEXT() REPRESENTATION_CONTEXT('2D SPACE',''
  ) );
#12460 = PCURVE('',#12461,#12466);
#12461 = PLANE('',#12462);
#12462 = AXIS2_PLACEMENT_3D('',#12463,#12464,#12465);
#12463 = CARTESIAN_POINT('',(116.,-29.,23.3));
#12464 = DIRECTION('',(0.,0.,1.));
#12465 = DIRECTION('',(1.,0.,0.));
#12466 = DEFINITIONAL_REPRESENTATION('',(#12467),#12471);
#12467 = LINE('',#12468,#12469);
#12468 = CARTESIAN_POINT('',(0.,0.));
#12469 = VECTOR('',#12470,1.);
#12470 = DIRECTION('',(0.,1.));
#12471 = ( GEOMETRIC_REPRESENTATION_CONTEXT(2) 
PARAMETRIC_REPRESENTATION_CONTEXT() REPRESENTATION_CONTEXT('2D SPACE',''
  ) );
#12472 = ORIENTED_EDGE('',*,*,#12473,.T.);
#12473 = EDGE_CURVE('',#12446,#12474,#12476,.T.);
#12474 = VERTEX_POINT('',#12475);
#12475 = CARTESIAN_POINT('',(116.,29.,28.3));
#12476 = SURFACE_CURVE('',#12477,(#12481,#12488),.PCURVE_S1.);
#12477 = LINE('',#12478,#12479);
#12478 = CARTESIAN_POINT('',(116.,29.,23.3));
#12479 = VECTOR('',#12480,1.);
#12480 = DIRECTION('',(0.,0.,1.));
#12481 = PCURVE('',#12421,#12482);
#12482 = DEFINITIONAL_REPRESENTATION('',(#12483),#12487);
#12483 = LINE('',#12484,#12485);
#12484 = CARTESIAN_POINT('',(0.,-58.));
#12485 = VECTOR('',#12486,1.);
#12486 = DIRECTION('',(1.,0.));
#12487 = ( GEOMETRIC_REPRESENTATION_CONTEXT(2) 
PARAMETRIC_REPRESENTATION_CONTEXT() REPRESENTATION_CONTEXT('2D SPACE',''
  ) );
#12488 = PCURVE('',#12489,#12494);
#12489 = PLANE('',#12490);
#12490 = AXIS2_PLACEMENT_3D('',#12491,#12492,#12493);
#12491 = CARTESIAN_POINT('',(116.,29.,23.3));
#12492 = DIRECTION('',(0.,1.,0.));
#12493 = DIRECTION('',(0.,0.,1.));
#12494 = DEFINITIONAL_REPRESENTATION('',(#12495),#12499);
#12495 = LINE('',#12496,#12497);
#12496 = CARTESIAN_POINT('',(0.,0.));
#12497 = VECTOR('',#12498,1.);
#12498 = DIRECTION('',(1.,0.));
#12499 = ( GEOMETRIC_REPRESENTATION_CONTEXT(2) 
PARAMETRIC_REPRESENTATION_CONTEXT() REPRESENTATION_CONTEXT('2D SPACE',''
  ) );
#12500 = ORIENTED_EDGE('',*,*,#12501,.F.);
#12501 = EDGE_CURVE('',#12413,#12474,#12502,.T.);
#12502 = SURFACE_CURVE('',#12503,(#12507,#12514),.PCURVE_S1.);
#12503 = LINE('',#12504,#12505);
#12504 = CARTESIAN_POINT('',(116.,-29.,28.3));
#12505 = VECTOR('',#12506,1.);
#12506 = DIRECTION('',(0.,1.,0.));
#12507 = PCURVE('',#12421,#12508);
#12508 = DEFINITIONAL_REPRESENTATION('',(#12509),#12513);
#12509 = LINE('',#12510,#12511);
#12510 = CARTESIAN_POINT('',(5.,0.));
#12511 = VECTOR('',#12512,1.);
#12512 = DIRECTION('',(0.,-1.));
#12513 = ( GEOMETRIC_REPRESENTATION_CONTEXT(2) 
PARAMETRIC_REPRESENTATION_CONTEXT() REPRESENTATION_CONTEXT('2D SPACE',''
  ) );
#12514 = PCURVE('',#12515,#12520);
#12515 = PLANE('',#12516);
#12516 = AXIS2_PLACEMENT_3D('',#12517,#12518,#12519);
#12517 = CARTESIAN_POINT('',(116.,-29.,28.3));
#12518 = DIRECTION('',(0.,0.,1.));
#12519 = DIRECTION('',(1.,0.,0.));
#12520 = DEFINITIONAL_REPRESENTATION('',(#12521),#12525);
#12521 = LINE('',#12522,#12523);
#12522 = CARTESIAN_POINT('',(0.,0.));
#12523 = VECTOR('',#12524,1.);
#12524 = DIRECTION('',(0.,1.));
#12525 = ( GEOMETRIC_REPRESENTATION_CONTEXT(2) 
PARAMETRIC_REPRESENTATION_CONTEXT() REPRESENTATION_CONTEXT('2D SPACE',''
  ) );
#12526 = ADVANCED_FACE('',(#12527,#12602,#12633),#12461,.F.);
#12527 = FACE_BOUND('',#12528,.F.);
#12528 = EDGE_LOOP('',(#12529,#12530,#12553,#12581));
#12529 = ORIENTED_EDGE('',*,*,#12445,.F.);
#12530 = ORIENTED_EDGE('',*,*,#12531,.T.);
#12531 = EDGE_CURVE('',#12411,#12532,#12534,.T.);
#12532 = VERTEX_POINT('',#12533);
#12533 = CARTESIAN_POINT('',(140.,-29.,23.3));
#12534 = SURFACE_CURVE('',#12535,(#12539,#12546),.PCURVE_S1.);
#12535 = LINE('',#12536,#12537);
#12536 = CARTESIAN_POINT('',(116.,-29.,23.3));
#12537 = VECTOR('',#12538,1.);
#12538 = DIRECTION('',(1.,0.,0.));
#12539 = PCURVE('',#12461,#12540);
#12540 = DEFINITIONAL_REPRESENTATION('',(#12541),#12545);
#12541 = LINE('',#12542,#12543);
#12542 = CARTESIAN_POINT('',(0.,0.));
#12543 = VECTOR('',#12544,1.);
#12544 = DIRECTION('',(1.,0.));
#12545 = ( GEOMETRIC_REPRESENTATION_CONTEXT(2) 
PARAMETRIC_REPRESENTATION_CONTEXT() REPRESENTATION_CONTEXT('2D SPACE',''
  ) );
#12546 = PCURVE('',#12433,#12547);
#12547 = DEFINITIONAL_REPRESENTATION('',(#12548),#12552);
#12548 = LINE('',#12549,#12550);
#12549 = CARTESIAN_POINT('',(0.,0.));
#12550 = VECTOR('',#12551,1.);
#12551 = DIRECTION('',(0.,1.));
#12552 = ( GEOMETRIC_REPRESENTATION_CONTEXT(2) 
PARAMETRIC_REPRESENTATION_CONTEXT() REPRESENTATION_CONTEXT('2D SPACE',''
  ) );
#12553 = ORIENTED_EDGE('',*,*,#12554,.T.);
#12554 = EDGE_CURVE('',#12532,#12555,#12557,.T.);
#12555 = VERTEX_POINT('',#12556);
#12556 = CARTESIAN_POINT('',(140.,29.,23.3));
#12557 = SURFACE_CURVE('',#12558,(#12562,#12569),.PCURVE_S1.);
#12558 = LINE('',#12559,#12560);
#12559 = CARTESIAN_POINT('',(140.,-29.,23.3));
#12560 = VECTOR('',#12561,1.);
#12561 = DIRECTION('',(0.,1.,0.));
#12562 = PCURVE('',#12461,#12563);
#12563 = DEFINITIONAL_REPRESENTATION('',(#12564),#12568);
#12564 = LINE('',#12565,#12566);
#12565 = CARTESIAN_POINT('',(24.,0.));
#12566 = VECTOR('',#12567,1.);
#12567 = DIRECTION('',(0.,1.));
#12568 = ( GEOMETRIC_REPRESENTATION_CONTEXT(2) 
PARAMETRIC_REPRESENTATION_CONTEXT() REPRESENTATION_CONTEXT('2D SPACE',''
  ) );
#12569 = PCURVE('',#12570,#12575);
#12570 = PLANE('',#12571);
#12571 = AXIS2_PLACEMENT_3D('',#12572,#12573,#12574);
#12572 = CARTESIAN_POINT('',(140.,-29.,23.3));
#12573 = DIRECTION('',(1.,0.,0.));
#12574 = DIRECTION('',(0.,0.,1.));
#12575 = DEFINITIONAL_REPRESENTATION('',(#12576),#12580);
#12576 = LINE('',#12577,#12578);
#12577 = CARTESIAN_POINT('',(0.,0.));
#12578 = VECTOR('',#12579,1.);
#12579 = DIRECTION('',(0.,-1.));
#12580 = ( GEOMETRIC_REPRESENTATION_CONTEXT(2) 
PARAMETRIC_REPRESENTATION_CONTEXT() REPRESENTATION_CONTEXT('2D SPACE',''
  ) );
#12581 = ORIENTED_EDGE('',*,*,#12582,.F.);
#12582 = EDGE_CURVE('',#12446,#12555,#12583,.T.);
#12583 = SURFACE_CURVE('',#12584,(#12588,#12595),.PCURVE_S1.);
#12584 = LINE('',#12585,#12586);
#12585 = CARTESIAN_POINT('',(116.,29.,23.3));
#12586 = VECTOR('',#12587,1.);
#12587 = DIRECTION('',(1.,0.,0.));
#12588 = PCURVE('',#12461,#12589);
#12589 = DEFINITIONAL_REPRESENTATION('',(#12590),#12594);
#12590 = LINE('',#12591,#12592);
#12591 = CARTESIAN_POINT('',(0.,58.));
#12592 = VECTOR('',#12593,1.);
#12593 = DIRECTION('',(1.,0.));
#12594 = ( GEOMETRIC_REPRESENTATION_CONTEXT(2) 
PARAMETRIC_REPRESENTATION_CONTEXT() REPRESENTATION_CONTEXT('2D SPACE',''
  ) );
#12595 = PCURVE('',#12489,#12596);
#12596 = DEFINITIONAL_REPRESENTATION('',(#12597),#12601);
#12597 = LINE('',#12598,#12599);
#12598 = CARTESIAN_POINT('',(0.,0.));
#12599 = VECTOR('',#12600,1.);
#12600 = DIRECTION('',(0.,1.));
#12601 = ( GEOMETRIC_REPRESENTATION_CONTEXT(2) 
PARAMETRIC_REPRESENTATION_CONTEXT() REPRESENTATION_CONTEXT('2D SPACE',''
  ) );
#12602 = FACE_BOUND('',#12603,.F.);
#12603 = EDGE_LOOP('',(#12604));
#12604 = ORIENTED_EDGE('',*,*,#12605,.F.);
#12605 = EDGE_CURVE('',#12606,#12606,#12608,.T.);
#12606 = VERTEX_POINT('',#12607);
#12607 = CARTESIAN_POINT('',(129.7,-14.,23.3));
#12608 = SURFACE_CURVE('',#12609,(#12614,#12621),.PCURVE_S1.);
#12609 = CIRCLE('',#12610,1.7);
#12610 = AXIS2_PLACEMENT_3D('',#12611,#12612,#12613);
#12611 = CARTESIAN_POINT('',(128.,-14.,23.3));
#12612 = DIRECTION('',(0.,0.,1.));
#12613 = DIRECTION('',(1.,0.,-0.));
#12614 = PCURVE('',#12461,#12615);
#12615 = DEFINITIONAL_REPRESENTATION('',(#12616),#12620);
#12616 = CIRCLE('',#12617,1.7);
#12617 = AXIS2_PLACEMENT_2D('',#12618,#12619);
#12618 = CARTESIAN_POINT('',(12.,15.));
#12619 = DIRECTION('',(1.,0.));
#12620 = ( GEOMETRIC_REPRESENTATION_CONTEXT(2) 
PARAMETRIC_REPRESENTATION_CONTEXT() REPRESENTATION_CONTEXT('2D SPACE',''
  ) );
#12621 = PCURVE('',#12622,#12627);
#12622 = CYLINDRICAL_SURFACE('',#12623,1.7);
#12623 = AXIS2_PLACEMENT_3D('',#12624,#12625,#12626);
#12624 = CARTESIAN_POINT('',(128.,-14.,22.3));
#12625 = DIRECTION('',(0.,0.,1.));
#12626 = DIRECTION('',(1.,0.,-0.));
#12627 = DEFINITIONAL_REPRESENTATION('',(#12628),#12632);
#12628 = LINE('',#12629,#12630);
#12629 = CARTESIAN_POINT('',(0.,1.));
#12630 = VECTOR('',#12631,1.);
#12631 = DIRECTION('',(1.,0.));
#12632 = ( GEOMETRIC_REPRESENTATION_CONTEXT(2) 
PARAMETRIC_REPRESENTATION_CONTEXT() REPRESENTATION_CONTEXT('2D SPACE',''
  ) );
#12633 = FACE_BOUND('',#12634,.F.);
#12634 = EDGE_LOOP('',(#12635));
#12635 = ORIENTED_EDGE('',*,*,#12636,.F.);
#12636 = EDGE_CURVE('',#12637,#12637,#12639,.T.);
#12637 = VERTEX_POINT('',#12638);
#12638 = CARTESIAN_POINT('',(129.7,14.,23.3));
#12639 = SURFACE_CURVE('',#12640,(#12645,#12652),.PCURVE_S1.);
#12640 = CIRCLE('',#12641,1.7);
#12641 = AXIS2_PLACEMENT_3D('',#12642,#12643,#12644);
#12642 = CARTESIAN_POINT('',(128.,14.,23.3));
#12643 = DIRECTION('',(0.,0.,1.));
#12644 = DIRECTION('',(1.,0.,-0.));
#12645 = PCURVE('',#12461,#12646);
#12646 = DEFINITIONAL_REPRESENTATION('',(#12647),#12651);
#12647 = CIRCLE('',#12648,1.7);
#12648 = AXIS2_PLACEMENT_2D('',#12649,#12650);
#12649 = CARTESIAN_POINT('',(12.,43.));
#12650 = DIRECTION('',(1.,0.));
#12651 = ( GEOMETRIC_REPRESENTATION_CONTEXT(2) 
PARAMETRIC_REPRESENTATION_CONTEXT() REPRESENTATION_CONTEXT('2D SPACE',''
  ) );
#12652 = PCURVE('',#12653,#12658);
#12653 = CYLINDRICAL_SURFACE('',#12654,1.7);
#12654 = AXIS2_PLACEMENT_3D('',#12655,#12656,#12657);
#12655 = CARTESIAN_POINT('',(128.,14.,22.3));
#12656 = DIRECTION('',(0.,0.,1.));
#12657 = DIRECTION('',(1.,0.,-0.));
#12658 = DEFINITIONAL_REPRESENTATION('',(#12659),#12663);
#12659 = LINE('',#12660,#12661);
#12660 = CARTESIAN_POINT('',(0.,1.));
#12661 = VECTOR('',#12662,1.);
#12662 = DIRECTION('',(1.,0.));
#12663 = ( GEOMETRIC_REPRESENTATION_CONTEXT(2) 
PARAMETRIC_REPRESENTATION_CONTEXT() REPRESENTATION_CONTEXT('2D SPACE',''
  ) );
#12664 = ADVANCED_FACE('',(#12665),#12653,.F.);
#12665 = FACE_BOUND('',#12666,.F.);
#12666 = EDGE_LOOP('',(#12667,#12696,#12717,#12718));
#12667 = ORIENTED_EDGE('',*,*,#12668,.F.);
#12668 = EDGE_CURVE('',#12669,#12669,#12671,.T.);
#12669 = VERTEX_POINT('',#12670);
#12670 = CARTESIAN_POINT('',(129.7,14.,25.7));
#12671 = SURFACE_CURVE('',#12672,(#12677,#12684),.PCURVE_S1.);
#12672 = CIRCLE('',#12673,1.7);
#12673 = AXIS2_PLACEMENT_3D('',#12674,#12675,#12676);
#12674 = CARTESIAN_POINT('',(128.,14.,25.7));
#12675 = DIRECTION('',(0.,0.,1.));
#12676 = DIRECTION('',(1.,0.,-0.));
#12677 = PCURVE('',#12653,#12678);
#12678 = DEFINITIONAL_REPRESENTATION('',(#12679),#12683);
#12679 = LINE('',#12680,#12681);
#12680 = CARTESIAN_POINT('',(0.,3.4));
#12681 = VECTOR('',#12682,1.);
#12682 = DIRECTION('',(1.,0.));
#12683 = ( GEOMETRIC_REPRESENTATION_CONTEXT(2) 
PARAMETRIC_REPRESENTATION_CONTEXT() REPRESENTATION_CONTEXT('2D SPACE',''
  ) );
#12684 = PCURVE('',#12685,#12690);
#12685 = PLANE('',#12686);
#12686 = AXIS2_PLACEMENT_3D('',#12687,#12688,#12689);
#12687 = CARTESIAN_POINT('',(128.,14.,25.7));
#12688 = DIRECTION('',(0.,0.,1.));
#12689 = DIRECTION('',(1.,0.,-0.));
#12690 = DEFINITIONAL_REPRESENTATION('',(#12691),#12695);
#12691 = CIRCLE('',#12692,1.7);
#12692 = AXIS2_PLACEMENT_2D('',#12693,#12694);
#12693 = CARTESIAN_POINT('',(0.,0.));
#12694 = DIRECTION('',(1.,0.));
#12695 = ( GEOMETRIC_REPRESENTATION_CONTEXT(2) 
PARAMETRIC_REPRESENTATION_CONTEXT() REPRESENTATION_CONTEXT('2D SPACE',''
  ) );
#12696 = ORIENTED_EDGE('',*,*,#12697,.F.);
#12697 = EDGE_CURVE('',#12637,#12669,#12698,.T.);
#12698 = SEAM_CURVE('',#12699,(#12703,#12710),.PCURVE_S1.);
#12699 = LINE('',#12700,#12701);
#12700 = CARTESIAN_POINT('',(129.7,14.,22.3));
#12701 = VECTOR('',#12702,1.);
#12702 = DIRECTION('',(0.,0.,1.));
#12703 = PCURVE('',#12653,#12704);
#12704 = DEFINITIONAL_REPRESENTATION('',(#12705),#12709);
#12705 = LINE('',#12706,#12707);
#12706 = CARTESIAN_POINT('',(6.28318530718,-0.));
#12707 = VECTOR('',#12708,1.);
#12708 = DIRECTION('',(0.,1.));
#12709 = ( GEOMETRIC_REPRESENTATION_CONTEXT(2) 
PARAMETRIC_REPRESENTATION_CONTEXT() REPRESENTATION_CONTEXT('2D SPACE',''
  ) );
#12710 = PCURVE('',#12653,#12711);
#12711 = DEFINITIONAL_REPRESENTATION('',(#12712),#12716);
#12712 = LINE('',#12713,#12714);
#12713 = CARTESIAN_POINT('',(0.,-0.));
#12714 = VECTOR('',#12715,1.);
#12715 = DIRECTION('',(0.,1.));
#12716 = ( GEOMETRIC_REPRESENTATION_CONTEXT(2) 
PARAMETRIC_REPRESENTATION_CONTEXT() REPRESENTATION_CONTEXT('2D SPACE',''
  ) );
#12717 = ORIENTED_EDGE('',*,*,#12636,.T.);
#12718 = ORIENTED_EDGE('',*,*,#12697,.T.);
#12719 = ADVANCED_FACE('',(#12720,#12890),#12685,.T.);
#12720 = FACE_BOUND('',#12721,.T.);
#12721 = EDGE_LOOP('',(#12722,#12752,#12780,#12808,#12836,#12864));
#12722 = ORIENTED_EDGE('',*,*,#12723,.T.);
#12723 = EDGE_CURVE('',#12724,#12726,#12728,.T.);
#12724 = VERTEX_POINT('',#12725);
#12725 = CARTESIAN_POINT('',(130.9,15.67431578065,25.7));
#12726 = VERTEX_POINT('',#12727);
#12727 = CARTESIAN_POINT('',(128.,17.3486315613,25.7));
#12728 = SURFACE_CURVE('',#12729,(#12733,#12740),.PCURVE_S1.);
#12729 = LINE('',#12730,#12731);
#12730 = CARTESIAN_POINT('',(130.9,15.67431578065,25.7));
#12731 = VECTOR('',#12732,1.);
#12732 = DIRECTION('',(-0.866025403784,0.5,0.));
#12733 = PCURVE('',#12685,#12734);
#12734 = DEFINITIONAL_REPRESENTATION('',(#12735),#12739);
#12735 = LINE('',#12736,#12737);
#12736 = CARTESIAN_POINT('',(2.9,1.67431578065));
#12737 = VECTOR('',#12738,1.);
#12738 = DIRECTION('',(-0.866025403784,0.5));
#12739 = ( GEOMETRIC_REPRESENTATION_CONTEXT(2) 
PARAMETRIC_REPRESENTATION_CONTEXT() REPRESENTATION_CONTEXT('2D SPACE',''
  ) );
#12740 = PCURVE('',#12741,#12746);
#12741 = PLANE('',#12742);
#12742 = AXIS2_PLACEMENT_3D('',#12743,#12744,#12745);
#12743 = CARTESIAN_POINT('',(130.9,15.67431578065,25.7));
#12744 = DIRECTION('',(-0.5,-0.866025403784,0.));
#12745 = DIRECTION('',(-0.866025403784,0.5,0.));
#12746 = DEFINITIONAL_REPRESENTATION('',(#12747),#12751);
#12747 = LINE('',#12748,#12749);
#12748 = CARTESIAN_POINT('',(0.,0.));
#12749 = VECTOR('',#12750,1.);
#12750 = DIRECTION('',(1.,0.));
#12751 = ( GEOMETRIC_REPRESENTATION_CONTEXT(2) 
PARAMETRIC_REPRESENTATION_CONTEXT() REPRESENTATION_CONTEXT('2D SPACE',''
  ) );
#12752 = ORIENTED_EDGE('',*,*,#12753,.T.);
#12753 = EDGE_CURVE('',#12726,#12754,#12756,.T.);
#12754 = VERTEX_POINT('',#12755);
#12755 = CARTESIAN_POINT('',(125.1,15.67431578065,25.7));
#12756 = SURFACE_CURVE('',#12757,(#12761,#12768),.PCURVE_S1.);
#12757 = LINE('',#12758,#12759);
#12758 = CARTESIAN_POINT('',(128.,17.3486315613,25.7));
#12759 = VECTOR('',#12760,1.);
#12760 = DIRECTION('',(-0.866025403784,-0.5,0.));
#12761 = PCURVE('',#12685,#12762);
#12762 = DEFINITIONAL_REPRESENTATION('',(#12763),#12767);
#12763 = LINE('',#12764,#12765);
#12764 = CARTESIAN_POINT('',(0.,3.3486315613));
#12765 = VECTOR('',#12766,1.);
#12766 = DIRECTION('',(-0.866025403784,-0.5));
#12767 = ( GEOMETRIC_REPRESENTATION_CONTEXT(2) 
PARAMETRIC_REPRESENTATION_CONTEXT() REPRESENTATION_CONTEXT('2D SPACE',''
  ) );
#12768 = PCURVE('',#12769,#12774);
#12769 = PLANE('',#12770);
#12770 = AXIS2_PLACEMENT_3D('',#12771,#12772,#12773);
#12771 = CARTESIAN_POINT('',(128.,17.3486315613,25.7));
#12772 = DIRECTION('',(0.5,-0.866025403784,0.));
#12773 = DIRECTION('',(-0.866025403784,-0.5,0.));
#12774 = DEFINITIONAL_REPRESENTATION('',(#12775),#12779);
#12775 = LINE('',#12776,#12777);
#12776 = CARTESIAN_POINT('',(0.,0.));
#12777 = VECTOR('',#12778,1.);
#12778 = DIRECTION('',(1.,0.));
#12779 = ( GEOMETRIC_REPRESENTATION_CONTEXT(2) 
PARAMETRIC_REPRESENTATION_CONTEXT() REPRESENTATION_CONTEXT('2D SPACE',''
  ) );
#12780 = ORIENTED_EDGE('',*,*,#12781,.T.);
#12781 = EDGE_CURVE('',#12754,#12782,#12784,.T.);
#12782 = VERTEX_POINT('',#12783);
#12783 = CARTESIAN_POINT('',(125.1,12.32568421935,25.7));
#12784 = SURFACE_CURVE('',#12785,(#12789,#12796),.PCURVE_S1.);
#12785 = LINE('',#12786,#12787);
#12786 = CARTESIAN_POINT('',(125.1,15.67431578065,25.7));
#12787 = VECTOR('',#12788,1.);
#12788 = DIRECTION('',(1.326181163023E-16,-1.,0.));
#12789 = PCURVE('',#12685,#12790);
#12790 = DEFINITIONAL_REPRESENTATION('',(#12791),#12795);
#12791 = LINE('',#12792,#12793);
#12792 = CARTESIAN_POINT('',(-2.9,1.67431578065));
#12793 = VECTOR('',#12794,1.);
#12794 = DIRECTION('',(1.326181163023E-16,-1.));
#12795 = ( GEOMETRIC_REPRESENTATION_CONTEXT(2) 
PARAMETRIC_REPRESENTATION_CONTEXT() REPRESENTATION_CONTEXT('2D SPACE',''
  ) );
#12796 = PCURVE('',#12797,#12802);
#12797 = PLANE('',#12798);
#12798 = AXIS2_PLACEMENT_3D('',#12799,#12800,#12801);
#12799 = CARTESIAN_POINT('',(125.1,15.67431578065,25.7));
#12800 = DIRECTION('',(1.,1.326181163023E-16,-0.));
#12801 = DIRECTION('',(1.326181163023E-16,-1.,0.));
#12802 = DEFINITIONAL_REPRESENTATION('',(#12803),#12807);
#12803 = LINE('',#12804,#12805);
#12804 = CARTESIAN_POINT('',(0.,0.));
#12805 = VECTOR('',#12806,1.);
#12806 = DIRECTION('',(1.,0.));
#12807 = ( GEOMETRIC_REPRESENTATION_CONTEXT(2) 
PARAMETRIC_REPRESENTATION_CONTEXT() REPRESENTATION_CONTEXT('2D SPACE',''
  ) );
#12808 = ORIENTED_EDGE('',*,*,#12809,.T.);
#12809 = EDGE_CURVE('',#12782,#12810,#12812,.T.);
#12810 = VERTEX_POINT('',#12811);
#12811 = CARTESIAN_POINT('',(128.,10.6513684387,25.7));
#12812 = SURFACE_CURVE('',#12813,(#12817,#12824),.PCURVE_S1.);
#12813 = LINE('',#12814,#12815);
#12814 = CARTESIAN_POINT('',(125.1,12.32568421935,25.7));
#12815 = VECTOR('',#12816,1.);
#12816 = DIRECTION('',(0.866025403784,-0.5,0.));
#12817 = PCURVE('',#12685,#12818);
#12818 = DEFINITIONAL_REPRESENTATION('',(#12819),#12823);
#12819 = LINE('',#12820,#12821);
#12820 = CARTESIAN_POINT('',(-2.9,-1.67431578065));
#12821 = VECTOR('',#12822,1.);
#12822 = DIRECTION('',(0.866025403784,-0.5));
#12823 = ( GEOMETRIC_REPRESENTATION_CONTEXT(2) 
PARAMETRIC_REPRESENTATION_CONTEXT() REPRESENTATION_CONTEXT('2D SPACE',''
  ) );
#12824 = PCURVE('',#12825,#12830);
#12825 = PLANE('',#12826);
#12826 = AXIS2_PLACEMENT_3D('',#12827,#12828,#12829);
#12827 = CARTESIAN_POINT('',(125.1,12.32568421935,25.7));
#12828 = DIRECTION('',(0.5,0.866025403784,-0.));
#12829 = DIRECTION('',(0.866025403784,-0.5,0.));
#12830 = DEFINITIONAL_REPRESENTATION('',(#12831),#12835);
#12831 = LINE('',#12832,#12833);
#12832 = CARTESIAN_POINT('',(0.,0.));
#12833 = VECTOR('',#12834,1.);
#12834 = DIRECTION('',(1.,0.));
#12835 = ( GEOMETRIC_REPRESENTATION_CONTEXT(2) 
PARAMETRIC_REPRESENTATION_CONTEXT() REPRESENTATION_CONTEXT('2D SPACE',''
  ) );
#12836 = ORIENTED_EDGE('',*,*,#12837,.T.);
#12837 = EDGE_CURVE('',#12810,#12838,#12840,.T.);
#12838 = VERTEX_POINT('',#12839);
#12839 = CARTESIAN_POINT('',(130.9,12.32568421935,25.7));
#12840 = SURFACE_CURVE('',#12841,(#12845,#12852),.PCURVE_S1.);
#12841 = LINE('',#12842,#12843);
#12842 = CARTESIAN_POINT('',(128.,10.6513684387,25.7));
#12843 = VECTOR('',#12844,1.);
#12844 = DIRECTION('',(0.866025403784,0.5,0.));
#12845 = PCURVE('',#12685,#12846);
#12846 = DEFINITIONAL_REPRESENTATION('',(#12847),#12851);
#12847 = LINE('',#12848,#12849);
#12848 = CARTESIAN_POINT('',(0.,-3.3486315613));
#12849 = VECTOR('',#12850,1.);
#12850 = DIRECTION('',(0.866025403784,0.5));
#12851 = ( GEOMETRIC_REPRESENTATION_CONTEXT(2) 
PARAMETRIC_REPRESENTATION_CONTEXT() REPRESENTATION_CONTEXT('2D SPACE',''
  ) );
#12852 = PCURVE('',#12853,#12858);
#12853 = PLANE('',#12854);
#12854 = AXIS2_PLACEMENT_3D('',#12855,#12856,#12857);
#12855 = CARTESIAN_POINT('',(128.,10.6513684387,25.7));
#12856 = DIRECTION('',(-0.5,0.866025403784,0.));
#12857 = DIRECTION('',(0.866025403784,0.5,0.));
#12858 = DEFINITIONAL_REPRESENTATION('',(#12859),#12863);
#12859 = LINE('',#12860,#12861);
#12860 = CARTESIAN_POINT('',(0.,0.));
#12861 = VECTOR('',#12862,1.);
#12862 = DIRECTION('',(1.,0.));
#12863 = ( GEOMETRIC_REPRESENTATION_CONTEXT(2) 
PARAMETRIC_REPRESENTATION_CONTEXT() REPRESENTATION_CONTEXT('2D SPACE',''
  ) );
#12864 = ORIENTED_EDGE('',*,*,#12865,.T.);
#12865 = EDGE_CURVE('',#12838,#12724,#12866,.T.);
#12866 = SURFACE_CURVE('',#12867,(#12871,#12878),.PCURVE_S1.);
#12867 = LINE('',#12868,#12869);
#12868 = CARTESIAN_POINT('',(130.9,12.32568421935,25.7));
#12869 = VECTOR('',#12870,1.);
#12870 = DIRECTION('',(3.978543489069E-16,1.,0.));
#12871 = PCURVE('',#12685,#12872);
#12872 = DEFINITIONAL_REPRESENTATION('',(#12873),#12877);
#12873 = LINE('',#12874,#12875);
#12874 = CARTESIAN_POINT('',(2.9,-1.67431578065));
#12875 = VECTOR('',#12876,1.);
#12876 = DIRECTION('',(3.978543489069E-16,1.));
#12877 = ( GEOMETRIC_REPRESENTATION_CONTEXT(2) 
PARAMETRIC_REPRESENTATION_CONTEXT() REPRESENTATION_CONTEXT('2D SPACE',''
  ) );
#12878 = PCURVE('',#12879,#12884);
#12879 = PLANE('',#12880);
#12880 = AXIS2_PLACEMENT_3D('',#12881,#12882,#12883);
#12881 = CARTESIAN_POINT('',(130.9,12.32568421935,25.7));
#12882 = DIRECTION('',(-1.,3.978543489069E-16,0.));
#12883 = DIRECTION('',(3.978543489069E-16,1.,0.));
#12884 = DEFINITIONAL_REPRESENTATION('',(#12885),#12889);
#12885 = LINE('',#12886,#12887);
#12886 = CARTESIAN_POINT('',(0.,0.));
#12887 = VECTOR('',#12888,1.);
#12888 = DIRECTION('',(1.,0.));
#12889 = ( GEOMETRIC_REPRESENTATION_CONTEXT(2) 
PARAMETRIC_REPRESENTATION_CONTEXT() REPRESENTATION_CONTEXT('2D SPACE',''
  ) );
#12890 = FACE_BOUND('',#12891,.T.);
#12891 = EDGE_LOOP('',(#12892));
#12892 = ORIENTED_EDGE('',*,*,#12668,.F.);
#12893 = ADVANCED_FACE('',(#12894),#12825,.T.);
#12894 = FACE_BOUND('',#12895,.T.);
#12895 = EDGE_LOOP('',(#12896,#12897,#12920,#12943));
#12896 = ORIENTED_EDGE('',*,*,#12809,.F.);
#12897 = ORIENTED_EDGE('',*,*,#12898,.T.);
#12898 = EDGE_CURVE('',#12782,#12899,#12901,.T.);
#12899 = VERTEX_POINT('',#12900);
#12900 = CARTESIAN_POINT('',(125.1,12.32568421935,28.3));
#12901 = SURFACE_CURVE('',#12902,(#12906,#12913),.PCURVE_S1.);
#12902 = LINE('',#12903,#12904);
#12903 = CARTESIAN_POINT('',(125.1,12.32568421935,25.7));
#12904 = VECTOR('',#12905,1.);
#12905 = DIRECTION('',(0.,0.,1.));
#12906 = PCURVE('',#12825,#12907);
#12907 = DEFINITIONAL_REPRESENTATION('',(#12908),#12912);
#12908 = LINE('',#12909,#12910);
#12909 = CARTESIAN_POINT('',(0.,0.));
#12910 = VECTOR('',#12911,1.);
#12911 = DIRECTION('',(0.,-1.));
#12912 = ( GEOMETRIC_REPRESENTATION_CONTEXT(2) 
PARAMETRIC_REPRESENTATION_CONTEXT() REPRESENTATION_CONTEXT('2D SPACE',''
  ) );
#12913 = PCURVE('',#12797,#12914);
#12914 = DEFINITIONAL_REPRESENTATION('',(#12915),#12919);
#12915 = LINE('',#12916,#12917);
#12916 = CARTESIAN_POINT('',(3.3486315613,0.));
#12917 = VECTOR('',#12918,1.);
#12918 = DIRECTION('',(0.,-1.));
#12919 = ( GEOMETRIC_REPRESENTATION_CONTEXT(2) 
PARAMETRIC_REPRESENTATION_CONTEXT() REPRESENTATION_CONTEXT('2D SPACE',''
  ) );
#12920 = ORIENTED_EDGE('',*,*,#12921,.F.);
#12921 = EDGE_CURVE('',#12922,#12899,#12924,.T.);
#12922 = VERTEX_POINT('',#12923);
#12923 = CARTESIAN_POINT('',(128.,10.6513684387,28.3));
#12924 = SURFACE_CURVE('',#12925,(#12929,#12936),.PCURVE_S1.);
#12925 = LINE('',#12926,#12927);
#12926 = CARTESIAN_POINT('',(130.63477309068,9.130181485541,28.3));
#12927 = VECTOR('',#12928,1.);
#12928 = DIRECTION('',(-0.866025403784,0.5,0.));
#12929 = PCURVE('',#12825,#12930);
#12930 = DEFINITIONAL_REPRESENTATION('',(#12931),#12935);
#12931 = LINE('',#12932,#12933);
#12932 = CARTESIAN_POINT('',(6.391005467618,-2.6));
#12933 = VECTOR('',#12934,1.);
#12934 = DIRECTION('',(-1.,-0.));
#12935 = ( GEOMETRIC_REPRESENTATION_CONTEXT(2) 
PARAMETRIC_REPRESENTATION_CONTEXT() REPRESENTATION_CONTEXT('2D SPACE',''
  ) );
#12936 = PCURVE('',#12515,#12937);
#12937 = DEFINITIONAL_REPRESENTATION('',(#12938),#12942);
#12938 = LINE('',#12939,#12940);
#12939 = CARTESIAN_POINT('',(14.634773090683,38.130181485541));
#12940 = VECTOR('',#12941,1.);
#12941 = DIRECTION('',(-0.866025403784,0.5));
#12942 = ( GEOMETRIC_REPRESENTATION_CONTEXT(2) 
PARAMETRIC_REPRESENTATION_CONTEXT() REPRESENTATION_CONTEXT('2D SPACE',''
  ) );
#12943 = ORIENTED_EDGE('',*,*,#12944,.F.);
#12944 = EDGE_CURVE('',#12810,#12922,#12945,.T.);
#12945 = SURFACE_CURVE('',#12946,(#12950,#12957),.PCURVE_S1.);
#12946 = LINE('',#12947,#12948);
#12947 = CARTESIAN_POINT('',(128.,10.6513684387,25.7));
#12948 = VECTOR('',#12949,1.);
#12949 = DIRECTION('',(0.,0.,1.));
#12950 = PCURVE('',#12825,#12951);
#12951 = DEFINITIONAL_REPRESENTATION('',(#12952),#12956);
#12952 = LINE('',#12953,#12954);
#12953 = CARTESIAN_POINT('',(3.3486315613,0.));
#12954 = VECTOR('',#12955,1.);
#12955 = DIRECTION('',(0.,-1.));
#12956 = ( GEOMETRIC_REPRESENTATION_CONTEXT(2) 
PARAMETRIC_REPRESENTATION_CONTEXT() REPRESENTATION_CONTEXT('2D SPACE',''
  ) );
#12957 = PCURVE('',#12853,#12958);
#12958 = DEFINITIONAL_REPRESENTATION('',(#12959),#12963);
#12959 = LINE('',#12960,#12961);
#12960 = CARTESIAN_POINT('',(0.,0.));
#12961 = VECTOR('',#12962,1.);
#12962 = DIRECTION('',(0.,-1.));
#12963 = ( GEOMETRIC_REPRESENTATION_CONTEXT(2) 
PARAMETRIC_REPRESENTATION_CONTEXT() REPRESENTATION_CONTEXT('2D SPACE',''
  ) );
#12964 = ADVANCED_FACE('',(#12965),#12797,.T.);
#12965 = FACE_BOUND('',#12966,.T.);
#12966 = EDGE_LOOP('',(#12967,#12968,#12991,#13012));
#12967 = ORIENTED_EDGE('',*,*,#12781,.F.);
#12968 = ORIENTED_EDGE('',*,*,#12969,.T.);
#12969 = EDGE_CURVE('',#12754,#12970,#12972,.T.);
#12970 = VERTEX_POINT('',#12971);
#12971 = CARTESIAN_POINT('',(125.1,15.67431578065,28.3));
#12972 = SURFACE_CURVE('',#12973,(#12977,#12984),.PCURVE_S1.);
#12973 = LINE('',#12974,#12975);
#12974 = CARTESIAN_POINT('',(125.1,15.67431578065,25.7));
#12975 = VECTOR('',#12976,1.);
#12976 = DIRECTION('',(0.,0.,1.));
#12977 = PCURVE('',#12797,#12978);
#12978 = DEFINITIONAL_REPRESENTATION('',(#12979),#12983);
#12979 = LINE('',#12980,#12981);
#12980 = CARTESIAN_POINT('',(0.,0.));
#12981 = VECTOR('',#12982,1.);
#12982 = DIRECTION('',(0.,-1.));
#12983 = ( GEOMETRIC_REPRESENTATION_CONTEXT(2) 
PARAMETRIC_REPRESENTATION_CONTEXT() REPRESENTATION_CONTEXT('2D SPACE',''
  ) );
#12984 = PCURVE('',#12769,#12985);
#12985 = DEFINITIONAL_REPRESENTATION('',(#12986),#12990);
#12986 = LINE('',#12987,#12988);
#12987 = CARTESIAN_POINT('',(3.3486315613,0.));
#12988 = VECTOR('',#12989,1.);
#12989 = DIRECTION('',(0.,-1.));
#12990 = ( GEOMETRIC_REPRESENTATION_CONTEXT(2) 
PARAMETRIC_REPRESENTATION_CONTEXT() REPRESENTATION_CONTEXT('2D SPACE',''
  ) );
#12991 = ORIENTED_EDGE('',*,*,#12992,.F.);
#12992 = EDGE_CURVE('',#12899,#12970,#12993,.T.);
#12993 = SURFACE_CURVE('',#12994,(#12998,#13005),.PCURVE_S1.);
#12994 = LINE('',#12995,#12996);
#12995 = CARTESIAN_POINT('',(125.1,-6.662842109675,28.3));
#12996 = VECTOR('',#12997,1.);
#12997 = DIRECTION('',(-1.326181163023E-16,1.,0.));
#12998 = PCURVE('',#12797,#12999);
#12999 = DEFINITIONAL_REPRESENTATION('',(#13000),#13004);
#13000 = LINE('',#13001,#13002);
#13001 = CARTESIAN_POINT('',(22.337157890325,-2.6));
#13002 = VECTOR('',#13003,1.);
#13003 = DIRECTION('',(-1.,-0.));
#13004 = ( GEOMETRIC_REPRESENTATION_CONTEXT(2) 
PARAMETRIC_REPRESENTATION_CONTEXT() REPRESENTATION_CONTEXT('2D SPACE',''
  ) );
#13005 = PCURVE('',#12515,#13006);
#13006 = DEFINITIONAL_REPRESENTATION('',(#13007),#13011);
#13007 = LINE('',#13008,#13009);
#13008 = CARTESIAN_POINT('',(9.1,22.337157890325));
#13009 = VECTOR('',#13010,1.);
#13010 = DIRECTION('',(-1.326181163023E-16,1.));
#13011 = ( GEOMETRIC_REPRESENTATION_CONTEXT(2) 
PARAMETRIC_REPRESENTATION_CONTEXT() REPRESENTATION_CONTEXT('2D SPACE',''
  ) );
#13012 = ORIENTED_EDGE('',*,*,#12898,.F.);
#13013 = ADVANCED_FACE('',(#13014),#12853,.T.);
#13014 = FACE_BOUND('',#13015,.T.);
#13015 = EDGE_LOOP('',(#13016,#13017,#13018,#13041));
#13016 = ORIENTED_EDGE('',*,*,#12837,.F.);
#13017 = ORIENTED_EDGE('',*,*,#12944,.T.);
#13018 = ORIENTED_EDGE('',*,*,#13019,.F.);
#13019 = EDGE_CURVE('',#13020,#12922,#13022,.T.);
#13020 = VERTEX_POINT('',#13021);
#13021 = CARTESIAN_POINT('',(130.9,12.32568421935,28.3));
#13022 = SURFACE_CURVE('',#13023,(#13027,#13034),.PCURVE_S1.);
#13023 = LINE('',#13024,#13025);
#13024 = CARTESIAN_POINT('',(114.91522690931,3.096871172509,28.3));
#13025 = VECTOR('',#13026,1.);
#13026 = DIRECTION('',(-0.866025403784,-0.5,0.));
#13027 = PCURVE('',#12853,#13028);
#13028 = DEFINITIONAL_REPRESENTATION('',(#13029),#13033);
#13029 = LINE('',#13030,#13031);
#13030 = CARTESIAN_POINT('',(-15.10899453238,-2.6));
#13031 = VECTOR('',#13032,1.);
#13032 = DIRECTION('',(-1.,-0.));
#13033 = ( GEOMETRIC_REPRESENTATION_CONTEXT(2) 
PARAMETRIC_REPRESENTATION_CONTEXT() REPRESENTATION_CONTEXT('2D SPACE',''
  ) );
#13034 = PCURVE('',#12515,#13035);
#13035 = DEFINITIONAL_REPRESENTATION('',(#13036),#13040);
#13036 = LINE('',#13037,#13038);
#13037 = CARTESIAN_POINT('',(-1.084773090683,32.096871172509));
#13038 = VECTOR('',#13039,1.);
#13039 = DIRECTION('',(-0.866025403784,-0.5));
#13040 = ( GEOMETRIC_REPRESENTATION_CONTEXT(2) 
PARAMETRIC_REPRESENTATION_CONTEXT() REPRESENTATION_CONTEXT('2D SPACE',''
  ) );
#13041 = ORIENTED_EDGE('',*,*,#13042,.F.);
#13042 = EDGE_CURVE('',#12838,#13020,#13043,.T.);
#13043 = SURFACE_CURVE('',#13044,(#13048,#13055),.PCURVE_S1.);
#13044 = LINE('',#13045,#13046);
#13045 = CARTESIAN_POINT('',(130.9,12.32568421935,25.7));
#13046 = VECTOR('',#13047,1.);
#13047 = DIRECTION('',(0.,0.,1.));
#13048 = PCURVE('',#12853,#13049);
#13049 = DEFINITIONAL_REPRESENTATION('',(#13050),#13054);
#13050 = LINE('',#13051,#13052);
#13051 = CARTESIAN_POINT('',(3.3486315613,0.));
#13052 = VECTOR('',#13053,1.);
#13053 = DIRECTION('',(0.,-1.));
#13054 = ( GEOMETRIC_REPRESENTATION_CONTEXT(2) 
PARAMETRIC_REPRESENTATION_CONTEXT() REPRESENTATION_CONTEXT('2D SPACE',''
  ) );
#13055 = PCURVE('',#12879,#13056);
#13056 = DEFINITIONAL_REPRESENTATION('',(#13057),#13061);
#13057 = LINE('',#13058,#13059);
#13058 = CARTESIAN_POINT('',(0.,0.));
#13059 = VECTOR('',#13060,1.);
#13060 = DIRECTION('',(0.,-1.));
#13061 = ( GEOMETRIC_REPRESENTATION_CONTEXT(2) 
PARAMETRIC_REPRESENTATION_CONTEXT() REPRESENTATION_CONTEXT('2D SPACE',''
  ) );
#13062 = ADVANCED_FACE('',(#13063),#12769,.T.);
#13063 = FACE_BOUND('',#13064,.T.);
#13064 = EDGE_LOOP('',(#13065,#13066,#13089,#13110));
#13065 = ORIENTED_EDGE('',*,*,#12753,.F.);
#13066 = ORIENTED_EDGE('',*,*,#13067,.T.);
#13067 = EDGE_CURVE('',#12726,#13068,#13070,.T.);
#13068 = VERTEX_POINT('',#13069);
#13069 = CARTESIAN_POINT('',(128.,17.3486315613,28.3));
#13070 = SURFACE_CURVE('',#13071,(#13075,#13082),.PCURVE_S1.);
#13071 = LINE('',#13072,#13073);
#13072 = CARTESIAN_POINT('',(128.,17.3486315613,25.7));
#13073 = VECTOR('',#13074,1.);
#13074 = DIRECTION('',(0.,0.,1.));
#13075 = PCURVE('',#12769,#13076);
#13076 = DEFINITIONAL_REPRESENTATION('',(#13077),#13081);
#13077 = LINE('',#13078,#13079);
#13078 = CARTESIAN_POINT('',(0.,0.));
#13079 = VECTOR('',#13080,1.);
#13080 = DIRECTION('',(0.,-1.));
#13081 = ( GEOMETRIC_REPRESENTATION_CONTEXT(2) 
PARAMETRIC_REPRESENTATION_CONTEXT() REPRESENTATION_CONTEXT('2D SPACE',''
  ) );
#13082 = PCURVE('',#12741,#13083);
#13083 = DEFINITIONAL_REPRESENTATION('',(#13084),#13088);
#13084 = LINE('',#13085,#13086);
#13085 = CARTESIAN_POINT('',(3.3486315613,0.));
#13086 = VECTOR('',#13087,1.);
#13087 = DIRECTION('',(0.,-1.));
#13088 = ( GEOMETRIC_REPRESENTATION_CONTEXT(2) 
PARAMETRIC_REPRESENTATION_CONTEXT() REPRESENTATION_CONTEXT('2D SPACE',''
  ) );
#13089 = ORIENTED_EDGE('',*,*,#13090,.F.);
#13090 = EDGE_CURVE('',#12970,#13068,#13091,.T.);
#13091 = SURFACE_CURVE('',#13092,(#13096,#13103),.PCURVE_S1.);
#13092 = LINE('',#13093,#13094);
#13093 = CARTESIAN_POINT('',(113.46522690931,8.956976404784,28.3));
#13094 = VECTOR('',#13095,1.);
#13095 = DIRECTION('',(0.866025403784,0.5,-0.));
#13096 = PCURVE('',#12769,#13097);
#13097 = DEFINITIONAL_REPRESENTATION('',(#13098),#13102);
#13098 = LINE('',#13099,#13100);
#13099 = CARTESIAN_POINT('',(16.783310313032,-2.6));
#13100 = VECTOR('',#13101,1.);
#13101 = DIRECTION('',(-1.,0.));
#13102 = ( GEOMETRIC_REPRESENTATION_CONTEXT(2) 
PARAMETRIC_REPRESENTATION_CONTEXT() REPRESENTATION_CONTEXT('2D SPACE',''
  ) );
#13103 = PCURVE('',#12515,#13104);
#13104 = DEFINITIONAL_REPRESENTATION('',(#13105),#13109);
#13105 = LINE('',#13106,#13107);
#13106 = CARTESIAN_POINT('',(-2.534773090683,37.956976404784));
#13107 = VECTOR('',#13108,1.);
#13108 = DIRECTION('',(0.866025403784,0.5));
#13109 = ( GEOMETRIC_REPRESENTATION_CONTEXT(2) 
PARAMETRIC_REPRESENTATION_CONTEXT() REPRESENTATION_CONTEXT('2D SPACE',''
  ) );
#13110 = ORIENTED_EDGE('',*,*,#12969,.F.);
#13111 = ADVANCED_FACE('',(#13112),#12879,.T.);
#13112 = FACE_BOUND('',#13113,.T.);
#13113 = EDGE_LOOP('',(#13114,#13115,#13116,#13139));
#13114 = ORIENTED_EDGE('',*,*,#12865,.F.);
#13115 = ORIENTED_EDGE('',*,*,#13042,.T.);
#13116 = ORIENTED_EDGE('',*,*,#13117,.F.);
#13117 = EDGE_CURVE('',#13118,#13020,#13120,.T.);
#13118 = VERTEX_POINT('',#13119);
#13119 = CARTESIAN_POINT('',(130.9,15.67431578065,28.3));
#13120 = SURFACE_CURVE('',#13121,(#13125,#13132),.PCURVE_S1.);
#13121 = LINE('',#13122,#13123);
#13122 = CARTESIAN_POINT('',(130.9,-8.337157890325,28.3));
#13123 = VECTOR('',#13124,1.);
#13124 = DIRECTION('',(-3.978543489069E-16,-1.,0.));
#13125 = PCURVE('',#12879,#13126);
#13126 = DEFINITIONAL_REPRESENTATION('',(#13127),#13131);
#13127 = LINE('',#13128,#13129);
#13128 = CARTESIAN_POINT('',(-20.66284210967,-2.6));
#13129 = VECTOR('',#13130,1.);
#13130 = DIRECTION('',(-1.,-0.));
#13131 = ( GEOMETRIC_REPRESENTATION_CONTEXT(2) 
PARAMETRIC_REPRESENTATION_CONTEXT() REPRESENTATION_CONTEXT('2D SPACE',''
  ) );
#13132 = PCURVE('',#12515,#13133);
#13133 = DEFINITIONAL_REPRESENTATION('',(#13134),#13138);
#13134 = LINE('',#13135,#13136);
#13135 = CARTESIAN_POINT('',(14.9,20.662842109675));
#13136 = VECTOR('',#13137,1.);
#13137 = DIRECTION('',(-3.978543489069E-16,-1.));
#13138 = ( GEOMETRIC_REPRESENTATION_CONTEXT(2) 
PARAMETRIC_REPRESENTATION_CONTEXT() REPRESENTATION_CONTEXT('2D SPACE',''
  ) );
#13139 = ORIENTED_EDGE('',*,*,#13140,.F.);
#13140 = EDGE_CURVE('',#12724,#13118,#13141,.T.);
#13141 = SURFACE_CURVE('',#13142,(#13146,#13153),.PCURVE_S1.);
#13142 = LINE('',#13143,#13144);
#13143 = CARTESIAN_POINT('',(130.9,15.67431578065,25.7));
#13144 = VECTOR('',#13145,1.);
#13145 = DIRECTION('',(0.,0.,1.));
#13146 = PCURVE('',#12879,#13147);
#13147 = DEFINITIONAL_REPRESENTATION('',(#13148),#13152);
#13148 = LINE('',#13149,#13150);
#13149 = CARTESIAN_POINT('',(3.3486315613,0.));
#13150 = VECTOR('',#13151,1.);
#13151 = DIRECTION('',(0.,-1.));
#13152 = ( GEOMETRIC_REPRESENTATION_CONTEXT(2) 
PARAMETRIC_REPRESENTATION_CONTEXT() REPRESENTATION_CONTEXT('2D SPACE',''
  ) );
#13153 = PCURVE('',#12741,#13154);
#13154 = DEFINITIONAL_REPRESENTATION('',(#13155),#13159);
#13155 = LINE('',#13156,#13157);
#13156 = CARTESIAN_POINT('',(0.,0.));
#13157 = VECTOR('',#13158,1.);
#13158 = DIRECTION('',(0.,-1.));
#13159 = ( GEOMETRIC_REPRESENTATION_CONTEXT(2) 
PARAMETRIC_REPRESENTATION_CONTEXT() REPRESENTATION_CONTEXT('2D SPACE',''
  ) );
#13160 = ADVANCED_FACE('',(#13161),#12741,.T.);
#13161 = FACE_BOUND('',#13162,.T.);
#13162 = EDGE_LOOP('',(#13163,#13164,#13165,#13186));
#13163 = ORIENTED_EDGE('',*,*,#12723,.F.);
#13164 = ORIENTED_EDGE('',*,*,#13140,.T.);
#13165 = ORIENTED_EDGE('',*,*,#13166,.F.);
#13166 = EDGE_CURVE('',#13068,#13118,#13167,.T.);
#13167 = SURFACE_CURVE('',#13168,(#13172,#13179),.PCURVE_S1.);
#13168 = LINE('',#13169,#13170);
#13169 = CARTESIAN_POINT('',(134.98477309068,13.315970937166,28.3));
#13170 = VECTOR('',#13171,1.);
#13171 = DIRECTION('',(0.866025403784,-0.5,0.));
#13172 = PCURVE('',#12741,#13173);
#13173 = DEFINITIONAL_REPRESENTATION('',(#13174),#13178);
#13174 = LINE('',#13175,#13176);
#13175 = CARTESIAN_POINT('',(-4.716689686968,-2.6));
#13176 = VECTOR('',#13177,1.);
#13177 = DIRECTION('',(-1.,-0.));
#13178 = ( GEOMETRIC_REPRESENTATION_CONTEXT(2) 
PARAMETRIC_REPRESENTATION_CONTEXT() REPRESENTATION_CONTEXT('2D SPACE',''
  ) );
#13179 = PCURVE('',#12515,#13180);
#13180 = DEFINITIONAL_REPRESENTATION('',(#13181),#13185);
#13181 = LINE('',#13182,#13183);
#13182 = CARTESIAN_POINT('',(18.984773090683,42.315970937166));
#13183 = VECTOR('',#13184,1.);
#13184 = DIRECTION('',(0.866025403784,-0.5));
#13185 = ( GEOMETRIC_REPRESENTATION_CONTEXT(2) 
PARAMETRIC_REPRESENTATION_CONTEXT() REPRESENTATION_CONTEXT('2D SPACE',''
  ) );
#13186 = ORIENTED_EDGE('',*,*,#13067,.F.);
#13187 = ADVANCED_FACE('',(#13188),#12622,.F.);
#13188 = FACE_BOUND('',#13189,.F.);
#13189 = EDGE_LOOP('',(#13190,#13219,#13240,#13241));
#13190 = ORIENTED_EDGE('',*,*,#13191,.F.);
#13191 = EDGE_CURVE('',#13192,#13192,#13194,.T.);
#13192 = VERTEX_POINT('',#13193);
#13193 = CARTESIAN_POINT('',(129.7,-14.,25.7));
#13194 = SURFACE_CURVE('',#13195,(#13200,#13207),.PCURVE_S1.);
#13195 = CIRCLE('',#13196,1.7);
#13196 = AXIS2_PLACEMENT_3D('',#13197,#13198,#13199);
#13197 = CARTESIAN_POINT('',(128.,-14.,25.7));
#13198 = DIRECTION('',(0.,0.,1.));
#13199 = DIRECTION('',(1.,0.,-0.));
#13200 = PCURVE('',#12622,#13201);
#13201 = DEFINITIONAL_REPRESENTATION('',(#13202),#13206);
#13202 = LINE('',#13203,#13204);
#13203 = CARTESIAN_POINT('',(0.,3.4));
#13204 = VECTOR('',#13205,1.);
#13205 = DIRECTION('',(1.,0.));
#13206 = ( GEOMETRIC_REPRESENTATION_CONTEXT(2) 
PARAMETRIC_REPRESENTATION_CONTEXT() REPRESENTATION_CONTEXT('2D SPACE',''
  ) );
#13207 = PCURVE('',#13208,#13213);
#13208 = PLANE('',#13209);
#13209 = AXIS2_PLACEMENT_3D('',#13210,#13211,#13212);
#13210 = CARTESIAN_POINT('',(128.,-14.,25.7));
#13211 = DIRECTION('',(0.,0.,1.));
#13212 = DIRECTION('',(1.,0.,-0.));
#13213 = DEFINITIONAL_REPRESENTATION('',(#13214),#13218);
#13214 = CIRCLE('',#13215,1.7);
#13215 = AXIS2_PLACEMENT_2D('',#13216,#13217);
#13216 = CARTESIAN_POINT('',(0.,0.));
#13217 = DIRECTION('',(1.,0.));
#13218 = ( GEOMETRIC_REPRESENTATION_CONTEXT(2) 
PARAMETRIC_REPRESENTATION_CONTEXT() REPRESENTATION_CONTEXT('2D SPACE',''
  ) );
#13219 = ORIENTED_EDGE('',*,*,#13220,.F.);
#13220 = EDGE_CURVE('',#12606,#13192,#13221,.T.);
#13221 = SEAM_CURVE('',#13222,(#13226,#13233),.PCURVE_S1.);
#13222 = LINE('',#13223,#13224);
#13223 = CARTESIAN_POINT('',(129.7,-14.,22.3));
#13224 = VECTOR('',#13225,1.);
#13225 = DIRECTION('',(0.,0.,1.));
#13226 = PCURVE('',#12622,#13227);
#13227 = DEFINITIONAL_REPRESENTATION('',(#13228),#13232);
#13228 = LINE('',#13229,#13230);
#13229 = CARTESIAN_POINT('',(6.28318530718,-0.));
#13230 = VECTOR('',#13231,1.);
#13231 = DIRECTION('',(0.,1.));
#13232 = ( GEOMETRIC_REPRESENTATION_CONTEXT(2) 
PARAMETRIC_REPRESENTATION_CONTEXT() REPRESENTATION_CONTEXT('2D SPACE',''
  ) );
#13233 = PCURVE('',#12622,#13234);
#13234 = DEFINITIONAL_REPRESENTATION('',(#13235),#13239);
#13235 = LINE('',#13236,#13237);
#13236 = CARTESIAN_POINT('',(0.,-0.));
#13237 = VECTOR('',#13238,1.);
#13238 = DIRECTION('',(0.,1.));
#13239 = ( GEOMETRIC_REPRESENTATION_CONTEXT(2) 
PARAMETRIC_REPRESENTATION_CONTEXT() REPRESENTATION_CONTEXT('2D SPACE',''
  ) );
#13240 = ORIENTED_EDGE('',*,*,#12605,.T.);
#13241 = ORIENTED_EDGE('',*,*,#13220,.T.);
#13242 = ADVANCED_FACE('',(#13243,#13413),#13208,.T.);
#13243 = FACE_BOUND('',#13244,.T.);
#13244 = EDGE_LOOP('',(#13245,#13275,#13303,#13331,#13359,#13387));
#13245 = ORIENTED_EDGE('',*,*,#13246,.T.);
#13246 = EDGE_CURVE('',#13247,#13249,#13251,.T.);
#13247 = VERTEX_POINT('',#13248);
#13248 = CARTESIAN_POINT('',(130.9,-12.32568421935,25.7));
#13249 = VERTEX_POINT('',#13250);
#13250 = CARTESIAN_POINT('',(128.,-10.6513684387,25.7));
#13251 = SURFACE_CURVE('',#13252,(#13256,#13263),.PCURVE_S1.);
#13252 = LINE('',#13253,#13254);
#13253 = CARTESIAN_POINT('',(130.9,-12.32568421935,25.7));
#13254 = VECTOR('',#13255,1.);
#13255 = DIRECTION('',(-0.866025403784,0.5,0.));
#13256 = PCURVE('',#13208,#13257);
#13257 = DEFINITIONAL_REPRESENTATION('',(#13258),#13262);
#13258 = LINE('',#13259,#13260);
#13259 = CARTESIAN_POINT('',(2.9,1.67431578065));
#13260 = VECTOR('',#13261,1.);
#13261 = DIRECTION('',(-0.866025403784,0.5));
#13262 = ( GEOMETRIC_REPRESENTATION_CONTEXT(2) 
PARAMETRIC_REPRESENTATION_CONTEXT() REPRESENTATION_CONTEXT('2D SPACE',''
  ) );
#13263 = PCURVE('',#13264,#13269);
#13264 = PLANE('',#13265);
#13265 = AXIS2_PLACEMENT_3D('',#13266,#13267,#13268);
#13266 = CARTESIAN_POINT('',(130.9,-12.32568421935,25.7));
#13267 = DIRECTION('',(-0.5,-0.866025403784,0.));
#13268 = DIRECTION('',(-0.866025403784,0.5,0.));
#13269 = DEFINITIONAL_REPRESENTATION('',(#13270),#13274);
#13270 = LINE('',#13271,#13272);
#13271 = CARTESIAN_POINT('',(0.,0.));
#13272 = VECTOR('',#13273,1.);
#13273 = DIRECTION('',(1.,0.));
#13274 = ( GEOMETRIC_REPRESENTATION_CONTEXT(2) 
PARAMETRIC_REPRESENTATION_CONTEXT() REPRESENTATION_CONTEXT('2D SPACE',''
  ) );
#13275 = ORIENTED_EDGE('',*,*,#13276,.T.);
#13276 = EDGE_CURVE('',#13249,#13277,#13279,.T.);
#13277 = VERTEX_POINT('',#13278);
#13278 = CARTESIAN_POINT('',(125.1,-12.32568421935,25.7));
#13279 = SURFACE_CURVE('',#13280,(#13284,#13291),.PCURVE_S1.);
#13280 = LINE('',#13281,#13282);
#13281 = CARTESIAN_POINT('',(128.,-10.6513684387,25.7));
#13282 = VECTOR('',#13283,1.);
#13283 = DIRECTION('',(-0.866025403784,-0.5,0.));
#13284 = PCURVE('',#13208,#13285);
#13285 = DEFINITIONAL_REPRESENTATION('',(#13286),#13290);
#13286 = LINE('',#13287,#13288);
#13287 = CARTESIAN_POINT('',(0.,3.3486315613));
#13288 = VECTOR('',#13289,1.);
#13289 = DIRECTION('',(-0.866025403784,-0.5));
#13290 = ( GEOMETRIC_REPRESENTATION_CONTEXT(2) 
PARAMETRIC_REPRESENTATION_CONTEXT() REPRESENTATION_CONTEXT('2D SPACE',''
  ) );
#13291 = PCURVE('',#13292,#13297);
#13292 = PLANE('',#13293);
#13293 = AXIS2_PLACEMENT_3D('',#13294,#13295,#13296);
#13294 = CARTESIAN_POINT('',(128.,-10.6513684387,25.7));
#13295 = DIRECTION('',(0.5,-0.866025403784,0.));
#13296 = DIRECTION('',(-0.866025403784,-0.5,0.));
#13297 = DEFINITIONAL_REPRESENTATION('',(#13298),#13302);
#13298 = LINE('',#13299,#13300);
#13299 = CARTESIAN_POINT('',(0.,0.));
#13300 = VECTOR('',#13301,1.);
#13301 = DIRECTION('',(1.,0.));
#13302 = ( GEOMETRIC_REPRESENTATION_CONTEXT(2) 
PARAMETRIC_REPRESENTATION_CONTEXT() REPRESENTATION_CONTEXT('2D SPACE',''
  ) );
#13303 = ORIENTED_EDGE('',*,*,#13304,.T.);
#13304 = EDGE_CURVE('',#13277,#13305,#13307,.T.);
#13305 = VERTEX_POINT('',#13306);
#13306 = CARTESIAN_POINT('',(125.1,-15.67431578065,25.7));
#13307 = SURFACE_CURVE('',#13308,(#13312,#13319),.PCURVE_S1.);
#13308 = LINE('',#13309,#13310);
#13309 = CARTESIAN_POINT('',(125.1,-12.32568421935,25.7));
#13310 = VECTOR('',#13311,1.);
#13311 = DIRECTION('',(1.326181163023E-16,-1.,0.));
#13312 = PCURVE('',#13208,#13313);
#13313 = DEFINITIONAL_REPRESENTATION('',(#13314),#13318);
#13314 = LINE('',#13315,#13316);
#13315 = CARTESIAN_POINT('',(-2.9,1.67431578065));
#13316 = VECTOR('',#13317,1.);
#13317 = DIRECTION('',(1.326181163023E-16,-1.));
#13318 = ( GEOMETRIC_REPRESENTATION_CONTEXT(2) 
PARAMETRIC_REPRESENTATION_CONTEXT() REPRESENTATION_CONTEXT('2D SPACE',''
  ) );
#13319 = PCURVE('',#13320,#13325);
#13320 = PLANE('',#13321);
#13321 = AXIS2_PLACEMENT_3D('',#13322,#13323,#13324);
#13322 = CARTESIAN_POINT('',(125.1,-12.32568421935,25.7));
#13323 = DIRECTION('',(1.,1.326181163023E-16,-0.));
#13324 = DIRECTION('',(1.326181163023E-16,-1.,0.));
#13325 = DEFINITIONAL_REPRESENTATION('',(#13326),#13330);
#13326 = LINE('',#13327,#13328);
#13327 = CARTESIAN_POINT('',(0.,0.));
#13328 = VECTOR('',#13329,1.);
#13329 = DIRECTION('',(1.,0.));
#13330 = ( GEOMETRIC_REPRESENTATION_CONTEXT(2) 
PARAMETRIC_REPRESENTATION_CONTEXT() REPRESENTATION_CONTEXT('2D SPACE',''
  ) );
#13331 = ORIENTED_EDGE('',*,*,#13332,.T.);
#13332 = EDGE_CURVE('',#13305,#13333,#13335,.T.);
#13333 = VERTEX_POINT('',#13334);
#13334 = CARTESIAN_POINT('',(128.,-17.3486315613,25.7));
#13335 = SURFACE_CURVE('',#13336,(#13340,#13347),.PCURVE_S1.);
#13336 = LINE('',#13337,#13338);
#13337 = CARTESIAN_POINT('',(125.1,-15.67431578065,25.7));
#13338 = VECTOR('',#13339,1.);
#13339 = DIRECTION('',(0.866025403784,-0.5,0.));
#13340 = PCURVE('',#13208,#13341);
#13341 = DEFINITIONAL_REPRESENTATION('',(#13342),#13346);
#13342 = LINE('',#13343,#13344);
#13343 = CARTESIAN_POINT('',(-2.9,-1.67431578065));
#13344 = VECTOR('',#13345,1.);
#13345 = DIRECTION('',(0.866025403784,-0.5));
#13346 = ( GEOMETRIC_REPRESENTATION_CONTEXT(2) 
PARAMETRIC_REPRESENTATION_CONTEXT() REPRESENTATION_CONTEXT('2D SPACE',''
  ) );
#13347 = PCURVE('',#13348,#13353);
#13348 = PLANE('',#13349);
#13349 = AXIS2_PLACEMENT_3D('',#13350,#13351,#13352);
#13350 = CARTESIAN_POINT('',(125.1,-15.67431578065,25.7));
#13351 = DIRECTION('',(0.5,0.866025403784,-0.));
#13352 = DIRECTION('',(0.866025403784,-0.5,0.));
#13353 = DEFINITIONAL_REPRESENTATION('',(#13354),#13358);
#13354 = LINE('',#13355,#13356);
#13355 = CARTESIAN_POINT('',(0.,0.));
#13356 = VECTOR('',#13357,1.);
#13357 = DIRECTION('',(1.,0.));
#13358 = ( GEOMETRIC_REPRESENTATION_CONTEXT(2) 
PARAMETRIC_REPRESENTATION_CONTEXT() REPRESENTATION_CONTEXT('2D SPACE',''
  ) );
#13359 = ORIENTED_EDGE('',*,*,#13360,.T.);
#13360 = EDGE_CURVE('',#13333,#13361,#13363,.T.);
#13361 = VERTEX_POINT('',#13362);
#13362 = CARTESIAN_POINT('',(130.9,-15.67431578065,25.7));
#13363 = SURFACE_CURVE('',#13364,(#13368,#13375),.PCURVE_S1.);
#13364 = LINE('',#13365,#13366);
#13365 = CARTESIAN_POINT('',(128.,-17.3486315613,25.7));
#13366 = VECTOR('',#13367,1.);
#13367 = DIRECTION('',(0.866025403784,0.5,0.));
#13368 = PCURVE('',#13208,#13369);
#13369 = DEFINITIONAL_REPRESENTATION('',(#13370),#13374);
#13370 = LINE('',#13371,#13372);
#13371 = CARTESIAN_POINT('',(0.,-3.3486315613));
#13372 = VECTOR('',#13373,1.);
#13373 = DIRECTION('',(0.866025403784,0.5));
#13374 = ( GEOMETRIC_REPRESENTATION_CONTEXT(2) 
PARAMETRIC_REPRESENTATION_CONTEXT() REPRESENTATION_CONTEXT('2D SPACE',''
  ) );
#13375 = PCURVE('',#13376,#13381);
#13376 = PLANE('',#13377);
#13377 = AXIS2_PLACEMENT_3D('',#13378,#13379,#13380);
#13378 = CARTESIAN_POINT('',(128.,-17.3486315613,25.7));
#13379 = DIRECTION('',(-0.5,0.866025403784,0.));
#13380 = DIRECTION('',(0.866025403784,0.5,0.));
#13381 = DEFINITIONAL_REPRESENTATION('',(#13382),#13386);
#13382 = LINE('',#13383,#13384);
#13383 = CARTESIAN_POINT('',(0.,0.));
#13384 = VECTOR('',#13385,1.);
#13385 = DIRECTION('',(1.,0.));
#13386 = ( GEOMETRIC_REPRESENTATION_CONTEXT(2) 
PARAMETRIC_REPRESENTATION_CONTEXT() REPRESENTATION_CONTEXT('2D SPACE',''
  ) );
#13387 = ORIENTED_EDGE('',*,*,#13388,.T.);
#13388 = EDGE_CURVE('',#13361,#13247,#13389,.T.);
#13389 = SURFACE_CURVE('',#13390,(#13394,#13401),.PCURVE_S1.);
#13390 = LINE('',#13391,#13392);
#13391 = CARTESIAN_POINT('',(130.9,-15.67431578065,25.7));
#13392 = VECTOR('',#13393,1.);
#13393 = DIRECTION('',(3.978543489069E-16,1.,0.));
#13394 = PCURVE('',#13208,#13395);
#13395 = DEFINITIONAL_REPRESENTATION('',(#13396),#13400);
#13396 = LINE('',#13397,#13398);
#13397 = CARTESIAN_POINT('',(2.9,-1.67431578065));
#13398 = VECTOR('',#13399,1.);
#13399 = DIRECTION('',(3.978543489069E-16,1.));
#13400 = ( GEOMETRIC_REPRESENTATION_CONTEXT(2) 
PARAMETRIC_REPRESENTATION_CONTEXT() REPRESENTATION_CONTEXT('2D SPACE',''
  ) );
#13401 = PCURVE('',#13402,#13407);
#13402 = PLANE('',#13403);
#13403 = AXIS2_PLACEMENT_3D('',#13404,#13405,#13406);
#13404 = CARTESIAN_POINT('',(130.9,-15.67431578065,25.7));
#13405 = DIRECTION('',(-1.,3.978543489069E-16,0.));
#13406 = DIRECTION('',(3.978543489069E-16,1.,0.));
#13407 = DEFINITIONAL_REPRESENTATION('',(#13408),#13412);
#13408 = LINE('',#13409,#13410);
#13409 = CARTESIAN_POINT('',(0.,0.));
#13410 = VECTOR('',#13411,1.);
#13411 = DIRECTION('',(1.,0.));
#13412 = ( GEOMETRIC_REPRESENTATION_CONTEXT(2) 
PARAMETRIC_REPRESENTATION_CONTEXT() REPRESENTATION_CONTEXT('2D SPACE',''
  ) );
#13413 = FACE_BOUND('',#13414,.T.);
#13414 = EDGE_LOOP('',(#13415));
#13415 = ORIENTED_EDGE('',*,*,#13191,.F.);
#13416 = ADVANCED_FACE('',(#13417),#13348,.T.);
#13417 = FACE_BOUND('',#13418,.T.);
#13418 = EDGE_LOOP('',(#13419,#13420,#13443,#13466));
#13419 = ORIENTED_EDGE('',*,*,#13332,.F.);
#13420 = ORIENTED_EDGE('',*,*,#13421,.T.);
#13421 = EDGE_CURVE('',#13305,#13422,#13424,.T.);
#13422 = VERTEX_POINT('',#13423);
#13423 = CARTESIAN_POINT('',(125.1,-15.67431578065,28.3));
#13424 = SURFACE_CURVE('',#13425,(#13429,#13436),.PCURVE_S1.);
#13425 = LINE('',#13426,#13427);
#13426 = CARTESIAN_POINT('',(125.1,-15.67431578065,25.7));
#13427 = VECTOR('',#13428,1.);
#13428 = DIRECTION('',(0.,0.,1.));
#13429 = PCURVE('',#13348,#13430);
#13430 = DEFINITIONAL_REPRESENTATION('',(#13431),#13435);
#13431 = LINE('',#13432,#13433);
#13432 = CARTESIAN_POINT('',(0.,0.));
#13433 = VECTOR('',#13434,1.);
#13434 = DIRECTION('',(0.,-1.));
#13435 = ( GEOMETRIC_REPRESENTATION_CONTEXT(2) 
PARAMETRIC_REPRESENTATION_CONTEXT() REPRESENTATION_CONTEXT('2D SPACE',''
  ) );
#13436 = PCURVE('',#13320,#13437);
#13437 = DEFINITIONAL_REPRESENTATION('',(#13438),#13442);
#13438 = LINE('',#13439,#13440);
#13439 = CARTESIAN_POINT('',(3.3486315613,0.));
#13440 = VECTOR('',#13441,1.);
#13441 = DIRECTION('',(0.,-1.));
#13442 = ( GEOMETRIC_REPRESENTATION_CONTEXT(2) 
PARAMETRIC_REPRESENTATION_CONTEXT() REPRESENTATION_CONTEXT('2D SPACE',''
  ) );
#13443 = ORIENTED_EDGE('',*,*,#13444,.F.);
#13444 = EDGE_CURVE('',#13445,#13422,#13447,.T.);
#13445 = VERTEX_POINT('',#13446);
#13446 = CARTESIAN_POINT('',(128.,-17.3486315613,28.3));
#13447 = SURFACE_CURVE('',#13448,(#13452,#13459),.PCURVE_S1.);
#13448 = LINE('',#13449,#13450);
#13449 = CARTESIAN_POINT('',(124.57259526419,-15.36981851445,28.3));
#13450 = VECTOR('',#13451,1.);
#13451 = DIRECTION('',(-0.866025403784,0.5,0.));
#13452 = PCURVE('',#13348,#13453);
#13453 = DEFINITIONAL_REPRESENTATION('',(#13454),#13458);
#13454 = LINE('',#13455,#13456);
#13455 = CARTESIAN_POINT('',(-0.608994532382,-2.6));
#13456 = VECTOR('',#13457,1.);
#13457 = DIRECTION('',(-1.,-0.));
#13458 = ( GEOMETRIC_REPRESENTATION_CONTEXT(2) 
PARAMETRIC_REPRESENTATION_CONTEXT() REPRESENTATION_CONTEXT('2D SPACE',''
  ) );
#13459 = PCURVE('',#12515,#13460);
#13460 = DEFINITIONAL_REPRESENTATION('',(#13461),#13465);
#13461 = LINE('',#13462,#13463);
#13462 = CARTESIAN_POINT('',(8.572595264192,13.630181485541));
#13463 = VECTOR('',#13464,1.);
#13464 = DIRECTION('',(-0.866025403784,0.5));
#13465 = ( GEOMETRIC_REPRESENTATION_CONTEXT(2) 
PARAMETRIC_REPRESENTATION_CONTEXT() REPRESENTATION_CONTEXT('2D SPACE',''
  ) );
#13466 = ORIENTED_EDGE('',*,*,#13467,.F.);
#13467 = EDGE_CURVE('',#13333,#13445,#13468,.T.);
#13468 = SURFACE_CURVE('',#13469,(#13473,#13480),.PCURVE_S1.);
#13469 = LINE('',#13470,#13471);
#13470 = CARTESIAN_POINT('',(128.,-17.3486315613,25.7));
#13471 = VECTOR('',#13472,1.);
#13472 = DIRECTION('',(0.,0.,1.));
#13473 = PCURVE('',#13348,#13474);
#13474 = DEFINITIONAL_REPRESENTATION('',(#13475),#13479);
#13475 = LINE('',#13476,#13477);
#13476 = CARTESIAN_POINT('',(3.3486315613,0.));
#13477 = VECTOR('',#13478,1.);
#13478 = DIRECTION('',(0.,-1.));
#13479 = ( GEOMETRIC_REPRESENTATION_CONTEXT(2) 
PARAMETRIC_REPRESENTATION_CONTEXT() REPRESENTATION_CONTEXT('2D SPACE',''
  ) );
#13480 = PCURVE('',#13376,#13481);
#13481 = DEFINITIONAL_REPRESENTATION('',(#13482),#13486);
#13482 = LINE('',#13483,#13484);
#13483 = CARTESIAN_POINT('',(0.,0.));
#13484 = VECTOR('',#13485,1.);
#13485 = DIRECTION('',(0.,-1.));
#13486 = ( GEOMETRIC_REPRESENTATION_CONTEXT(2) 
PARAMETRIC_REPRESENTATION_CONTEXT() REPRESENTATION_CONTEXT('2D SPACE',''
  ) );
#13487 = ADVANCED_FACE('',(#13488),#13320,.T.);
#13488 = FACE_BOUND('',#13489,.T.);
#13489 = EDGE_LOOP('',(#13490,#13491,#13514,#13535));
#13490 = ORIENTED_EDGE('',*,*,#13304,.F.);
#13491 = ORIENTED_EDGE('',*,*,#13492,.T.);
#13492 = EDGE_CURVE('',#13277,#13493,#13495,.T.);
#13493 = VERTEX_POINT('',#13494);
#13494 = CARTESIAN_POINT('',(125.1,-12.32568421935,28.3));
#13495 = SURFACE_CURVE('',#13496,(#13500,#13507),.PCURVE_S1.);
#13496 = LINE('',#13497,#13498);
#13497 = CARTESIAN_POINT('',(125.1,-12.32568421935,25.7));
#13498 = VECTOR('',#13499,1.);
#13499 = DIRECTION('',(0.,0.,1.));
#13500 = PCURVE('',#13320,#13501);
#13501 = DEFINITIONAL_REPRESENTATION('',(#13502),#13506);
#13502 = LINE('',#13503,#13504);
#13503 = CARTESIAN_POINT('',(0.,0.));
#13504 = VECTOR('',#13505,1.);
#13505 = DIRECTION('',(0.,-1.));
#13506 = ( GEOMETRIC_REPRESENTATION_CONTEXT(2) 
PARAMETRIC_REPRESENTATION_CONTEXT() REPRESENTATION_CONTEXT('2D SPACE',''
  ) );
#13507 = PCURVE('',#13292,#13508);
#13508 = DEFINITIONAL_REPRESENTATION('',(#13509),#13513);
#13509 = LINE('',#13510,#13511);
#13510 = CARTESIAN_POINT('',(3.3486315613,0.));
#13511 = VECTOR('',#13512,1.);
#13512 = DIRECTION('',(0.,-1.));
#13513 = ( GEOMETRIC_REPRESENTATION_CONTEXT(2) 
PARAMETRIC_REPRESENTATION_CONTEXT() REPRESENTATION_CONTEXT('2D SPACE',''
  ) );
#13514 = ORIENTED_EDGE('',*,*,#13515,.F.);
#13515 = EDGE_CURVE('',#13422,#13493,#13516,.T.);
#13516 = SURFACE_CURVE('',#13517,(#13521,#13528),.PCURVE_S1.);
#13517 = LINE('',#13518,#13519);
#13518 = CARTESIAN_POINT('',(125.1,-20.66284210967,28.3));
#13519 = VECTOR('',#13520,1.);
#13520 = DIRECTION('',(-1.326181163023E-16,1.,0.));
#13521 = PCURVE('',#13320,#13522);
#13522 = DEFINITIONAL_REPRESENTATION('',(#13523),#13527);
#13523 = LINE('',#13524,#13525);
#13524 = CARTESIAN_POINT('',(8.337157890325,-2.6));
#13525 = VECTOR('',#13526,1.);
#13526 = DIRECTION('',(-1.,-0.));
#13527 = ( GEOMETRIC_REPRESENTATION_CONTEXT(2) 
PARAMETRIC_REPRESENTATION_CONTEXT() REPRESENTATION_CONTEXT('2D SPACE',''
  ) );
#13528 = PCURVE('',#12515,#13529);
#13529 = DEFINITIONAL_REPRESENTATION('',(#13530),#13534);
#13530 = LINE('',#13531,#13532);
#13531 = CARTESIAN_POINT('',(9.1,8.337157890325));
#13532 = VECTOR('',#13533,1.);
#13533 = DIRECTION('',(-1.326181163023E-16,1.));
#13534 = ( GEOMETRIC_REPRESENTATION_CONTEXT(2) 
PARAMETRIC_REPRESENTATION_CONTEXT() REPRESENTATION_CONTEXT('2D SPACE',''
  ) );
#13535 = ORIENTED_EDGE('',*,*,#13421,.F.);
#13536 = ADVANCED_FACE('',(#13537),#13376,.T.);
#13537 = FACE_BOUND('',#13538,.T.);
#13538 = EDGE_LOOP('',(#13539,#13540,#13541,#13564));
#13539 = ORIENTED_EDGE('',*,*,#13360,.F.);
#13540 = ORIENTED_EDGE('',*,*,#13467,.T.);
#13541 = ORIENTED_EDGE('',*,*,#13542,.F.);
#13542 = EDGE_CURVE('',#13543,#13445,#13545,.T.);
#13543 = VERTEX_POINT('',#13544);
#13544 = CARTESIAN_POINT('',(130.9,-15.67431578065,28.3));
#13545 = SURFACE_CURVE('',#13546,(#13550,#13557),.PCURVE_S1.);
#13546 = LINE('',#13547,#13548);
#13547 = CARTESIAN_POINT('',(120.9774047358,-21.40312882749,28.3));
#13548 = VECTOR('',#13549,1.);
#13549 = DIRECTION('',(-0.866025403784,-0.5,0.));
#13550 = PCURVE('',#13376,#13551);
#13551 = DEFINITIONAL_REPRESENTATION('',(#13552),#13556);
#13552 = LINE('',#13553,#13554);
#13553 = CARTESIAN_POINT('',(-8.108994532382,-2.6));
#13554 = VECTOR('',#13555,1.);
#13555 = DIRECTION('',(-1.,-0.));
#13556 = ( GEOMETRIC_REPRESENTATION_CONTEXT(2) 
PARAMETRIC_REPRESENTATION_CONTEXT() REPRESENTATION_CONTEXT('2D SPACE',''
  ) );
#13557 = PCURVE('',#12515,#13558);
#13558 = DEFINITIONAL_REPRESENTATION('',(#13559),#13563);
#13559 = LINE('',#13560,#13561);
#13560 = CARTESIAN_POINT('',(4.977404735808,7.596871172509));
#13561 = VECTOR('',#13562,1.);
#13562 = DIRECTION('',(-0.866025403784,-0.5));
#13563 = ( GEOMETRIC_REPRESENTATION_CONTEXT(2) 
PARAMETRIC_REPRESENTATION_CONTEXT() REPRESENTATION_CONTEXT('2D SPACE',''
  ) );
#13564 = ORIENTED_EDGE('',*,*,#13565,.F.);
#13565 = EDGE_CURVE('',#13361,#13543,#13566,.T.);
#13566 = SURFACE_CURVE('',#13567,(#13571,#13578),.PCURVE_S1.);
#13567 = LINE('',#13568,#13569);
#13568 = CARTESIAN_POINT('',(130.9,-15.67431578065,25.7));
#13569 = VECTOR('',#13570,1.);
#13570 = DIRECTION('',(0.,0.,1.));
#13571 = PCURVE('',#13376,#13572);
#13572 = DEFINITIONAL_REPRESENTATION('',(#13573),#13577);
#13573 = LINE('',#13574,#13575);
#13574 = CARTESIAN_POINT('',(3.3486315613,0.));
#13575 = VECTOR('',#13576,1.);
#13576 = DIRECTION('',(0.,-1.));
#13577 = ( GEOMETRIC_REPRESENTATION_CONTEXT(2) 
PARAMETRIC_REPRESENTATION_CONTEXT() REPRESENTATION_CONTEXT('2D SPACE',''
  ) );
#13578 = PCURVE('',#13402,#13579);
#13579 = DEFINITIONAL_REPRESENTATION('',(#13580),#13584);
#13580 = LINE('',#13581,#13582);
#13581 = CARTESIAN_POINT('',(0.,0.));
#13582 = VECTOR('',#13583,1.);
#13583 = DIRECTION('',(0.,-1.));
#13584 = ( GEOMETRIC_REPRESENTATION_CONTEXT(2) 
PARAMETRIC_REPRESENTATION_CONTEXT() REPRESENTATION_CONTEXT('2D SPACE',''
  ) );
#13585 = ADVANCED_FACE('',(#13586),#13292,.T.);
#13586 = FACE_BOUND('',#13587,.T.);
#13587 = EDGE_LOOP('',(#13588,#13589,#13612,#13633));
#13588 = ORIENTED_EDGE('',*,*,#13276,.F.);
#13589 = ORIENTED_EDGE('',*,*,#13590,.T.);
#13590 = EDGE_CURVE('',#13249,#13591,#13593,.T.);
#13591 = VERTEX_POINT('',#13592);
#13592 = CARTESIAN_POINT('',(128.,-10.6513684387,28.3));
#13593 = SURFACE_CURVE('',#13594,(#13598,#13605),.PCURVE_S1.);
#13594 = LINE('',#13595,#13596);
#13595 = CARTESIAN_POINT('',(128.,-10.6513684387,25.7));
#13596 = VECTOR('',#13597,1.);
#13597 = DIRECTION('',(0.,0.,1.));
#13598 = PCURVE('',#13292,#13599);
#13599 = DEFINITIONAL_REPRESENTATION('',(#13600),#13604);
#13600 = LINE('',#13601,#13602);
#13601 = CARTESIAN_POINT('',(0.,0.));
#13602 = VECTOR('',#13603,1.);
#13603 = DIRECTION('',(0.,-1.));
#13604 = ( GEOMETRIC_REPRESENTATION_CONTEXT(2) 
PARAMETRIC_REPRESENTATION_CONTEXT() REPRESENTATION_CONTEXT('2D SPACE',''
  ) );
#13605 = PCURVE('',#13264,#13606);
#13606 = DEFINITIONAL_REPRESENTATION('',(#13607),#13611);
#13607 = LINE('',#13608,#13609);
#13608 = CARTESIAN_POINT('',(3.3486315613,0.));
#13609 = VECTOR('',#13610,1.);
#13610 = DIRECTION('',(0.,-1.));
#13611 = ( GEOMETRIC_REPRESENTATION_CONTEXT(2) 
PARAMETRIC_REPRESENTATION_CONTEXT() REPRESENTATION_CONTEXT('2D SPACE',''
  ) );
#13612 = ORIENTED_EDGE('',*,*,#13613,.F.);
#13613 = EDGE_CURVE('',#13493,#13591,#13614,.T.);
#13614 = SURFACE_CURVE('',#13615,(#13619,#13626),.PCURVE_S1.);
#13615 = LINE('',#13616,#13617);
#13616 = CARTESIAN_POINT('',(119.5274047358,-15.54302359521,28.3));
#13617 = VECTOR('',#13618,1.);
#13618 = DIRECTION('',(0.866025403784,0.5,-0.));
#13619 = PCURVE('',#13292,#13620);
#13620 = DEFINITIONAL_REPRESENTATION('',(#13621),#13625);
#13621 = LINE('',#13622,#13623);
#13622 = CARTESIAN_POINT('',(9.783310313032,-2.6));
#13623 = VECTOR('',#13624,1.);
#13624 = DIRECTION('',(-1.,0.));
#13625 = ( GEOMETRIC_REPRESENTATION_CONTEXT(2) 
PARAMETRIC_REPRESENTATION_CONTEXT() REPRESENTATION_CONTEXT('2D SPACE',''
  ) );
#13626 = PCURVE('',#12515,#13627);
#13627 = DEFINITIONAL_REPRESENTATION('',(#13628),#13632);
#13628 = LINE('',#13629,#13630);
#13629 = CARTESIAN_POINT('',(3.527404735808,13.456976404784));
#13630 = VECTOR('',#13631,1.);
#13631 = DIRECTION('',(0.866025403784,0.5));
#13632 = ( GEOMETRIC_REPRESENTATION_CONTEXT(2) 
PARAMETRIC_REPRESENTATION_CONTEXT() REPRESENTATION_CONTEXT('2D SPACE',''
  ) );
#13633 = ORIENTED_EDGE('',*,*,#13492,.F.);
#13634 = ADVANCED_FACE('',(#13635),#13402,.T.);
#13635 = FACE_BOUND('',#13636,.T.);
#13636 = EDGE_LOOP('',(#13637,#13638,#13639,#13662));
#13637 = ORIENTED_EDGE('',*,*,#13388,.F.);
#13638 = ORIENTED_EDGE('',*,*,#13565,.T.);
#13639 = ORIENTED_EDGE('',*,*,#13640,.F.);
#13640 = EDGE_CURVE('',#13641,#13543,#13643,.T.);
#13641 = VERTEX_POINT('',#13642);
#13642 = CARTESIAN_POINT('',(130.9,-12.32568421935,28.3));
#13643 = SURFACE_CURVE('',#13644,(#13648,#13655),.PCURVE_S1.);
#13644 = LINE('',#13645,#13646);
#13645 = CARTESIAN_POINT('',(130.9,-22.33715789032,28.3));
#13646 = VECTOR('',#13647,1.);
#13647 = DIRECTION('',(-3.978543489069E-16,-1.,0.));
#13648 = PCURVE('',#13402,#13649);
#13649 = DEFINITIONAL_REPRESENTATION('',(#13650),#13654);
#13650 = LINE('',#13651,#13652);
#13651 = CARTESIAN_POINT('',(-6.662842109675,-2.6));
#13652 = VECTOR('',#13653,1.);
#13653 = DIRECTION('',(-1.,-0.));
#13654 = ( GEOMETRIC_REPRESENTATION_CONTEXT(2) 
PARAMETRIC_REPRESENTATION_CONTEXT() REPRESENTATION_CONTEXT('2D SPACE',''
  ) );
#13655 = PCURVE('',#12515,#13656);
#13656 = DEFINITIONAL_REPRESENTATION('',(#13657),#13661);
#13657 = LINE('',#13658,#13659);
#13658 = CARTESIAN_POINT('',(14.9,6.662842109675));
#13659 = VECTOR('',#13660,1.);
#13660 = DIRECTION('',(-3.978543489069E-16,-1.));
#13661 = ( GEOMETRIC_REPRESENTATION_CONTEXT(2) 
PARAMETRIC_REPRESENTATION_CONTEXT() REPRESENTATION_CONTEXT('2D SPACE',''
  ) );
#13662 = ORIENTED_EDGE('',*,*,#13663,.F.);
#13663 = EDGE_CURVE('',#13247,#13641,#13664,.T.);
#13664 = SURFACE_CURVE('',#13665,(#13669,#13676),.PCURVE_S1.);
#13665 = LINE('',#13666,#13667);
#13666 = CARTESIAN_POINT('',(130.9,-12.32568421935,25.7));
#13667 = VECTOR('',#13668,1.);
#13668 = DIRECTION('',(0.,0.,1.));
#13669 = PCURVE('',#13402,#13670);
#13670 = DEFINITIONAL_REPRESENTATION('',(#13671),#13675);
#13671 = LINE('',#13672,#13673);
#13672 = CARTESIAN_POINT('',(3.3486315613,0.));
#13673 = VECTOR('',#13674,1.);
#13674 = DIRECTION('',(0.,-1.));
#13675 = ( GEOMETRIC_REPRESENTATION_CONTEXT(2) 
PARAMETRIC_REPRESENTATION_CONTEXT() REPRESENTATION_CONTEXT('2D SPACE',''
  ) );
#13676 = PCURVE('',#13264,#13677);
#13677 = DEFINITIONAL_REPRESENTATION('',(#13678),#13682);
#13678 = LINE('',#13679,#13680);
#13679 = CARTESIAN_POINT('',(0.,0.));
#13680 = VECTOR('',#13681,1.);
#13681 = DIRECTION('',(0.,-1.));
#13682 = ( GEOMETRIC_REPRESENTATION_CONTEXT(2) 
PARAMETRIC_REPRESENTATION_CONTEXT() REPRESENTATION_CONTEXT('2D SPACE',''
  ) );
#13683 = ADVANCED_FACE('',(#13684),#13264,.T.);
#13684 = FACE_BOUND('',#13685,.T.);
#13685 = EDGE_LOOP('',(#13686,#13687,#13688,#13709));
#13686 = ORIENTED_EDGE('',*,*,#13246,.F.);
#13687 = ORIENTED_EDGE('',*,*,#13663,.T.);
#13688 = ORIENTED_EDGE('',*,*,#13689,.F.);
#13689 = EDGE_CURVE('',#13591,#13641,#13690,.T.);
#13690 = SURFACE_CURVE('',#13691,(#13695,#13702),.PCURVE_S1.);
#13691 = LINE('',#13692,#13693);
#13692 = CARTESIAN_POINT('',(128.92259526419,-11.18402906283,28.3));
#13693 = VECTOR('',#13694,1.);
#13694 = DIRECTION('',(0.866025403784,-0.5,0.));
#13695 = PCURVE('',#13264,#13696);
#13696 = DEFINITIONAL_REPRESENTATION('',(#13697),#13701);
#13697 = LINE('',#13698,#13699);
#13698 = CARTESIAN_POINT('',(2.283310313032,-2.6));
#13699 = VECTOR('',#13700,1.);
#13700 = DIRECTION('',(-1.,-0.));
#13701 = ( GEOMETRIC_REPRESENTATION_CONTEXT(2) 
PARAMETRIC_REPRESENTATION_CONTEXT() REPRESENTATION_CONTEXT('2D SPACE',''
  ) );
#13702 = PCURVE('',#12515,#13703);
#13703 = DEFINITIONAL_REPRESENTATION('',(#13704),#13708);
#13704 = LINE('',#13705,#13706);
#13705 = CARTESIAN_POINT('',(12.922595264192,17.815970937166));
#13706 = VECTOR('',#13707,1.);
#13707 = DIRECTION('',(0.866025403784,-0.5));
#13708 = ( GEOMETRIC_REPRESENTATION_CONTEXT(2) 
PARAMETRIC_REPRESENTATION_CONTEXT() REPRESENTATION_CONTEXT('2D SPACE',''
  ) );
#13709 = ORIENTED_EDGE('',*,*,#13590,.F.);
#13710 = ADVANCED_FACE('',(#13711),#12570,.T.);
#13711 = FACE_BOUND('',#13712,.T.);
#13712 = EDGE_LOOP('',(#13713,#13736,#13737,#13760));
#13713 = ORIENTED_EDGE('',*,*,#13714,.F.);
#13714 = EDGE_CURVE('',#12532,#13715,#13717,.T.);
#13715 = VERTEX_POINT('',#13716);
#13716 = CARTESIAN_POINT('',(140.,-29.,28.3));
#13717 = SURFACE_CURVE('',#13718,(#13722,#13729),.PCURVE_S1.);
#13718 = LINE('',#13719,#13720);
#13719 = CARTESIAN_POINT('',(140.,-29.,23.3));
#13720 = VECTOR('',#13721,1.);
#13721 = DIRECTION('',(0.,0.,1.));
#13722 = PCURVE('',#12570,#13723);
#13723 = DEFINITIONAL_REPRESENTATION('',(#13724),#13728);
#13724 = LINE('',#13725,#13726);
#13725 = CARTESIAN_POINT('',(0.,0.));
#13726 = VECTOR('',#13727,1.);
#13727 = DIRECTION('',(1.,0.));
#13728 = ( GEOMETRIC_REPRESENTATION_CONTEXT(2) 
PARAMETRIC_REPRESENTATION_CONTEXT() REPRESENTATION_CONTEXT('2D SPACE',''
  ) );
#13729 = PCURVE('',#12433,#13730);
#13730 = DEFINITIONAL_REPRESENTATION('',(#13731),#13735);
#13731 = LINE('',#13732,#13733);
#13732 = CARTESIAN_POINT('',(0.,24.));
#13733 = VECTOR('',#13734,1.);
#13734 = DIRECTION('',(1.,0.));
#13735 = ( GEOMETRIC_REPRESENTATION_CONTEXT(2) 
PARAMETRIC_REPRESENTATION_CONTEXT() REPRESENTATION_CONTEXT('2D SPACE',''
  ) );
#13736 = ORIENTED_EDGE('',*,*,#12554,.T.);
#13737 = ORIENTED_EDGE('',*,*,#13738,.T.);
#13738 = EDGE_CURVE('',#12555,#13739,#13741,.T.);
#13739 = VERTEX_POINT('',#13740);
#13740 = CARTESIAN_POINT('',(140.,29.,28.3));
#13741 = SURFACE_CURVE('',#13742,(#13746,#13753),.PCURVE_S1.);
#13742 = LINE('',#13743,#13744);
#13743 = CARTESIAN_POINT('',(140.,29.,23.3));
#13744 = VECTOR('',#13745,1.);
#13745 = DIRECTION('',(0.,0.,1.));
#13746 = PCURVE('',#12570,#13747);
#13747 = DEFINITIONAL_REPRESENTATION('',(#13748),#13752);
#13748 = LINE('',#13749,#13750);
#13749 = CARTESIAN_POINT('',(0.,-58.));
#13750 = VECTOR('',#13751,1.);
#13751 = DIRECTION('',(1.,0.));
#13752 = ( GEOMETRIC_REPRESENTATION_CONTEXT(2) 
PARAMETRIC_REPRESENTATION_CONTEXT() REPRESENTATION_CONTEXT('2D SPACE',''
  ) );
#13753 = PCURVE('',#12489,#13754);
#13754 = DEFINITIONAL_REPRESENTATION('',(#13755),#13759);
#13755 = LINE('',#13756,#13757);
#13756 = CARTESIAN_POINT('',(0.,24.));
#13757 = VECTOR('',#13758,1.);
#13758 = DIRECTION('',(1.,0.));
#13759 = ( GEOMETRIC_REPRESENTATION_CONTEXT(2) 
PARAMETRIC_REPRESENTATION_CONTEXT() REPRESENTATION_CONTEXT('2D SPACE',''
  ) );
#13760 = ORIENTED_EDGE('',*,*,#13761,.F.);
#13761 = EDGE_CURVE('',#13715,#13739,#13762,.T.);
#13762 = SURFACE_CURVE('',#13763,(#13767,#13774),.PCURVE_S1.);
#13763 = LINE('',#13764,#13765);
#13764 = CARTESIAN_POINT('',(140.,-29.,28.3));
#13765 = VECTOR('',#13766,1.);
#13766 = DIRECTION('',(0.,1.,0.));
#13767 = PCURVE('',#12570,#13768);
#13768 = DEFINITIONAL_REPRESENTATION('',(#13769),#13773);
#13769 = LINE('',#13770,#13771);
#13770 = CARTESIAN_POINT('',(5.,0.));
#13771 = VECTOR('',#13772,1.);
#13772 = DIRECTION('',(0.,-1.));
#13773 = ( GEOMETRIC_REPRESENTATION_CONTEXT(2) 
PARAMETRIC_REPRESENTATION_CONTEXT() REPRESENTATION_CONTEXT('2D SPACE',''
  ) );
#13774 = PCURVE('',#12515,#13775);
#13775 = DEFINITIONAL_REPRESENTATION('',(#13776),#13780);
#13776 = LINE('',#13777,#13778);
#13777 = CARTESIAN_POINT('',(24.,0.));
#13778 = VECTOR('',#13779,1.);
#13779 = DIRECTION('',(0.,1.));
#13780 = ( GEOMETRIC_REPRESENTATION_CONTEXT(2) 
PARAMETRIC_REPRESENTATION_CONTEXT() REPRESENTATION_CONTEXT('2D SPACE',''
  ) );
#13781 = ADVANCED_FACE('',(#13782),#12489,.T.);
#13782 = FACE_BOUND('',#13783,.T.);
#13783 = EDGE_LOOP('',(#13784,#13785,#13786,#13787,#13810,#13838,#13866,
    #13894));
#13784 = ORIENTED_EDGE('',*,*,#13738,.F.);
#13785 = ORIENTED_EDGE('',*,*,#12582,.F.);
#13786 = ORIENTED_EDGE('',*,*,#12473,.T.);
#13787 = ORIENTED_EDGE('',*,*,#13788,.T.);
#13788 = EDGE_CURVE('',#12474,#13789,#13791,.T.);
#13789 = VERTEX_POINT('',#13790);
#13790 = CARTESIAN_POINT('',(128.,29.,28.3));
#13791 = SURFACE_CURVE('',#13792,(#13796,#13803),.PCURVE_S1.);
#13792 = LINE('',#13793,#13794);
#13793 = CARTESIAN_POINT('',(116.,29.,28.3));
#13794 = VECTOR('',#13795,1.);
#13795 = DIRECTION('',(1.,0.,0.));
#13796 = PCURVE('',#12489,#13797);
#13797 = DEFINITIONAL_REPRESENTATION('',(#13798),#13802);
#13798 = LINE('',#13799,#13800);
#13799 = CARTESIAN_POINT('',(5.,0.));
#13800 = VECTOR('',#13801,1.);
#13801 = DIRECTION('',(0.,1.));
#13802 = ( GEOMETRIC_REPRESENTATION_CONTEXT(2) 
PARAMETRIC_REPRESENTATION_CONTEXT() REPRESENTATION_CONTEXT('2D SPACE',''
  ) );
#13803 = PCURVE('',#12515,#13804);
#13804 = DEFINITIONAL_REPRESENTATION('',(#13805),#13809);
#13805 = LINE('',#13806,#13807);
#13806 = CARTESIAN_POINT('',(0.,58.));
#13807 = VECTOR('',#13808,1.);
#13808 = DIRECTION('',(1.,0.));
#13809 = ( GEOMETRIC_REPRESENTATION_CONTEXT(2) 
PARAMETRIC_REPRESENTATION_CONTEXT() REPRESENTATION_CONTEXT('2D SPACE',''
  ) );
#13810 = ORIENTED_EDGE('',*,*,#13811,.T.);
#13811 = EDGE_CURVE('',#13789,#13812,#13814,.T.);
#13812 = VERTEX_POINT('',#13813);
#13813 = CARTESIAN_POINT('',(128.,29.,55.3));
#13814 = SURFACE_CURVE('',#13815,(#13819,#13826),.PCURVE_S1.);
#13815 = LINE('',#13816,#13817);
#13816 = CARTESIAN_POINT('',(128.,29.,27.3));
#13817 = VECTOR('',#13818,1.);
#13818 = DIRECTION('',(0.,0.,1.));
#13819 = PCURVE('',#12489,#13820);
#13820 = DEFINITIONAL_REPRESENTATION('',(#13821),#13825);
#13821 = LINE('',#13822,#13823);
#13822 = CARTESIAN_POINT('',(4.,12.));
#13823 = VECTOR('',#13824,1.);
#13824 = DIRECTION('',(1.,0.));
#13825 = ( GEOMETRIC_REPRESENTATION_CONTEXT(2) 
PARAMETRIC_REPRESENTATION_CONTEXT() REPRESENTATION_CONTEXT('2D SPACE',''
  ) );
#13826 = PCURVE('',#13827,#13832);
#13827 = PLANE('',#13828);
#13828 = AXIS2_PLACEMENT_3D('',#13829,#13830,#13831);
#13829 = CARTESIAN_POINT('',(128.,21.,27.3));
#13830 = DIRECTION('',(1.,0.,0.));
#13831 = DIRECTION('',(0.,0.,1.));
#13832 = DEFINITIONAL_REPRESENTATION('',(#13833),#13837);
#13833 = LINE('',#13834,#13835);
#13834 = CARTESIAN_POINT('',(0.,-8.));
#13835 = VECTOR('',#13836,1.);
#13836 = DIRECTION('',(1.,0.));
#13837 = ( GEOMETRIC_REPRESENTATION_CONTEXT(2) 
PARAMETRIC_REPRESENTATION_CONTEXT() REPRESENTATION_CONTEXT('2D SPACE',''
  ) );
#13838 = ORIENTED_EDGE('',*,*,#13839,.T.);
#13839 = EDGE_CURVE('',#13812,#13840,#13842,.T.);
#13840 = VERTEX_POINT('',#13841);
#13841 = CARTESIAN_POINT('',(134.,29.,55.3));
#13842 = SURFACE_CURVE('',#13843,(#13847,#13854),.PCURVE_S1.);
#13843 = LINE('',#13844,#13845);
#13844 = CARTESIAN_POINT('',(128.,29.,55.3));
#13845 = VECTOR('',#13846,1.);
#13846 = DIRECTION('',(1.,0.,0.));
#13847 = PCURVE('',#12489,#13848);
#13848 = DEFINITIONAL_REPRESENTATION('',(#13849),#13853);
#13849 = LINE('',#13850,#13851);
#13850 = CARTESIAN_POINT('',(32.,12.));
#13851 = VECTOR('',#13852,1.);
#13852 = DIRECTION('',(0.,1.));
#13853 = ( GEOMETRIC_REPRESENTATION_CONTEXT(2) 
PARAMETRIC_REPRESENTATION_CONTEXT() REPRESENTATION_CONTEXT('2D SPACE',''
  ) );
#13854 = PCURVE('',#13855,#13860);
#13855 = PLANE('',#13856);
#13856 = AXIS2_PLACEMENT_3D('',#13857,#13858,#13859);
#13857 = CARTESIAN_POINT('',(128.,21.,55.3));
#13858 = DIRECTION('',(0.,0.,1.));
#13859 = DIRECTION('',(1.,0.,0.));
#13860 = DEFINITIONAL_REPRESENTATION('',(#13861),#13865);
#13861 = LINE('',#13862,#13863);
#13862 = CARTESIAN_POINT('',(0.,8.));
#13863 = VECTOR('',#13864,1.);
#13864 = DIRECTION('',(1.,0.));
#13865 = ( GEOMETRIC_REPRESENTATION_CONTEXT(2) 
PARAMETRIC_REPRESENTATION_CONTEXT() REPRESENTATION_CONTEXT('2D SPACE',''
  ) );
#13866 = ORIENTED_EDGE('',*,*,#13867,.F.);
#13867 = EDGE_CURVE('',#13868,#13840,#13870,.T.);
#13868 = VERTEX_POINT('',#13869);
#13869 = CARTESIAN_POINT('',(134.,29.,28.3));
#13870 = SURFACE_CURVE('',#13871,(#13875,#13882),.PCURVE_S1.);
#13871 = LINE('',#13872,#13873);
#13872 = CARTESIAN_POINT('',(134.,29.,27.3));
#13873 = VECTOR('',#13874,1.);
#13874 = DIRECTION('',(0.,0.,1.));
#13875 = PCURVE('',#12489,#13876);
#13876 = DEFINITIONAL_REPRESENTATION('',(#13877),#13881);
#13877 = LINE('',#13878,#13879);
#13878 = CARTESIAN_POINT('',(4.,18.));
#13879 = VECTOR('',#13880,1.);
#13880 = DIRECTION('',(1.,0.));
#13881 = ( GEOMETRIC_REPRESENTATION_CONTEXT(2) 
PARAMETRIC_REPRESENTATION_CONTEXT() REPRESENTATION_CONTEXT('2D SPACE',''
  ) );
#13882 = PCURVE('',#13883,#13888);
#13883 = PLANE('',#13884);
#13884 = AXIS2_PLACEMENT_3D('',#13885,#13886,#13887);
#13885 = CARTESIAN_POINT('',(134.,21.,27.3));
#13886 = DIRECTION('',(1.,0.,0.));
#13887 = DIRECTION('',(0.,0.,1.));
#13888 = DEFINITIONAL_REPRESENTATION('',(#13889),#13893);
#13889 = LINE('',#13890,#13891);
#13890 = CARTESIAN_POINT('',(0.,-8.));
#13891 = VECTOR('',#13892,1.);
#13892 = DIRECTION('',(1.,0.));
#13893 = ( GEOMETRIC_REPRESENTATION_CONTEXT(2) 
PARAMETRIC_REPRESENTATION_CONTEXT() REPRESENTATION_CONTEXT('2D SPACE',''
  ) );
#13894 = ORIENTED_EDGE('',*,*,#13895,.T.);
#13895 = EDGE_CURVE('',#13868,#13739,#13896,.T.);
#13896 = SURFACE_CURVE('',#13897,(#13901,#13908),.PCURVE_S1.);
#13897 = LINE('',#13898,#13899);
#13898 = CARTESIAN_POINT('',(116.,29.,28.3));
#13899 = VECTOR('',#13900,1.);
#13900 = DIRECTION('',(1.,0.,0.));
#13901 = PCURVE('',#12489,#13902);
#13902 = DEFINITIONAL_REPRESENTATION('',(#13903),#13907);
#13903 = LINE('',#13904,#13905);
#13904 = CARTESIAN_POINT('',(5.,0.));
#13905 = VECTOR('',#13906,1.);
#13906 = DIRECTION('',(0.,1.));
#13907 = ( GEOMETRIC_REPRESENTATION_CONTEXT(2) 
PARAMETRIC_REPRESENTATION_CONTEXT() REPRESENTATION_CONTEXT('2D SPACE',''
  ) );
#13908 = PCURVE('',#12515,#13909);
#13909 = DEFINITIONAL_REPRESENTATION('',(#13910),#13914);
#13910 = LINE('',#13911,#13912);
#13911 = CARTESIAN_POINT('',(0.,58.));
#13912 = VECTOR('',#13913,1.);
#13913 = DIRECTION('',(1.,0.));
#13914 = ( GEOMETRIC_REPRESENTATION_CONTEXT(2) 
PARAMETRIC_REPRESENTATION_CONTEXT() REPRESENTATION_CONTEXT('2D SPACE',''
  ) );
#13915 = ADVANCED_FACE('',(#13916,#13991),#13883,.T.);
#13916 = FACE_BOUND('',#13917,.T.);
#13917 = EDGE_LOOP('',(#13918,#13948,#13969,#13970));
#13918 = ORIENTED_EDGE('',*,*,#13919,.F.);
#13919 = EDGE_CURVE('',#13920,#13922,#13924,.T.);
#13920 = VERTEX_POINT('',#13921);
#13921 = CARTESIAN_POINT('',(134.,21.,28.3));
#13922 = VERTEX_POINT('',#13923);
#13923 = CARTESIAN_POINT('',(134.,21.,55.3));
#13924 = SURFACE_CURVE('',#13925,(#13929,#13936),.PCURVE_S1.);
#13925 = LINE('',#13926,#13927);
#13926 = CARTESIAN_POINT('',(134.,21.,27.3));
#13927 = VECTOR('',#13928,1.);
#13928 = DIRECTION('',(0.,0.,1.));
#13929 = PCURVE('',#13883,#13930);
#13930 = DEFINITIONAL_REPRESENTATION('',(#13931),#13935);
#13931 = LINE('',#13932,#13933);
#13932 = CARTESIAN_POINT('',(0.,0.));
#13933 = VECTOR('',#13934,1.);
#13934 = DIRECTION('',(1.,0.));
#13935 = ( GEOMETRIC_REPRESENTATION_CONTEXT(2) 
PARAMETRIC_REPRESENTATION_CONTEXT() REPRESENTATION_CONTEXT('2D SPACE',''
  ) );
#13936 = PCURVE('',#13937,#13942);
#13937 = PLANE('',#13938);
#13938 = AXIS2_PLACEMENT_3D('',#13939,#13940,#13941);
#13939 = CARTESIAN_POINT('',(128.,21.,27.3));
#13940 = DIRECTION('',(0.,1.,0.));
#13941 = DIRECTION('',(0.,0.,1.));
#13942 = DEFINITIONAL_REPRESENTATION('',(#13943),#13947);
#13943 = LINE('',#13944,#13945);
#13944 = CARTESIAN_POINT('',(0.,6.));
#13945 = VECTOR('',#13946,1.);
#13946 = DIRECTION('',(1.,0.));
#13947 = ( GEOMETRIC_REPRESENTATION_CONTEXT(2) 
PARAMETRIC_REPRESENTATION_CONTEXT() REPRESENTATION_CONTEXT('2D SPACE',''
  ) );
#13948 = ORIENTED_EDGE('',*,*,#13949,.T.);
#13949 = EDGE_CURVE('',#13920,#13868,#13950,.T.);
#13950 = SURFACE_CURVE('',#13951,(#13955,#13962),.PCURVE_S1.);
#13951 = LINE('',#13952,#13953);
#13952 = CARTESIAN_POINT('',(134.,-4.,28.3));
#13953 = VECTOR('',#13954,1.);
#13954 = DIRECTION('',(0.,1.,0.));
#13955 = PCURVE('',#13883,#13956);
#13956 = DEFINITIONAL_REPRESENTATION('',(#13957),#13961);
#13957 = LINE('',#13958,#13959);
#13958 = CARTESIAN_POINT('',(1.,25.));
#13959 = VECTOR('',#13960,1.);
#13960 = DIRECTION('',(0.,-1.));
#13961 = ( GEOMETRIC_REPRESENTATION_CONTEXT(2) 
PARAMETRIC_REPRESENTATION_CONTEXT() REPRESENTATION_CONTEXT('2D SPACE',''
  ) );
#13962 = PCURVE('',#12515,#13963);
#13963 = DEFINITIONAL_REPRESENTATION('',(#13964),#13968);
#13964 = LINE('',#13965,#13966);
#13965 = CARTESIAN_POINT('',(18.,25.));
#13966 = VECTOR('',#13967,1.);
#13967 = DIRECTION('',(0.,1.));
#13968 = ( GEOMETRIC_REPRESENTATION_CONTEXT(2) 
PARAMETRIC_REPRESENTATION_CONTEXT() REPRESENTATION_CONTEXT('2D SPACE',''
  ) );
#13969 = ORIENTED_EDGE('',*,*,#13867,.T.);
#13970 = ORIENTED_EDGE('',*,*,#13971,.F.);
#13971 = EDGE_CURVE('',#13922,#13840,#13972,.T.);
#13972 = SURFACE_CURVE('',#13973,(#13977,#13984),.PCURVE_S1.);
#13973 = LINE('',#13974,#13975);
#13974 = CARTESIAN_POINT('',(134.,21.,55.3));
#13975 = VECTOR('',#13976,1.);
#13976 = DIRECTION('',(0.,1.,0.));
#13977 = PCURVE('',#13883,#13978);
#13978 = DEFINITIONAL_REPRESENTATION('',(#13979),#13983);
#13979 = LINE('',#13980,#13981);
#13980 = CARTESIAN_POINT('',(28.,0.));
#13981 = VECTOR('',#13982,1.);
#13982 = DIRECTION('',(0.,-1.));
#13983 = ( GEOMETRIC_REPRESENTATION_CONTEXT(2) 
PARAMETRIC_REPRESENTATION_CONTEXT() REPRESENTATION_CONTEXT('2D SPACE',''
  ) );
#13984 = PCURVE('',#13855,#13985);
#13985 = DEFINITIONAL_REPRESENTATION('',(#13986),#13990);
#13986 = LINE('',#13987,#13988);
#13987 = CARTESIAN_POINT('',(6.,0.));
#13988 = VECTOR('',#13989,1.);
#13989 = DIRECTION('',(0.,1.));
#13990 = ( GEOMETRIC_REPRESENTATION_CONTEXT(2) 
PARAMETRIC_REPRESENTATION_CONTEXT() REPRESENTATION_CONTEXT('2D SPACE',''
  ) );
#13991 = FACE_BOUND('',#13992,.T.);
#13992 = EDGE_LOOP('',(#13993,#14023,#14052,#14080));
#13993 = ORIENTED_EDGE('',*,*,#13994,.F.);
#13994 = EDGE_CURVE('',#13995,#13997,#13999,.T.);
#13995 = VERTEX_POINT('',#13996);
#13996 = CARTESIAN_POINT('',(134.,26.7,36.3));
#13997 = VERTEX_POINT('',#13998);
#13998 = CARTESIAN_POINT('',(134.,26.7,50.3));
#13999 = SURFACE_CURVE('',#14000,(#14004,#14011),.PCURVE_S1.);
#14000 = LINE('',#14001,#14002);
#14001 = CARTESIAN_POINT('',(134.,26.7,31.8));
#14002 = VECTOR('',#14003,1.);
#14003 = DIRECTION('',(0.,0.,1.));
#14004 = PCURVE('',#13883,#14005);
#14005 = DEFINITIONAL_REPRESENTATION('',(#14006),#14010);
#14006 = LINE('',#14007,#14008);
#14007 = CARTESIAN_POINT('',(4.5,-5.7));
#14008 = VECTOR('',#14009,1.);
#14009 = DIRECTION('',(1.,0.));
#14010 = ( GEOMETRIC_REPRESENTATION_CONTEXT(2) 
PARAMETRIC_REPRESENTATION_CONTEXT() REPRESENTATION_CONTEXT('2D SPACE',''
  ) );
#14011 = PCURVE('',#14012,#14017);
#14012 = PLANE('',#14013);
#14013 = AXIS2_PLACEMENT_3D('',#14014,#14015,#14016);
#14014 = CARTESIAN_POINT('',(127.,26.7,36.3));
#14015 = DIRECTION('',(0.,1.,0.));
#14016 = DIRECTION('',(0.,0.,1.));
#14017 = DEFINITIONAL_REPRESENTATION('',(#14018),#14022);
#14018 = LINE('',#14019,#14020);
#14019 = CARTESIAN_POINT('',(-4.5,7.));
#14020 = VECTOR('',#14021,1.);
#14021 = DIRECTION('',(1.,0.));
#14022 = ( GEOMETRIC_REPRESENTATION_CONTEXT(2) 
PARAMETRIC_REPRESENTATION_CONTEXT() REPRESENTATION_CONTEXT('2D SPACE',''
  ) );
#14023 = ORIENTED_EDGE('',*,*,#14024,.F.);
#14024 = EDGE_CURVE('',#14025,#13995,#14027,.T.);
#14025 = VERTEX_POINT('',#14026);
#14026 = CARTESIAN_POINT('',(134.,23.3,36.3));
#14027 = SURFACE_CURVE('',#14028,(#14033,#14040),.PCURVE_S1.);
#14028 = CIRCLE('',#14029,1.7);
#14029 = AXIS2_PLACEMENT_3D('',#14030,#14031,#14032);
#14030 = CARTESIAN_POINT('',(134.,25.,36.3));
#14031 = DIRECTION('',(1.,0.,0.));
#14032 = DIRECTION('',(-0.,0.,1.));
#14033 = PCURVE('',#13883,#14034);
#14034 = DEFINITIONAL_REPRESENTATION('',(#14035),#14039);
#14035 = CIRCLE('',#14036,1.7);
#14036 = AXIS2_PLACEMENT_2D('',#14037,#14038);
#14037 = CARTESIAN_POINT('',(9.,-4.));
#14038 = DIRECTION('',(1.,0.));
#14039 = ( GEOMETRIC_REPRESENTATION_CONTEXT(2) 
PARAMETRIC_REPRESENTATION_CONTEXT() REPRESENTATION_CONTEXT('2D SPACE',''
  ) );
#14040 = PCURVE('',#14041,#14046);
#14041 = CYLINDRICAL_SURFACE('',#14042,1.7);
#14042 = AXIS2_PLACEMENT_3D('',#14043,#14044,#14045);
#14043 = CARTESIAN_POINT('',(127.,25.,36.3));
#14044 = DIRECTION('',(1.,0.,0.));
#14045 = DIRECTION('',(-0.,0.,1.));
#14046 = DEFINITIONAL_REPRESENTATION('',(#14047),#14051);
#14047 = LINE('',#14048,#14049);
#14048 = CARTESIAN_POINT('',(0.,7.));
#14049 = VECTOR('',#14050,1.);
#14050 = DIRECTION('',(1.,0.));
#14051 = ( GEOMETRIC_REPRESENTATION_CONTEXT(2) 
PARAMETRIC_REPRESENTATION_CONTEXT() REPRESENTATION_CONTEXT('2D SPACE',''
  ) );
#14052 = ORIENTED_EDGE('',*,*,#14053,.T.);
#14053 = EDGE_CURVE('',#14025,#14054,#14056,.T.);
#14054 = VERTEX_POINT('',#14055);
#14055 = CARTESIAN_POINT('',(134.,23.3,50.3));
#14056 = SURFACE_CURVE('',#14057,(#14061,#14068),.PCURVE_S1.);
#14057 = LINE('',#14058,#14059);
#14058 = CARTESIAN_POINT('',(134.,23.3,31.8));
#14059 = VECTOR('',#14060,1.);
#14060 = DIRECTION('',(0.,0.,1.));
#14061 = PCURVE('',#13883,#14062);
#14062 = DEFINITIONAL_REPRESENTATION('',(#14063),#14067);
#14063 = LINE('',#14064,#14065);
#14064 = CARTESIAN_POINT('',(4.5,-2.3));
#14065 = VECTOR('',#14066,1.);
#14066 = DIRECTION('',(1.,0.));
#14067 = ( GEOMETRIC_REPRESENTATION_CONTEXT(2) 
PARAMETRIC_REPRESENTATION_CONTEXT() REPRESENTATION_CONTEXT('2D SPACE',''
  ) );
#14068 = PCURVE('',#14069,#14074);
#14069 = PLANE('',#14070);
#14070 = AXIS2_PLACEMENT_3D('',#14071,#14072,#14073);
#14071 = CARTESIAN_POINT('',(127.,23.3,36.3));
#14072 = DIRECTION('',(0.,1.,0.));
#14073 = DIRECTION('',(0.,0.,1.));
#14074 = DEFINITIONAL_REPRESENTATION('',(#14075),#14079);
#14075 = LINE('',#14076,#14077);
#14076 = CARTESIAN_POINT('',(-4.5,7.));
#14077 = VECTOR('',#14078,1.);
#14078 = DIRECTION('',(1.,0.));
#14079 = ( GEOMETRIC_REPRESENTATION_CONTEXT(2) 
PARAMETRIC_REPRESENTATION_CONTEXT() REPRESENTATION_CONTEXT('2D SPACE',''
  ) );
#14080 = ORIENTED_EDGE('',*,*,#14081,.T.);
#14081 = EDGE_CURVE('',#14054,#13997,#14082,.T.);
#14082 = SURFACE_CURVE('',#14083,(#14088,#14099),.PCURVE_S1.);
#14083 = CIRCLE('',#14084,1.7);
#14084 = AXIS2_PLACEMENT_3D('',#14085,#14086,#14087);
#14085 = CARTESIAN_POINT('',(134.,25.,50.3));
#14086 = DIRECTION('',(-1.,0.,0.));
#14087 = DIRECTION('',(0.,-1.,0.));
#14088 = PCURVE('',#13883,#14089);
#14089 = DEFINITIONAL_REPRESENTATION('',(#14090),#14098);
#14090 = ( BOUNDED_CURVE() B_SPLINE_CURVE(2,(#14091,#14092,#14093,#14094
    ,#14095,#14096,#14097),.UNSPECIFIED.,.T.,.F.) 
B_SPLINE_CURVE_WITH_KNOTS((1,2,2,2,2,1),(-2.094395102393,0.,
    2.094395102393,4.188790204786,6.28318530718,8.377580409573),
.UNSPECIFIED.) CURVE() GEOMETRIC_REPRESENTATION_ITEM() 
RATIONAL_B_SPLINE_CURVE((1.,0.5,1.,0.5,1.,0.5,1.)) REPRESENTATION_ITEM(
  '') );
#14091 = CARTESIAN_POINT('',(23.,-2.3));
#14092 = CARTESIAN_POINT('',(25.944486372867,-2.3));
#14093 = CARTESIAN_POINT('',(24.472243186434,-4.85));
#14094 = CARTESIAN_POINT('',(23.,-7.4));
#14095 = CARTESIAN_POINT('',(21.527756813566,-4.85));
#14096 = CARTESIAN_POINT('',(20.055513627133,-2.3));
#14097 = CARTESIAN_POINT('',(23.,-2.3));
#14098 = ( GEOMETRIC_REPRESENTATION_CONTEXT(2) 
PARAMETRIC_REPRESENTATION_CONTEXT() REPRESENTATION_CONTEXT('2D SPACE',''
  ) );
#14099 = PCURVE('',#14100,#14105);
#14100 = CYLINDRICAL_SURFACE('',#14101,1.7);
#14101 = AXIS2_PLACEMENT_3D('',#14102,#14103,#14104);
#14102 = CARTESIAN_POINT('',(127.,25.,50.3));
#14103 = DIRECTION('',(1.,0.,0.));
#14104 = DIRECTION('',(-0.,0.,1.));
#14105 = DEFINITIONAL_REPRESENTATION('',(#14106),#14110);
#14106 = LINE('',#14107,#14108);
#14107 = CARTESIAN_POINT('',(7.853981633974,7.));
#14108 = VECTOR('',#14109,1.);
#14109 = DIRECTION('',(-1.,-0.));
#14110 = ( GEOMETRIC_REPRESENTATION_CONTEXT(2) 
PARAMETRIC_REPRESENTATION_CONTEXT() REPRESENTATION_CONTEXT('2D SPACE',''
  ) );
#14111 = ADVANCED_FACE('',(#14112),#14100,.F.);
#14112 = FACE_BOUND('',#14113,.F.);
#14113 = EDGE_LOOP('',(#14114,#14140,#14161,#14162));
#14114 = ORIENTED_EDGE('',*,*,#14115,.T.);
#14115 = EDGE_CURVE('',#14116,#14118,#14120,.T.);
#14116 = VERTEX_POINT('',#14117);
#14117 = CARTESIAN_POINT('',(128.,26.7,50.3));
#14118 = VERTEX_POINT('',#14119);
#14119 = CARTESIAN_POINT('',(128.,23.3,50.3));
#14120 = SURFACE_CURVE('',#14121,(#14126,#14133),.PCURVE_S1.);
#14121 = CIRCLE('',#14122,1.7);
#14122 = AXIS2_PLACEMENT_3D('',#14123,#14124,#14125);
#14123 = CARTESIAN_POINT('',(128.,25.,50.3));
#14124 = DIRECTION('',(1.,0.,0.));
#14125 = DIRECTION('',(-0.,1.,0.));
#14126 = PCURVE('',#14100,#14127);
#14127 = DEFINITIONAL_REPRESENTATION('',(#14128),#14132);
#14128 = LINE('',#14129,#14130);
#14129 = CARTESIAN_POINT('',(4.712388980385,1.));
#14130 = VECTOR('',#14131,1.);
#14131 = DIRECTION('',(1.,0.));
#14132 = ( GEOMETRIC_REPRESENTATION_CONTEXT(2) 
PARAMETRIC_REPRESENTATION_CONTEXT() REPRESENTATION_CONTEXT('2D SPACE',''
  ) );
#14133 = PCURVE('',#13827,#14134);
#14134 = DEFINITIONAL_REPRESENTATION('',(#14135),#14139);
#14135 = CIRCLE('',#14136,1.7);
#14136 = AXIS2_PLACEMENT_2D('',#14137,#14138);
#14137 = CARTESIAN_POINT('',(23.,-4.));
#14138 = DIRECTION('',(0.,-1.));
#14139 = ( GEOMETRIC_REPRESENTATION_CONTEXT(2) 
PARAMETRIC_REPRESENTATION_CONTEXT() REPRESENTATION_CONTEXT('2D SPACE',''
  ) );
#14140 = ORIENTED_EDGE('',*,*,#14141,.T.);
#14141 = EDGE_CURVE('',#14118,#14054,#14142,.T.);
#14142 = SURFACE_CURVE('',#14143,(#14147,#14154),.PCURVE_S1.);
#14143 = LINE('',#14144,#14145);
#14144 = CARTESIAN_POINT('',(127.,23.3,50.3));
#14145 = VECTOR('',#14146,1.);
#14146 = DIRECTION('',(1.,0.,0.));
#14147 = PCURVE('',#14100,#14148);
#14148 = DEFINITIONAL_REPRESENTATION('',(#14149),#14153);
#14149 = LINE('',#14150,#14151);
#14150 = CARTESIAN_POINT('',(7.853981633974,0.));
#14151 = VECTOR('',#14152,1.);
#14152 = DIRECTION('',(0.,1.));
#14153 = ( GEOMETRIC_REPRESENTATION_CONTEXT(2) 
PARAMETRIC_REPRESENTATION_CONTEXT() REPRESENTATION_CONTEXT('2D SPACE',''
  ) );
#14154 = PCURVE('',#14069,#14155);
#14155 = DEFINITIONAL_REPRESENTATION('',(#14156),#14160);
#14156 = LINE('',#14157,#14158);
#14157 = CARTESIAN_POINT('',(14.,0.));
#14158 = VECTOR('',#14159,1.);
#14159 = DIRECTION('',(0.,1.));
#14160 = ( GEOMETRIC_REPRESENTATION_CONTEXT(2) 
PARAMETRIC_REPRESENTATION_CONTEXT() REPRESENTATION_CONTEXT('2D SPACE',''
  ) );
#14161 = ORIENTED_EDGE('',*,*,#14081,.T.);
#14162 = ORIENTED_EDGE('',*,*,#14163,.F.);
#14163 = EDGE_CURVE('',#14116,#13997,#14164,.T.);
#14164 = SURFACE_CURVE('',#14165,(#14169,#14176),.PCURVE_S1.);
#14165 = LINE('',#14166,#14167);
#14166 = CARTESIAN_POINT('',(127.,26.7,50.3));
#14167 = VECTOR('',#14168,1.);
#14168 = DIRECTION('',(1.,0.,0.));
#14169 = PCURVE('',#14100,#14170);
#14170 = DEFINITIONAL_REPRESENTATION('',(#14171),#14175);
#14171 = LINE('',#14172,#14173);
#14172 = CARTESIAN_POINT('',(4.712388980385,0.));
#14173 = VECTOR('',#14174,1.);
#14174 = DIRECTION('',(0.,1.));
#14175 = ( GEOMETRIC_REPRESENTATION_CONTEXT(2) 
PARAMETRIC_REPRESENTATION_CONTEXT() REPRESENTATION_CONTEXT('2D SPACE',''
  ) );
#14176 = PCURVE('',#14012,#14177);
#14177 = DEFINITIONAL_REPRESENTATION('',(#14178),#14182);
#14178 = LINE('',#14179,#14180);
#14179 = CARTESIAN_POINT('',(14.,0.));
#14180 = VECTOR('',#14181,1.);
#14181 = DIRECTION('',(0.,1.));
#14182 = ( GEOMETRIC_REPRESENTATION_CONTEXT(2) 
PARAMETRIC_REPRESENTATION_CONTEXT() REPRESENTATION_CONTEXT('2D SPACE',''
  ) );
#14183 = ADVANCED_FACE('',(#14184),#14069,.T.);
#14184 = FACE_BOUND('',#14185,.T.);
#14185 = EDGE_LOOP('',(#14186,#14209,#14230,#14231));
#14186 = ORIENTED_EDGE('',*,*,#14187,.F.);
#14187 = EDGE_CURVE('',#14188,#14025,#14190,.T.);
#14188 = VERTEX_POINT('',#14189);
#14189 = CARTESIAN_POINT('',(128.,23.3,36.3));
#14190 = SURFACE_CURVE('',#14191,(#14195,#14202),.PCURVE_S1.);
#14191 = LINE('',#14192,#14193);
#14192 = CARTESIAN_POINT('',(127.,23.3,36.3));
#14193 = VECTOR('',#14194,1.);
#14194 = DIRECTION('',(1.,0.,0.));
#14195 = PCURVE('',#14069,#14196);
#14196 = DEFINITIONAL_REPRESENTATION('',(#14197),#14201);
#14197 = LINE('',#14198,#14199);
#14198 = CARTESIAN_POINT('',(0.,0.));
#14199 = VECTOR('',#14200,1.);
#14200 = DIRECTION('',(0.,1.));
#14201 = ( GEOMETRIC_REPRESENTATION_CONTEXT(2) 
PARAMETRIC_REPRESENTATION_CONTEXT() REPRESENTATION_CONTEXT('2D SPACE',''
  ) );
#14202 = PCURVE('',#14041,#14203);
#14203 = DEFINITIONAL_REPRESENTATION('',(#14204),#14208);
#14204 = LINE('',#14205,#14206);
#14205 = CARTESIAN_POINT('',(1.570796326795,0.));
#14206 = VECTOR('',#14207,1.);
#14207 = DIRECTION('',(0.,1.));
#14208 = ( GEOMETRIC_REPRESENTATION_CONTEXT(2) 
PARAMETRIC_REPRESENTATION_CONTEXT() REPRESENTATION_CONTEXT('2D SPACE',''
  ) );
#14209 = ORIENTED_EDGE('',*,*,#14210,.T.);
#14210 = EDGE_CURVE('',#14188,#14118,#14211,.T.);
#14211 = SURFACE_CURVE('',#14212,(#14216,#14223),.PCURVE_S1.);
#14212 = LINE('',#14213,#14214);
#14213 = CARTESIAN_POINT('',(128.,23.3,31.8));
#14214 = VECTOR('',#14215,1.);
#14215 = DIRECTION('',(0.,0.,1.));
#14216 = PCURVE('',#14069,#14217);
#14217 = DEFINITIONAL_REPRESENTATION('',(#14218),#14222);
#14218 = LINE('',#14219,#14220);
#14219 = CARTESIAN_POINT('',(-4.5,1.));
#14220 = VECTOR('',#14221,1.);
#14221 = DIRECTION('',(1.,0.));
#14222 = ( GEOMETRIC_REPRESENTATION_CONTEXT(2) 
PARAMETRIC_REPRESENTATION_CONTEXT() REPRESENTATION_CONTEXT('2D SPACE',''
  ) );
#14223 = PCURVE('',#13827,#14224);
#14224 = DEFINITIONAL_REPRESENTATION('',(#14225),#14229);
#14225 = LINE('',#14226,#14227);
#14226 = CARTESIAN_POINT('',(4.5,-2.3));
#14227 = VECTOR('',#14228,1.);
#14228 = DIRECTION('',(1.,0.));
#14229 = ( GEOMETRIC_REPRESENTATION_CONTEXT(2) 
PARAMETRIC_REPRESENTATION_CONTEXT() REPRESENTATION_CONTEXT('2D SPACE',''
  ) );
#14230 = ORIENTED_EDGE('',*,*,#14141,.T.);
#14231 = ORIENTED_EDGE('',*,*,#14053,.F.);
#14232 = ADVANCED_FACE('',(#14233),#14041,.F.);
#14233 = FACE_BOUND('',#14234,.F.);
#14234 = EDGE_LOOP('',(#14235,#14236,#14237,#14261));
#14235 = ORIENTED_EDGE('',*,*,#14024,.F.);
#14236 = ORIENTED_EDGE('',*,*,#14187,.F.);
#14237 = ORIENTED_EDGE('',*,*,#14238,.T.);
#14238 = EDGE_CURVE('',#14188,#14239,#14241,.T.);
#14239 = VERTEX_POINT('',#14240);
#14240 = CARTESIAN_POINT('',(128.,26.7,36.3));
#14241 = SURFACE_CURVE('',#14242,(#14247,#14254),.PCURVE_S1.);
#14242 = CIRCLE('',#14243,1.7);
#14243 = AXIS2_PLACEMENT_3D('',#14244,#14245,#14246);
#14244 = CARTESIAN_POINT('',(128.,25.,36.3));
#14245 = DIRECTION('',(1.,0.,0.));
#14246 = DIRECTION('',(-0.,0.,1.));
#14247 = PCURVE('',#14041,#14248);
#14248 = DEFINITIONAL_REPRESENTATION('',(#14249),#14253);
#14249 = LINE('',#14250,#14251);
#14250 = CARTESIAN_POINT('',(0.,1.));
#14251 = VECTOR('',#14252,1.);
#14252 = DIRECTION('',(1.,0.));
#14253 = ( GEOMETRIC_REPRESENTATION_CONTEXT(2) 
PARAMETRIC_REPRESENTATION_CONTEXT() REPRESENTATION_CONTEXT('2D SPACE',''
  ) );
#14254 = PCURVE('',#13827,#14255);
#14255 = DEFINITIONAL_REPRESENTATION('',(#14256),#14260);
#14256 = CIRCLE('',#14257,1.7);
#14257 = AXIS2_PLACEMENT_2D('',#14258,#14259);
#14258 = CARTESIAN_POINT('',(9.,-4.));
#14259 = DIRECTION('',(1.,0.));
#14260 = ( GEOMETRIC_REPRESENTATION_CONTEXT(2) 
PARAMETRIC_REPRESENTATION_CONTEXT() REPRESENTATION_CONTEXT('2D SPACE',''
  ) );
#14261 = ORIENTED_EDGE('',*,*,#14262,.T.);
#14262 = EDGE_CURVE('',#14239,#13995,#14263,.T.);
#14263 = SURFACE_CURVE('',#14264,(#14268,#14275),.PCURVE_S1.);
#14264 = LINE('',#14265,#14266);
#14265 = CARTESIAN_POINT('',(127.,26.7,36.3));
#14266 = VECTOR('',#14267,1.);
#14267 = DIRECTION('',(1.,0.,0.));
#14268 = PCURVE('',#14041,#14269);
#14269 = DEFINITIONAL_REPRESENTATION('',(#14270),#14274);
#14270 = LINE('',#14271,#14272);
#14271 = CARTESIAN_POINT('',(4.712388980385,0.));
#14272 = VECTOR('',#14273,1.);
#14273 = DIRECTION('',(0.,1.));
#14274 = ( GEOMETRIC_REPRESENTATION_CONTEXT(2) 
PARAMETRIC_REPRESENTATION_CONTEXT() REPRESENTATION_CONTEXT('2D SPACE',''
  ) );
#14275 = PCURVE('',#14012,#14276);
#14276 = DEFINITIONAL_REPRESENTATION('',(#14277),#14281);
#14277 = LINE('',#14278,#14279);
#14278 = CARTESIAN_POINT('',(0.,0.));
#14279 = VECTOR('',#14280,1.);
#14280 = DIRECTION('',(0.,1.));
#14281 = ( GEOMETRIC_REPRESENTATION_CONTEXT(2) 
PARAMETRIC_REPRESENTATION_CONTEXT() REPRESENTATION_CONTEXT('2D SPACE',''
  ) );
#14282 = ADVANCED_FACE('',(#14283),#14012,.F.);
#14283 = FACE_BOUND('',#14284,.F.);
#14284 = EDGE_LOOP('',(#14285,#14286,#14307,#14308));
#14285 = ORIENTED_EDGE('',*,*,#14262,.F.);
#14286 = ORIENTED_EDGE('',*,*,#14287,.T.);
#14287 = EDGE_CURVE('',#14239,#14116,#14288,.T.);
#14288 = SURFACE_CURVE('',#14289,(#14293,#14300),.PCURVE_S1.);
#14289 = LINE('',#14290,#14291);
#14290 = CARTESIAN_POINT('',(128.,26.7,31.8));
#14291 = VECTOR('',#14292,1.);
#14292 = DIRECTION('',(0.,0.,1.));
#14293 = PCURVE('',#14012,#14294);
#14294 = DEFINITIONAL_REPRESENTATION('',(#14295),#14299);
#14295 = LINE('',#14296,#14297);
#14296 = CARTESIAN_POINT('',(-4.5,1.));
#14297 = VECTOR('',#14298,1.);
#14298 = DIRECTION('',(1.,0.));
#14299 = ( GEOMETRIC_REPRESENTATION_CONTEXT(2) 
PARAMETRIC_REPRESENTATION_CONTEXT() REPRESENTATION_CONTEXT('2D SPACE',''
  ) );
#14300 = PCURVE('',#13827,#14301);
#14301 = DEFINITIONAL_REPRESENTATION('',(#14302),#14306);
#14302 = LINE('',#14303,#14304);
#14303 = CARTESIAN_POINT('',(4.5,-5.7));
#14304 = VECTOR('',#14305,1.);
#14305 = DIRECTION('',(1.,0.));
#14306 = ( GEOMETRIC_REPRESENTATION_CONTEXT(2) 
PARAMETRIC_REPRESENTATION_CONTEXT() REPRESENTATION_CONTEXT('2D SPACE',''
  ) );
#14307 = ORIENTED_EDGE('',*,*,#14163,.T.);
#14308 = ORIENTED_EDGE('',*,*,#13994,.F.);
#14309 = ADVANCED_FACE('',(#14310),#13937,.F.);
#14310 = FACE_BOUND('',#14311,.F.);
#14311 = EDGE_LOOP('',(#14312,#14313,#14336,#14359));
#14312 = ORIENTED_EDGE('',*,*,#13919,.F.);
#14313 = ORIENTED_EDGE('',*,*,#14314,.T.);
#14314 = EDGE_CURVE('',#13920,#14315,#14317,.T.);
#14315 = VERTEX_POINT('',#14316);
#14316 = CARTESIAN_POINT('',(128.,21.,28.3));
#14317 = SURFACE_CURVE('',#14318,(#14322,#14329),.PCURVE_S1.);
#14318 = LINE('',#14319,#14320);
#14319 = CARTESIAN_POINT('',(122.,21.,28.3));
#14320 = VECTOR('',#14321,1.);
#14321 = DIRECTION('',(-1.,0.,0.));
#14322 = PCURVE('',#13937,#14323);
#14323 = DEFINITIONAL_REPRESENTATION('',(#14324),#14328);
#14324 = LINE('',#14325,#14326);
#14325 = CARTESIAN_POINT('',(1.,-6.));
#14326 = VECTOR('',#14327,1.);
#14327 = DIRECTION('',(0.,-1.));
#14328 = ( GEOMETRIC_REPRESENTATION_CONTEXT(2) 
PARAMETRIC_REPRESENTATION_CONTEXT() REPRESENTATION_CONTEXT('2D SPACE',''
  ) );
#14329 = PCURVE('',#12515,#14330);
#14330 = DEFINITIONAL_REPRESENTATION('',(#14331),#14335);
#14331 = LINE('',#14332,#14333);
#14332 = CARTESIAN_POINT('',(6.,50.));
#14333 = VECTOR('',#14334,1.);
#14334 = DIRECTION('',(-1.,0.));
#14335 = ( GEOMETRIC_REPRESENTATION_CONTEXT(2) 
PARAMETRIC_REPRESENTATION_CONTEXT() REPRESENTATION_CONTEXT('2D SPACE',''
  ) );
#14336 = ORIENTED_EDGE('',*,*,#14337,.T.);
#14337 = EDGE_CURVE('',#14315,#14338,#14340,.T.);
#14338 = VERTEX_POINT('',#14339);
#14339 = CARTESIAN_POINT('',(128.,21.,55.3));
#14340 = SURFACE_CURVE('',#14341,(#14345,#14352),.PCURVE_S1.);
#14341 = LINE('',#14342,#14343);
#14342 = CARTESIAN_POINT('',(128.,21.,27.3));
#14343 = VECTOR('',#14344,1.);
#14344 = DIRECTION('',(0.,0.,1.));
#14345 = PCURVE('',#13937,#14346);
#14346 = DEFINITIONAL_REPRESENTATION('',(#14347),#14351);
#14347 = LINE('',#14348,#14349);
#14348 = CARTESIAN_POINT('',(0.,0.));
#14349 = VECTOR('',#14350,1.);
#14350 = DIRECTION('',(1.,0.));
#14351 = ( GEOMETRIC_REPRESENTATION_CONTEXT(2) 
PARAMETRIC_REPRESENTATION_CONTEXT() REPRESENTATION_CONTEXT('2D SPACE',''
  ) );
#14352 = PCURVE('',#13827,#14353);
#14353 = DEFINITIONAL_REPRESENTATION('',(#14354),#14358);
#14354 = LINE('',#14355,#14356);
#14355 = CARTESIAN_POINT('',(0.,0.));
#14356 = VECTOR('',#14357,1.);
#14357 = DIRECTION('',(1.,0.));
#14358 = ( GEOMETRIC_REPRESENTATION_CONTEXT(2) 
PARAMETRIC_REPRESENTATION_CONTEXT() REPRESENTATION_CONTEXT('2D SPACE',''
  ) );
#14359 = ORIENTED_EDGE('',*,*,#14360,.T.);
#14360 = EDGE_CURVE('',#14338,#13922,#14361,.T.);
#14361 = SURFACE_CURVE('',#14362,(#14366,#14373),.PCURVE_S1.);
#14362 = LINE('',#14363,#14364);
#14363 = CARTESIAN_POINT('',(128.,21.,55.3));
#14364 = VECTOR('',#14365,1.);
#14365 = DIRECTION('',(1.,0.,0.));
#14366 = PCURVE('',#13937,#14367);
#14367 = DEFINITIONAL_REPRESENTATION('',(#14368),#14372);
#14368 = LINE('',#14369,#14370);
#14369 = CARTESIAN_POINT('',(28.,0.));
#14370 = VECTOR('',#14371,1.);
#14371 = DIRECTION('',(0.,1.));
#14372 = ( GEOMETRIC_REPRESENTATION_CONTEXT(2) 
PARAMETRIC_REPRESENTATION_CONTEXT() REPRESENTATION_CONTEXT('2D SPACE',''
  ) );
#14373 = PCURVE('',#13855,#14374);
#14374 = DEFINITIONAL_REPRESENTATION('',(#14375),#14379);
#14375 = LINE('',#14376,#14377);
#14376 = CARTESIAN_POINT('',(0.,0.));
#14377 = VECTOR('',#14378,1.);
#14378 = DIRECTION('',(1.,0.));
#14379 = ( GEOMETRIC_REPRESENTATION_CONTEXT(2) 
PARAMETRIC_REPRESENTATION_CONTEXT() REPRESENTATION_CONTEXT('2D SPACE',''
  ) );
#14380 = ADVANCED_FACE('',(#14381),#13855,.T.);
#14381 = FACE_BOUND('',#14382,.T.);
#14382 = EDGE_LOOP('',(#14383,#14404,#14405,#14406));
#14383 = ORIENTED_EDGE('',*,*,#14384,.F.);
#14384 = EDGE_CURVE('',#14338,#13812,#14385,.T.);
#14385 = SURFACE_CURVE('',#14386,(#14390,#14397),.PCURVE_S1.);
#14386 = LINE('',#14387,#14388);
#14387 = CARTESIAN_POINT('',(128.,21.,55.3));
#14388 = VECTOR('',#14389,1.);
#14389 = DIRECTION('',(0.,1.,0.));
#14390 = PCURVE('',#13855,#14391);
#14391 = DEFINITIONAL_REPRESENTATION('',(#14392),#14396);
#14392 = LINE('',#14393,#14394);
#14393 = CARTESIAN_POINT('',(0.,0.));
#14394 = VECTOR('',#14395,1.);
#14395 = DIRECTION('',(0.,1.));
#14396 = ( GEOMETRIC_REPRESENTATION_CONTEXT(2) 
PARAMETRIC_REPRESENTATION_CONTEXT() REPRESENTATION_CONTEXT('2D SPACE',''
  ) );
#14397 = PCURVE('',#13827,#14398);
#14398 = DEFINITIONAL_REPRESENTATION('',(#14399),#14403);
#14399 = LINE('',#14400,#14401);
#14400 = CARTESIAN_POINT('',(28.,0.));
#14401 = VECTOR('',#14402,1.);
#14402 = DIRECTION('',(0.,-1.));
#14403 = ( GEOMETRIC_REPRESENTATION_CONTEXT(2) 
PARAMETRIC_REPRESENTATION_CONTEXT() REPRESENTATION_CONTEXT('2D SPACE',''
  ) );
#14404 = ORIENTED_EDGE('',*,*,#14360,.T.);
#14405 = ORIENTED_EDGE('',*,*,#13971,.T.);
#14406 = ORIENTED_EDGE('',*,*,#13839,.F.);
#14407 = ADVANCED_FACE('',(#14408,#14434),#13827,.F.);
#14408 = FACE_BOUND('',#14409,.F.);
#14409 = EDGE_LOOP('',(#14410,#14411,#14432,#14433));
#14410 = ORIENTED_EDGE('',*,*,#14337,.F.);
#14411 = ORIENTED_EDGE('',*,*,#14412,.T.);
#14412 = EDGE_CURVE('',#14315,#13789,#14413,.T.);
#14413 = SURFACE_CURVE('',#14414,(#14418,#14425),.PCURVE_S1.);
#14414 = LINE('',#14415,#14416);
#14415 = CARTESIAN_POINT('',(128.,-4.,28.3));
#14416 = VECTOR('',#14417,1.);
#14417 = DIRECTION('',(0.,1.,0.));
#14418 = PCURVE('',#13827,#14419);
#14419 = DEFINITIONAL_REPRESENTATION('',(#14420),#14424);
#14420 = LINE('',#14421,#14422);
#14421 = CARTESIAN_POINT('',(1.,25.));
#14422 = VECTOR('',#14423,1.);
#14423 = DIRECTION('',(0.,-1.));
#14424 = ( GEOMETRIC_REPRESENTATION_CONTEXT(2) 
PARAMETRIC_REPRESENTATION_CONTEXT() REPRESENTATION_CONTEXT('2D SPACE',''
  ) );
#14425 = PCURVE('',#12515,#14426);
#14426 = DEFINITIONAL_REPRESENTATION('',(#14427),#14431);
#14427 = LINE('',#14428,#14429);
#14428 = CARTESIAN_POINT('',(12.,25.));
#14429 = VECTOR('',#14430,1.);
#14430 = DIRECTION('',(0.,1.));
#14431 = ( GEOMETRIC_REPRESENTATION_CONTEXT(2) 
PARAMETRIC_REPRESENTATION_CONTEXT() REPRESENTATION_CONTEXT('2D SPACE',''
  ) );
#14432 = ORIENTED_EDGE('',*,*,#13811,.T.);
#14433 = ORIENTED_EDGE('',*,*,#14384,.F.);
#14434 = FACE_BOUND('',#14435,.F.);
#14435 = EDGE_LOOP('',(#14436,#14437,#14438,#14439));
#14436 = ORIENTED_EDGE('',*,*,#14287,.F.);
#14437 = ORIENTED_EDGE('',*,*,#14238,.F.);
#14438 = ORIENTED_EDGE('',*,*,#14210,.T.);
#14439 = ORIENTED_EDGE('',*,*,#14115,.F.);
#14440 = ADVANCED_FACE('',(#14441,#14578,#14586),#12515,.T.);
#14441 = FACE_BOUND('',#14442,.T.);
#14442 = EDGE_LOOP('',(#14443,#14444,#14445,#14468,#14496,#14524,#14552,
    #14573,#14574,#14575,#14576,#14577));
#14443 = ORIENTED_EDGE('',*,*,#13788,.F.);
#14444 = ORIENTED_EDGE('',*,*,#12501,.F.);
#14445 = ORIENTED_EDGE('',*,*,#14446,.T.);
#14446 = EDGE_CURVE('',#12413,#14447,#14449,.T.);
#14447 = VERTEX_POINT('',#14448);
#14448 = CARTESIAN_POINT('',(128.,-29.,28.3));
#14449 = SURFACE_CURVE('',#14450,(#14454,#14461),.PCURVE_S1.);
#14450 = LINE('',#14451,#14452);
#14451 = CARTESIAN_POINT('',(116.,-29.,28.3));
#14452 = VECTOR('',#14453,1.);
#14453 = DIRECTION('',(1.,0.,0.));
#14454 = PCURVE('',#12515,#14455);
#14455 = DEFINITIONAL_REPRESENTATION('',(#14456),#14460);
#14456 = LINE('',#14457,#14458);
#14457 = CARTESIAN_POINT('',(0.,0.));
#14458 = VECTOR('',#14459,1.);
#14459 = DIRECTION('',(1.,0.));
#14460 = ( GEOMETRIC_REPRESENTATION_CONTEXT(2) 
PARAMETRIC_REPRESENTATION_CONTEXT() REPRESENTATION_CONTEXT('2D SPACE',''
  ) );
#14461 = PCURVE('',#12433,#14462);
#14462 = DEFINITIONAL_REPRESENTATION('',(#14463),#14467);
#14463 = LINE('',#14464,#14465);
#14464 = CARTESIAN_POINT('',(5.,0.));
#14465 = VECTOR('',#14466,1.);
#14466 = DIRECTION('',(0.,1.));
#14467 = ( GEOMETRIC_REPRESENTATION_CONTEXT(2) 
PARAMETRIC_REPRESENTATION_CONTEXT() REPRESENTATION_CONTEXT('2D SPACE',''
  ) );
#14468 = ORIENTED_EDGE('',*,*,#14469,.T.);
#14469 = EDGE_CURVE('',#14447,#14470,#14472,.T.);
#14470 = VERTEX_POINT('',#14471);
#14471 = CARTESIAN_POINT('',(128.,-21.,28.3));
#14472 = SURFACE_CURVE('',#14473,(#14477,#14484),.PCURVE_S1.);
#14473 = LINE('',#14474,#14475);
#14474 = CARTESIAN_POINT('',(128.,-29.,28.3));
#14475 = VECTOR('',#14476,1.);
#14476 = DIRECTION('',(0.,1.,0.));
#14477 = PCURVE('',#12515,#14478);
#14478 = DEFINITIONAL_REPRESENTATION('',(#14479),#14483);
#14479 = LINE('',#14480,#14481);
#14480 = CARTESIAN_POINT('',(12.,0.));
#14481 = VECTOR('',#14482,1.);
#14482 = DIRECTION('',(0.,1.));
#14483 = ( GEOMETRIC_REPRESENTATION_CONTEXT(2) 
PARAMETRIC_REPRESENTATION_CONTEXT() REPRESENTATION_CONTEXT('2D SPACE',''
  ) );
#14484 = PCURVE('',#14485,#14490);
#14485 = PLANE('',#14486);
#14486 = AXIS2_PLACEMENT_3D('',#14487,#14488,#14489);
#14487 = CARTESIAN_POINT('',(128.,-29.,27.3));
#14488 = DIRECTION('',(1.,0.,0.));
#14489 = DIRECTION('',(0.,0.,1.));
#14490 = DEFINITIONAL_REPRESENTATION('',(#14491),#14495);
#14491 = LINE('',#14492,#14493);
#14492 = CARTESIAN_POINT('',(1.,0.));
#14493 = VECTOR('',#14494,1.);
#14494 = DIRECTION('',(0.,-1.));
#14495 = ( GEOMETRIC_REPRESENTATION_CONTEXT(2) 
PARAMETRIC_REPRESENTATION_CONTEXT() REPRESENTATION_CONTEXT('2D SPACE',''
  ) );
#14496 = ORIENTED_EDGE('',*,*,#14497,.F.);
#14497 = EDGE_CURVE('',#14498,#14470,#14500,.T.);
#14498 = VERTEX_POINT('',#14499);
#14499 = CARTESIAN_POINT('',(134.,-21.,28.3));
#14500 = SURFACE_CURVE('',#14501,(#14505,#14512),.PCURVE_S1.);
#14501 = LINE('',#14502,#14503);
#14502 = CARTESIAN_POINT('',(122.,-21.,28.3));
#14503 = VECTOR('',#14504,1.);
#14504 = DIRECTION('',(-1.,0.,0.));
#14505 = PCURVE('',#12515,#14506);
#14506 = DEFINITIONAL_REPRESENTATION('',(#14507),#14511);
#14507 = LINE('',#14508,#14509);
#14508 = CARTESIAN_POINT('',(6.,8.));
#14509 = VECTOR('',#14510,1.);
#14510 = DIRECTION('',(-1.,0.));
#14511 = ( GEOMETRIC_REPRESENTATION_CONTEXT(2) 
PARAMETRIC_REPRESENTATION_CONTEXT() REPRESENTATION_CONTEXT('2D SPACE',''
  ) );
#14512 = PCURVE('',#14513,#14518);
#14513 = PLANE('',#14514);
#14514 = AXIS2_PLACEMENT_3D('',#14515,#14516,#14517);
#14515 = CARTESIAN_POINT('',(128.,-21.,27.3));
#14516 = DIRECTION('',(0.,1.,0.));
#14517 = DIRECTION('',(0.,0.,1.));
#14518 = DEFINITIONAL_REPRESENTATION('',(#14519),#14523);
#14519 = LINE('',#14520,#14521);
#14520 = CARTESIAN_POINT('',(1.,-6.));
#14521 = VECTOR('',#14522,1.);
#14522 = DIRECTION('',(0.,-1.));
#14523 = ( GEOMETRIC_REPRESENTATION_CONTEXT(2) 
PARAMETRIC_REPRESENTATION_CONTEXT() REPRESENTATION_CONTEXT('2D SPACE',''
  ) );
#14524 = ORIENTED_EDGE('',*,*,#14525,.F.);
#14525 = EDGE_CURVE('',#14526,#14498,#14528,.T.);
#14526 = VERTEX_POINT('',#14527);
#14527 = CARTESIAN_POINT('',(134.,-29.,28.3));
#14528 = SURFACE_CURVE('',#14529,(#14533,#14540),.PCURVE_S1.);
#14529 = LINE('',#14530,#14531);
#14530 = CARTESIAN_POINT('',(134.,-29.,28.3));
#14531 = VECTOR('',#14532,1.);
#14532 = DIRECTION('',(0.,1.,0.));
#14533 = PCURVE('',#12515,#14534);
#14534 = DEFINITIONAL_REPRESENTATION('',(#14535),#14539);
#14535 = LINE('',#14536,#14537);
#14536 = CARTESIAN_POINT('',(18.,0.));
#14537 = VECTOR('',#14538,1.);
#14538 = DIRECTION('',(0.,1.));
#14539 = ( GEOMETRIC_REPRESENTATION_CONTEXT(2) 
PARAMETRIC_REPRESENTATION_CONTEXT() REPRESENTATION_CONTEXT('2D SPACE',''
  ) );
#14540 = PCURVE('',#14541,#14546);
#14541 = PLANE('',#14542);
#14542 = AXIS2_PLACEMENT_3D('',#14543,#14544,#14545);
#14543 = CARTESIAN_POINT('',(134.,-29.,27.3));
#14544 = DIRECTION('',(1.,0.,0.));
#14545 = DIRECTION('',(0.,0.,1.));
#14546 = DEFINITIONAL_REPRESENTATION('',(#14547),#14551);
#14547 = LINE('',#14548,#14549);
#14548 = CARTESIAN_POINT('',(1.,0.));
#14549 = VECTOR('',#14550,1.);
#14550 = DIRECTION('',(0.,-1.));
#14551 = ( GEOMETRIC_REPRESENTATION_CONTEXT(2) 
PARAMETRIC_REPRESENTATION_CONTEXT() REPRESENTATION_CONTEXT('2D SPACE',''
  ) );
#14552 = ORIENTED_EDGE('',*,*,#14553,.T.);
#14553 = EDGE_CURVE('',#14526,#13715,#14554,.T.);
#14554 = SURFACE_CURVE('',#14555,(#14559,#14566),.PCURVE_S1.);
#14555 = LINE('',#14556,#14557);
#14556 = CARTESIAN_POINT('',(116.,-29.,28.3));
#14557 = VECTOR('',#14558,1.);
#14558 = DIRECTION('',(1.,0.,0.));
#14559 = PCURVE('',#12515,#14560);
#14560 = DEFINITIONAL_REPRESENTATION('',(#14561),#14565);
#14561 = LINE('',#14562,#14563);
#14562 = CARTESIAN_POINT('',(0.,0.));
#14563 = VECTOR('',#14564,1.);
#14564 = DIRECTION('',(1.,0.));
#14565 = ( GEOMETRIC_REPRESENTATION_CONTEXT(2) 
PARAMETRIC_REPRESENTATION_CONTEXT() REPRESENTATION_CONTEXT('2D SPACE',''
  ) );
#14566 = PCURVE('',#12433,#14567);
#14567 = DEFINITIONAL_REPRESENTATION('',(#14568),#14572);
#14568 = LINE('',#14569,#14570);
#14569 = CARTESIAN_POINT('',(5.,0.));
#14570 = VECTOR('',#14571,1.);
#14571 = DIRECTION('',(0.,1.));
#14572 = ( GEOMETRIC_REPRESENTATION_CONTEXT(2) 
PARAMETRIC_REPRESENTATION_CONTEXT() REPRESENTATION_CONTEXT('2D SPACE',''
  ) );
#14573 = ORIENTED_EDGE('',*,*,#13761,.T.);
#14574 = ORIENTED_EDGE('',*,*,#13895,.F.);
#14575 = ORIENTED_EDGE('',*,*,#13949,.F.);
#14576 = ORIENTED_EDGE('',*,*,#14314,.T.);
#14577 = ORIENTED_EDGE('',*,*,#14412,.T.);
#14578 = FACE_BOUND('',#14579,.T.);
#14579 = EDGE_LOOP('',(#14580,#14581,#14582,#14583,#14584,#14585));
#14580 = ORIENTED_EDGE('',*,*,#13613,.T.);
#14581 = ORIENTED_EDGE('',*,*,#13689,.T.);
#14582 = ORIENTED_EDGE('',*,*,#13640,.T.);
#14583 = ORIENTED_EDGE('',*,*,#13542,.T.);
#14584 = ORIENTED_EDGE('',*,*,#13444,.T.);
#14585 = ORIENTED_EDGE('',*,*,#13515,.T.);
#14586 = FACE_BOUND('',#14587,.T.);
#14587 = EDGE_LOOP('',(#14588,#14589,#14590,#14591,#14592,#14593));
#14588 = ORIENTED_EDGE('',*,*,#13090,.T.);
#14589 = ORIENTED_EDGE('',*,*,#13166,.T.);
#14590 = ORIENTED_EDGE('',*,*,#13117,.T.);
#14591 = ORIENTED_EDGE('',*,*,#13019,.T.);
#14592 = ORIENTED_EDGE('',*,*,#12921,.T.);
#14593 = ORIENTED_EDGE('',*,*,#12992,.T.);
#14594 = ADVANCED_FACE('',(#14595,#14670),#14541,.T.);
#14595 = FACE_BOUND('',#14596,.T.);
#14596 = EDGE_LOOP('',(#14597,#14620,#14621,#14644));
#14597 = ORIENTED_EDGE('',*,*,#14598,.F.);
#14598 = EDGE_CURVE('',#14526,#14599,#14601,.T.);
#14599 = VERTEX_POINT('',#14600);
#14600 = CARTESIAN_POINT('',(134.,-29.,55.3));
#14601 = SURFACE_CURVE('',#14602,(#14606,#14613),.PCURVE_S1.);
#14602 = LINE('',#14603,#14604);
#14603 = CARTESIAN_POINT('',(134.,-29.,27.3));
#14604 = VECTOR('',#14605,1.);
#14605 = DIRECTION('',(0.,0.,1.));
#14606 = PCURVE('',#14541,#14607);
#14607 = DEFINITIONAL_REPRESENTATION('',(#14608),#14612);
#14608 = LINE('',#14609,#14610);
#14609 = CARTESIAN_POINT('',(0.,0.));
#14610 = VECTOR('',#14611,1.);
#14611 = DIRECTION('',(1.,0.));
#14612 = ( GEOMETRIC_REPRESENTATION_CONTEXT(2) 
PARAMETRIC_REPRESENTATION_CONTEXT() REPRESENTATION_CONTEXT('2D SPACE',''
  ) );
#14613 = PCURVE('',#12433,#14614);
#14614 = DEFINITIONAL_REPRESENTATION('',(#14615),#14619);
#14615 = LINE('',#14616,#14617);
#14616 = CARTESIAN_POINT('',(4.,18.));
#14617 = VECTOR('',#14618,1.);
#14618 = DIRECTION('',(1.,0.));
#14619 = ( GEOMETRIC_REPRESENTATION_CONTEXT(2) 
PARAMETRIC_REPRESENTATION_CONTEXT() REPRESENTATION_CONTEXT('2D SPACE',''
  ) );
#14620 = ORIENTED_EDGE('',*,*,#14525,.T.);
#14621 = ORIENTED_EDGE('',*,*,#14622,.T.);
#14622 = EDGE_CURVE('',#14498,#14623,#14625,.T.);
#14623 = VERTEX_POINT('',#14624);
#14624 = CARTESIAN_POINT('',(134.,-21.,55.3));
#14625 = SURFACE_CURVE('',#14626,(#14630,#14637),.PCURVE_S1.);
#14626 = LINE('',#14627,#14628);
#14627 = CARTESIAN_POINT('',(134.,-21.,27.3));
#14628 = VECTOR('',#14629,1.);
#14629 = DIRECTION('',(0.,0.,1.));
#14630 = PCURVE('',#14541,#14631);
#14631 = DEFINITIONAL_REPRESENTATION('',(#14632),#14636);
#14632 = LINE('',#14633,#14634);
#14633 = CARTESIAN_POINT('',(0.,-8.));
#14634 = VECTOR('',#14635,1.);
#14635 = DIRECTION('',(1.,0.));
#14636 = ( GEOMETRIC_REPRESENTATION_CONTEXT(2) 
PARAMETRIC_REPRESENTATION_CONTEXT() REPRESENTATION_CONTEXT('2D SPACE',''
  ) );
#14637 = PCURVE('',#14513,#14638);
#14638 = DEFINITIONAL_REPRESENTATION('',(#14639),#14643);
#14639 = LINE('',#14640,#14641);
#14640 = CARTESIAN_POINT('',(0.,6.));
#14641 = VECTOR('',#14642,1.);
#14642 = DIRECTION('',(1.,0.));
#14643 = ( GEOMETRIC_REPRESENTATION_CONTEXT(2) 
PARAMETRIC_REPRESENTATION_CONTEXT() REPRESENTATION_CONTEXT('2D SPACE',''
  ) );
#14644 = ORIENTED_EDGE('',*,*,#14645,.F.);
#14645 = EDGE_CURVE('',#14599,#14623,#14646,.T.);
#14646 = SURFACE_CURVE('',#14647,(#14651,#14658),.PCURVE_S1.);
#14647 = LINE('',#14648,#14649);
#14648 = CARTESIAN_POINT('',(134.,-29.,55.3));
#14649 = VECTOR('',#14650,1.);
#14650 = DIRECTION('',(0.,1.,0.));
#14651 = PCURVE('',#14541,#14652);
#14652 = DEFINITIONAL_REPRESENTATION('',(#14653),#14657);
#14653 = LINE('',#14654,#14655);
#14654 = CARTESIAN_POINT('',(28.,0.));
#14655 = VECTOR('',#14656,1.);
#14656 = DIRECTION('',(0.,-1.));
#14657 = ( GEOMETRIC_REPRESENTATION_CONTEXT(2) 
PARAMETRIC_REPRESENTATION_CONTEXT() REPRESENTATION_CONTEXT('2D SPACE',''
  ) );
#14658 = PCURVE('',#14659,#14664);
#14659 = PLANE('',#14660);
#14660 = AXIS2_PLACEMENT_3D('',#14661,#14662,#14663);
#14661 = CARTESIAN_POINT('',(128.,-29.,55.3));
#14662 = DIRECTION('',(0.,0.,1.));
#14663 = DIRECTION('',(1.,0.,0.));
#14664 = DEFINITIONAL_REPRESENTATION('',(#14665),#14669);
#14665 = LINE('',#14666,#14667);
#14666 = CARTESIAN_POINT('',(6.,0.));
#14667 = VECTOR('',#14668,1.);
#14668 = DIRECTION('',(0.,1.));
#14669 = ( GEOMETRIC_REPRESENTATION_CONTEXT(2) 
PARAMETRIC_REPRESENTATION_CONTEXT() REPRESENTATION_CONTEXT('2D SPACE',''
  ) );
#14670 = FACE_BOUND('',#14671,.T.);
#14671 = EDGE_LOOP('',(#14672,#14702,#14731,#14759));
#14672 = ORIENTED_EDGE('',*,*,#14673,.F.);
#14673 = EDGE_CURVE('',#14674,#14676,#14678,.T.);
#14674 = VERTEX_POINT('',#14675);
#14675 = CARTESIAN_POINT('',(134.,-23.3,36.3));
#14676 = VERTEX_POINT('',#14677);
#14677 = CARTESIAN_POINT('',(134.,-23.3,50.3));
#14678 = SURFACE_CURVE('',#14679,(#14683,#14690),.PCURVE_S1.);
#14679 = LINE('',#14680,#14681);
#14680 = CARTESIAN_POINT('',(134.,-23.3,31.8));
#14681 = VECTOR('',#14682,1.);
#14682 = DIRECTION('',(0.,0.,1.));
#14683 = PCURVE('',#14541,#14684);
#14684 = DEFINITIONAL_REPRESENTATION('',(#14685),#14689);
#14685 = LINE('',#14686,#14687);
#14686 = CARTESIAN_POINT('',(4.5,-5.7));
#14687 = VECTOR('',#14688,1.);
#14688 = DIRECTION('',(1.,0.));
#14689 = ( GEOMETRIC_REPRESENTATION_CONTEXT(2) 
PARAMETRIC_REPRESENTATION_CONTEXT() REPRESENTATION_CONTEXT('2D SPACE',''
  ) );
#14690 = PCURVE('',#14691,#14696);
#14691 = PLANE('',#14692);
#14692 = AXIS2_PLACEMENT_3D('',#14693,#14694,#14695);
#14693 = CARTESIAN_POINT('',(127.,-23.3,36.3));
#14694 = DIRECTION('',(0.,1.,0.));
#14695 = DIRECTION('',(0.,0.,1.));
#14696 = DEFINITIONAL_REPRESENTATION('',(#14697),#14701);
#14697 = LINE('',#14698,#14699);
#14698 = CARTESIAN_POINT('',(-4.5,7.));
#14699 = VECTOR('',#14700,1.);
#14700 = DIRECTION('',(1.,0.));
#14701 = ( GEOMETRIC_REPRESENTATION_CONTEXT(2) 
PARAMETRIC_REPRESENTATION_CONTEXT() REPRESENTATION_CONTEXT('2D SPACE',''
  ) );
#14702 = ORIENTED_EDGE('',*,*,#14703,.F.);
#14703 = EDGE_CURVE('',#14704,#14674,#14706,.T.);
#14704 = VERTEX_POINT('',#14705);
#14705 = CARTESIAN_POINT('',(134.,-26.7,36.3));
#14706 = SURFACE_CURVE('',#14707,(#14712,#14719),.PCURVE_S1.);
#14707 = CIRCLE('',#14708,1.7);
#14708 = AXIS2_PLACEMENT_3D('',#14709,#14710,#14711);
#14709 = CARTESIAN_POINT('',(134.,-25.,36.3));
#14710 = DIRECTION('',(1.,0.,0.));
#14711 = DIRECTION('',(-0.,0.,1.));
#14712 = PCURVE('',#14541,#14713);
#14713 = DEFINITIONAL_REPRESENTATION('',(#14714),#14718);
#14714 = CIRCLE('',#14715,1.7);
#14715 = AXIS2_PLACEMENT_2D('',#14716,#14717);
#14716 = CARTESIAN_POINT('',(9.,-4.));
#14717 = DIRECTION('',(1.,0.));
#14718 = ( GEOMETRIC_REPRESENTATION_CONTEXT(2) 
PARAMETRIC_REPRESENTATION_CONTEXT() REPRESENTATION_CONTEXT('2D SPACE',''
  ) );
#14719 = PCURVE('',#14720,#14725);
#14720 = CYLINDRICAL_SURFACE('',#14721,1.7);
#14721 = AXIS2_PLACEMENT_3D('',#14722,#14723,#14724);
#14722 = CARTESIAN_POINT('',(127.,-25.,36.3));
#14723 = DIRECTION('',(1.,0.,0.));
#14724 = DIRECTION('',(-0.,0.,1.));
#14725 = DEFINITIONAL_REPRESENTATION('',(#14726),#14730);
#14726 = LINE('',#14727,#14728);
#14727 = CARTESIAN_POINT('',(0.,7.));
#14728 = VECTOR('',#14729,1.);
#14729 = DIRECTION('',(1.,0.));
#14730 = ( GEOMETRIC_REPRESENTATION_CONTEXT(2) 
PARAMETRIC_REPRESENTATION_CONTEXT() REPRESENTATION_CONTEXT('2D SPACE',''
  ) );
#14731 = ORIENTED_EDGE('',*,*,#14732,.T.);
#14732 = EDGE_CURVE('',#14704,#14733,#14735,.T.);
#14733 = VERTEX_POINT('',#14734);
#14734 = CARTESIAN_POINT('',(134.,-26.7,50.3));
#14735 = SURFACE_CURVE('',#14736,(#14740,#14747),.PCURVE_S1.);
#14736 = LINE('',#14737,#14738);
#14737 = CARTESIAN_POINT('',(134.,-26.7,31.8));
#14738 = VECTOR('',#14739,1.);
#14739 = DIRECTION('',(0.,0.,1.));
#14740 = PCURVE('',#14541,#14741);
#14741 = DEFINITIONAL_REPRESENTATION('',(#14742),#14746);
#14742 = LINE('',#14743,#14744);
#14743 = CARTESIAN_POINT('',(4.5,-2.3));
#14744 = VECTOR('',#14745,1.);
#14745 = DIRECTION('',(1.,0.));
#14746 = ( GEOMETRIC_REPRESENTATION_CONTEXT(2) 
PARAMETRIC_REPRESENTATION_CONTEXT() REPRESENTATION_CONTEXT('2D SPACE',''
  ) );
#14747 = PCURVE('',#14748,#14753);
#14748 = PLANE('',#14749);
#14749 = AXIS2_PLACEMENT_3D('',#14750,#14751,#14752);
#14750 = CARTESIAN_POINT('',(127.,-26.7,36.3));
#14751 = DIRECTION('',(0.,1.,0.));
#14752 = DIRECTION('',(0.,0.,1.));
#14753 = DEFINITIONAL_REPRESENTATION('',(#14754),#14758);
#14754 = LINE('',#14755,#14756);
#14755 = CARTESIAN_POINT('',(-4.5,7.));
#14756 = VECTOR('',#14757,1.);
#14757 = DIRECTION('',(1.,0.));
#14758 = ( GEOMETRIC_REPRESENTATION_CONTEXT(2) 
PARAMETRIC_REPRESENTATION_CONTEXT() REPRESENTATION_CONTEXT('2D SPACE',''
  ) );
#14759 = ORIENTED_EDGE('',*,*,#14760,.T.);
#14760 = EDGE_CURVE('',#14733,#14676,#14761,.T.);
#14761 = SURFACE_CURVE('',#14762,(#14767,#14778),.PCURVE_S1.);
#14762 = CIRCLE('',#14763,1.7);
#14763 = AXIS2_PLACEMENT_3D('',#14764,#14765,#14766);
#14764 = CARTESIAN_POINT('',(134.,-25.,50.3));
#14765 = DIRECTION('',(-1.,0.,0.));
#14766 = DIRECTION('',(0.,-1.,0.));
#14767 = PCURVE('',#14541,#14768);
#14768 = DEFINITIONAL_REPRESENTATION('',(#14769),#14777);
#14769 = ( BOUNDED_CURVE() B_SPLINE_CURVE(2,(#14770,#14771,#14772,#14773
    ,#14774,#14775,#14776),.UNSPECIFIED.,.T.,.F.) 
B_SPLINE_CURVE_WITH_KNOTS((1,2,2,2,2,1),(-2.094395102393,0.,
    2.094395102393,4.188790204786,6.28318530718,8.377580409573),
.UNSPECIFIED.) CURVE() GEOMETRIC_REPRESENTATION_ITEM() 
RATIONAL_B_SPLINE_CURVE((1.,0.5,1.,0.5,1.,0.5,1.)) REPRESENTATION_ITEM(
  '') );
#14770 = CARTESIAN_POINT('',(23.,-2.3));
#14771 = CARTESIAN_POINT('',(25.944486372867,-2.3));
#14772 = CARTESIAN_POINT('',(24.472243186434,-4.85));
#14773 = CARTESIAN_POINT('',(23.,-7.4));
#14774 = CARTESIAN_POINT('',(21.527756813566,-4.85));
#14775 = CARTESIAN_POINT('',(20.055513627133,-2.3));
#14776 = CARTESIAN_POINT('',(23.,-2.3));
#14777 = ( GEOMETRIC_REPRESENTATION_CONTEXT(2) 
PARAMETRIC_REPRESENTATION_CONTEXT() REPRESENTATION_CONTEXT('2D SPACE',''
  ) );
#14778 = PCURVE('',#14779,#14784);
#14779 = CYLINDRICAL_SURFACE('',#14780,1.7);
#14780 = AXIS2_PLACEMENT_3D('',#14781,#14782,#14783);
#14781 = CARTESIAN_POINT('',(127.,-25.,50.3));
#14782 = DIRECTION('',(1.,0.,0.));
#14783 = DIRECTION('',(-0.,0.,1.));
#14784 = DEFINITIONAL_REPRESENTATION('',(#14785),#14789);
#14785 = LINE('',#14786,#14787);
#14786 = CARTESIAN_POINT('',(7.853981633974,7.));
#14787 = VECTOR('',#14788,1.);
#14788 = DIRECTION('',(-1.,-0.));
#14789 = ( GEOMETRIC_REPRESENTATION_CONTEXT(2) 
PARAMETRIC_REPRESENTATION_CONTEXT() REPRESENTATION_CONTEXT('2D SPACE',''
  ) );
#14790 = ADVANCED_FACE('',(#14791),#14779,.F.);
#14791 = FACE_BOUND('',#14792,.F.);
#14792 = EDGE_LOOP('',(#14793,#14819,#14840,#14841));
#14793 = ORIENTED_EDGE('',*,*,#14794,.T.);
#14794 = EDGE_CURVE('',#14795,#14797,#14799,.T.);
#14795 = VERTEX_POINT('',#14796);
#14796 = CARTESIAN_POINT('',(128.,-23.3,50.3));
#14797 = VERTEX_POINT('',#14798);
#14798 = CARTESIAN_POINT('',(128.,-26.7,50.3));
#14799 = SURFACE_CURVE('',#14800,(#14805,#14812),.PCURVE_S1.);
#14800 = CIRCLE('',#14801,1.7);
#14801 = AXIS2_PLACEMENT_3D('',#14802,#14803,#14804);
#14802 = CARTESIAN_POINT('',(128.,-25.,50.3));
#14803 = DIRECTION('',(1.,0.,0.));
#14804 = DIRECTION('',(-0.,1.,0.));
#14805 = PCURVE('',#14779,#14806);
#14806 = DEFINITIONAL_REPRESENTATION('',(#14807),#14811);
#14807 = LINE('',#14808,#14809);
#14808 = CARTESIAN_POINT('',(4.712388980385,1.));
#14809 = VECTOR('',#14810,1.);
#14810 = DIRECTION('',(1.,0.));
#14811 = ( GEOMETRIC_REPRESENTATION_CONTEXT(2) 
PARAMETRIC_REPRESENTATION_CONTEXT() REPRESENTATION_CONTEXT('2D SPACE',''
  ) );
#14812 = PCURVE('',#14485,#14813);
#14813 = DEFINITIONAL_REPRESENTATION('',(#14814),#14818);
#14814 = CIRCLE('',#14815,1.7);
#14815 = AXIS2_PLACEMENT_2D('',#14816,#14817);
#14816 = CARTESIAN_POINT('',(23.,-4.));
#14817 = DIRECTION('',(0.,-1.));
#14818 = ( GEOMETRIC_REPRESENTATION_CONTEXT(2) 
PARAMETRIC_REPRESENTATION_CONTEXT() REPRESENTATION_CONTEXT('2D SPACE',''
  ) );
#14819 = ORIENTED_EDGE('',*,*,#14820,.T.);
#14820 = EDGE_CURVE('',#14797,#14733,#14821,.T.);
#14821 = SURFACE_CURVE('',#14822,(#14826,#14833),.PCURVE_S1.);
#14822 = LINE('',#14823,#14824);
#14823 = CARTESIAN_POINT('',(127.,-26.7,50.3));
#14824 = VECTOR('',#14825,1.);
#14825 = DIRECTION('',(1.,0.,0.));
#14826 = PCURVE('',#14779,#14827);
#14827 = DEFINITIONAL_REPRESENTATION('',(#14828),#14832);
#14828 = LINE('',#14829,#14830);
#14829 = CARTESIAN_POINT('',(7.853981633974,0.));
#14830 = VECTOR('',#14831,1.);
#14831 = DIRECTION('',(0.,1.));
#14832 = ( GEOMETRIC_REPRESENTATION_CONTEXT(2) 
PARAMETRIC_REPRESENTATION_CONTEXT() REPRESENTATION_CONTEXT('2D SPACE',''
  ) );
#14833 = PCURVE('',#14748,#14834);
#14834 = DEFINITIONAL_REPRESENTATION('',(#14835),#14839);
#14835 = LINE('',#14836,#14837);
#14836 = CARTESIAN_POINT('',(14.,0.));
#14837 = VECTOR('',#14838,1.);
#14838 = DIRECTION('',(0.,1.));
#14839 = ( GEOMETRIC_REPRESENTATION_CONTEXT(2) 
PARAMETRIC_REPRESENTATION_CONTEXT() REPRESENTATION_CONTEXT('2D SPACE',''
  ) );
#14840 = ORIENTED_EDGE('',*,*,#14760,.T.);
#14841 = ORIENTED_EDGE('',*,*,#14842,.F.);
#14842 = EDGE_CURVE('',#14795,#14676,#14843,.T.);
#14843 = SURFACE_CURVE('',#14844,(#14848,#14855),.PCURVE_S1.);
#14844 = LINE('',#14845,#14846);
#14845 = CARTESIAN_POINT('',(127.,-23.3,50.3));
#14846 = VECTOR('',#14847,1.);
#14847 = DIRECTION('',(1.,0.,0.));
#14848 = PCURVE('',#14779,#14849);
#14849 = DEFINITIONAL_REPRESENTATION('',(#14850),#14854);
#14850 = LINE('',#14851,#14852);
#14851 = CARTESIAN_POINT('',(4.712388980385,0.));
#14852 = VECTOR('',#14853,1.);
#14853 = DIRECTION('',(0.,1.));
#14854 = ( GEOMETRIC_REPRESENTATION_CONTEXT(2) 
PARAMETRIC_REPRESENTATION_CONTEXT() REPRESENTATION_CONTEXT('2D SPACE',''
  ) );
#14855 = PCURVE('',#14691,#14856);
#14856 = DEFINITIONAL_REPRESENTATION('',(#14857),#14861);
#14857 = LINE('',#14858,#14859);
#14858 = CARTESIAN_POINT('',(14.,0.));
#14859 = VECTOR('',#14860,1.);
#14860 = DIRECTION('',(0.,1.));
#14861 = ( GEOMETRIC_REPRESENTATION_CONTEXT(2) 
PARAMETRIC_REPRESENTATION_CONTEXT() REPRESENTATION_CONTEXT('2D SPACE',''
  ) );
#14862 = ADVANCED_FACE('',(#14863),#14748,.T.);
#14863 = FACE_BOUND('',#14864,.T.);
#14864 = EDGE_LOOP('',(#14865,#14888,#14909,#14910));
#14865 = ORIENTED_EDGE('',*,*,#14866,.F.);
#14866 = EDGE_CURVE('',#14867,#14704,#14869,.T.);
#14867 = VERTEX_POINT('',#14868);
#14868 = CARTESIAN_POINT('',(128.,-26.7,36.3));
#14869 = SURFACE_CURVE('',#14870,(#14874,#14881),.PCURVE_S1.);
#14870 = LINE('',#14871,#14872);
#14871 = CARTESIAN_POINT('',(127.,-26.7,36.3));
#14872 = VECTOR('',#14873,1.);
#14873 = DIRECTION('',(1.,0.,0.));
#14874 = PCURVE('',#14748,#14875);
#14875 = DEFINITIONAL_REPRESENTATION('',(#14876),#14880);
#14876 = LINE('',#14877,#14878);
#14877 = CARTESIAN_POINT('',(0.,0.));
#14878 = VECTOR('',#14879,1.);
#14879 = DIRECTION('',(0.,1.));
#14880 = ( GEOMETRIC_REPRESENTATION_CONTEXT(2) 
PARAMETRIC_REPRESENTATION_CONTEXT() REPRESENTATION_CONTEXT('2D SPACE',''
  ) );
#14881 = PCURVE('',#14720,#14882);
#14882 = DEFINITIONAL_REPRESENTATION('',(#14883),#14887);
#14883 = LINE('',#14884,#14885);
#14884 = CARTESIAN_POINT('',(1.570796326795,0.));
#14885 = VECTOR('',#14886,1.);
#14886 = DIRECTION('',(0.,1.));
#14887 = ( GEOMETRIC_REPRESENTATION_CONTEXT(2) 
PARAMETRIC_REPRESENTATION_CONTEXT() REPRESENTATION_CONTEXT('2D SPACE',''
  ) );
#14888 = ORIENTED_EDGE('',*,*,#14889,.T.);
#14889 = EDGE_CURVE('',#14867,#14797,#14890,.T.);
#14890 = SURFACE_CURVE('',#14891,(#14895,#14902),.PCURVE_S1.);
#14891 = LINE('',#14892,#14893);
#14892 = CARTESIAN_POINT('',(128.,-26.7,31.8));
#14893 = VECTOR('',#14894,1.);
#14894 = DIRECTION('',(0.,0.,1.));
#14895 = PCURVE('',#14748,#14896);
#14896 = DEFINITIONAL_REPRESENTATION('',(#14897),#14901);
#14897 = LINE('',#14898,#14899);
#14898 = CARTESIAN_POINT('',(-4.5,1.));
#14899 = VECTOR('',#14900,1.);
#14900 = DIRECTION('',(1.,0.));
#14901 = ( GEOMETRIC_REPRESENTATION_CONTEXT(2) 
PARAMETRIC_REPRESENTATION_CONTEXT() REPRESENTATION_CONTEXT('2D SPACE',''
  ) );
#14902 = PCURVE('',#14485,#14903);
#14903 = DEFINITIONAL_REPRESENTATION('',(#14904),#14908);
#14904 = LINE('',#14905,#14906);
#14905 = CARTESIAN_POINT('',(4.5,-2.3));
#14906 = VECTOR('',#14907,1.);
#14907 = DIRECTION('',(1.,0.));
#14908 = ( GEOMETRIC_REPRESENTATION_CONTEXT(2) 
PARAMETRIC_REPRESENTATION_CONTEXT() REPRESENTATION_CONTEXT('2D SPACE',''
  ) );
#14909 = ORIENTED_EDGE('',*,*,#14820,.T.);
#14910 = ORIENTED_EDGE('',*,*,#14732,.F.);
#14911 = ADVANCED_FACE('',(#14912),#14720,.F.);
#14912 = FACE_BOUND('',#14913,.F.);
#14913 = EDGE_LOOP('',(#14914,#14915,#14916,#14940));
#14914 = ORIENTED_EDGE('',*,*,#14703,.F.);
#14915 = ORIENTED_EDGE('',*,*,#14866,.F.);
#14916 = ORIENTED_EDGE('',*,*,#14917,.T.);
#14917 = EDGE_CURVE('',#14867,#14918,#14920,.T.);
#14918 = VERTEX_POINT('',#14919);
#14919 = CARTESIAN_POINT('',(128.,-23.3,36.3));
#14920 = SURFACE_CURVE('',#14921,(#14926,#14933),.PCURVE_S1.);
#14921 = CIRCLE('',#14922,1.7);
#14922 = AXIS2_PLACEMENT_3D('',#14923,#14924,#14925);
#14923 = CARTESIAN_POINT('',(128.,-25.,36.3));
#14924 = DIRECTION('',(1.,0.,0.));
#14925 = DIRECTION('',(-0.,0.,1.));
#14926 = PCURVE('',#14720,#14927);
#14927 = DEFINITIONAL_REPRESENTATION('',(#14928),#14932);
#14928 = LINE('',#14929,#14930);
#14929 = CARTESIAN_POINT('',(0.,1.));
#14930 = VECTOR('',#14931,1.);
#14931 = DIRECTION('',(1.,0.));
#14932 = ( GEOMETRIC_REPRESENTATION_CONTEXT(2) 
PARAMETRIC_REPRESENTATION_CONTEXT() REPRESENTATION_CONTEXT('2D SPACE',''
  ) );
#14933 = PCURVE('',#14485,#14934);
#14934 = DEFINITIONAL_REPRESENTATION('',(#14935),#14939);
#14935 = CIRCLE('',#14936,1.7);
#14936 = AXIS2_PLACEMENT_2D('',#14937,#14938);
#14937 = CARTESIAN_POINT('',(9.,-4.));
#14938 = DIRECTION('',(1.,0.));
#14939 = ( GEOMETRIC_REPRESENTATION_CONTEXT(2) 
PARAMETRIC_REPRESENTATION_CONTEXT() REPRESENTATION_CONTEXT('2D SPACE',''
  ) );
#14940 = ORIENTED_EDGE('',*,*,#14941,.T.);
#14941 = EDGE_CURVE('',#14918,#14674,#14942,.T.);
#14942 = SURFACE_CURVE('',#14943,(#14947,#14954),.PCURVE_S1.);
#14943 = LINE('',#14944,#14945);
#14944 = CARTESIAN_POINT('',(127.,-23.3,36.3));
#14945 = VECTOR('',#14946,1.);
#14946 = DIRECTION('',(1.,0.,0.));
#14947 = PCURVE('',#14720,#14948);
#14948 = DEFINITIONAL_REPRESENTATION('',(#14949),#14953);
#14949 = LINE('',#14950,#14951);
#14950 = CARTESIAN_POINT('',(4.712388980385,0.));
#14951 = VECTOR('',#14952,1.);
#14952 = DIRECTION('',(0.,1.));
#14953 = ( GEOMETRIC_REPRESENTATION_CONTEXT(2) 
PARAMETRIC_REPRESENTATION_CONTEXT() REPRESENTATION_CONTEXT('2D SPACE',''
  ) );
#14954 = PCURVE('',#14691,#14955);
#14955 = DEFINITIONAL_REPRESENTATION('',(#14956),#14960);
#14956 = LINE('',#14957,#14958);
#14957 = CARTESIAN_POINT('',(0.,0.));
#14958 = VECTOR('',#14959,1.);
#14959 = DIRECTION('',(0.,1.));
#14960 = ( GEOMETRIC_REPRESENTATION_CONTEXT(2) 
PARAMETRIC_REPRESENTATION_CONTEXT() REPRESENTATION_CONTEXT('2D SPACE',''
  ) );
#14961 = ADVANCED_FACE('',(#14962),#14691,.F.);
#14962 = FACE_BOUND('',#14963,.F.);
#14963 = EDGE_LOOP('',(#14964,#14965,#14986,#14987));
#14964 = ORIENTED_EDGE('',*,*,#14941,.F.);
#14965 = ORIENTED_EDGE('',*,*,#14966,.T.);
#14966 = EDGE_CURVE('',#14918,#14795,#14967,.T.);
#14967 = SURFACE_CURVE('',#14968,(#14972,#14979),.PCURVE_S1.);
#14968 = LINE('',#14969,#14970);
#14969 = CARTESIAN_POINT('',(128.,-23.3,31.8));
#14970 = VECTOR('',#14971,1.);
#14971 = DIRECTION('',(0.,0.,1.));
#14972 = PCURVE('',#14691,#14973);
#14973 = DEFINITIONAL_REPRESENTATION('',(#14974),#14978);
#14974 = LINE('',#14975,#14976);
#14975 = CARTESIAN_POINT('',(-4.5,1.));
#14976 = VECTOR('',#14977,1.);
#14977 = DIRECTION('',(1.,0.));
#14978 = ( GEOMETRIC_REPRESENTATION_CONTEXT(2) 
PARAMETRIC_REPRESENTATION_CONTEXT() REPRESENTATION_CONTEXT('2D SPACE',''
  ) );
#14979 = PCURVE('',#14485,#14980);
#14980 = DEFINITIONAL_REPRESENTATION('',(#14981),#14985);
#14981 = LINE('',#14982,#14983);
#14982 = CARTESIAN_POINT('',(4.5,-5.7));
#14983 = VECTOR('',#14984,1.);
#14984 = DIRECTION('',(1.,0.));
#14985 = ( GEOMETRIC_REPRESENTATION_CONTEXT(2) 
PARAMETRIC_REPRESENTATION_CONTEXT() REPRESENTATION_CONTEXT('2D SPACE',''
  ) );
#14986 = ORIENTED_EDGE('',*,*,#14842,.T.);
#14987 = ORIENTED_EDGE('',*,*,#14673,.F.);
#14988 = ADVANCED_FACE('',(#14989),#14659,.T.);
#14989 = FACE_BOUND('',#14990,.T.);
#14990 = EDGE_LOOP('',(#14991,#15016,#15037,#15038));
#14991 = ORIENTED_EDGE('',*,*,#14992,.F.);
#14992 = EDGE_CURVE('',#14993,#14995,#14997,.T.);
#14993 = VERTEX_POINT('',#14994);
#14994 = CARTESIAN_POINT('',(128.,-29.,55.3));
#14995 = VERTEX_POINT('',#14996);
#14996 = CARTESIAN_POINT('',(128.,-21.,55.3));
#14997 = SURFACE_CURVE('',#14998,(#15002,#15009),.PCURVE_S1.);
#14998 = LINE('',#14999,#15000);
#14999 = CARTESIAN_POINT('',(128.,-29.,55.3));
#15000 = VECTOR('',#15001,1.);
#15001 = DIRECTION('',(0.,1.,0.));
#15002 = PCURVE('',#14659,#15003);
#15003 = DEFINITIONAL_REPRESENTATION('',(#15004),#15008);
#15004 = LINE('',#15005,#15006);
#15005 = CARTESIAN_POINT('',(0.,0.));
#15006 = VECTOR('',#15007,1.);
#15007 = DIRECTION('',(0.,1.));
#15008 = ( GEOMETRIC_REPRESENTATION_CONTEXT(2) 
PARAMETRIC_REPRESENTATION_CONTEXT() REPRESENTATION_CONTEXT('2D SPACE',''
  ) );
#15009 = PCURVE('',#14485,#15010);
#15010 = DEFINITIONAL_REPRESENTATION('',(#15011),#15015);
#15011 = LINE('',#15012,#15013);
#15012 = CARTESIAN_POINT('',(28.,0.));
#15013 = VECTOR('',#15014,1.);
#15014 = DIRECTION('',(0.,-1.));
#15015 = ( GEOMETRIC_REPRESENTATION_CONTEXT(2) 
PARAMETRIC_REPRESENTATION_CONTEXT() REPRESENTATION_CONTEXT('2D SPACE',''
  ) );
#15016 = ORIENTED_EDGE('',*,*,#15017,.T.);
#15017 = EDGE_CURVE('',#14993,#14599,#15018,.T.);
#15018 = SURFACE_CURVE('',#15019,(#15023,#15030),.PCURVE_S1.);
#15019 = LINE('',#15020,#15021);
#15020 = CARTESIAN_POINT('',(128.,-29.,55.3));
#15021 = VECTOR('',#15022,1.);
#15022 = DIRECTION('',(1.,0.,0.));
#15023 = PCURVE('',#14659,#15024);
#15024 = DEFINITIONAL_REPRESENTATION('',(#15025),#15029);
#15025 = LINE('',#15026,#15027);
#15026 = CARTESIAN_POINT('',(0.,0.));
#15027 = VECTOR('',#15028,1.);
#15028 = DIRECTION('',(1.,0.));
#15029 = ( GEOMETRIC_REPRESENTATION_CONTEXT(2) 
PARAMETRIC_REPRESENTATION_CONTEXT() REPRESENTATION_CONTEXT('2D SPACE',''
  ) );
#15030 = PCURVE('',#12433,#15031);
#15031 = DEFINITIONAL_REPRESENTATION('',(#15032),#15036);
#15032 = LINE('',#15033,#15034);
#15033 = CARTESIAN_POINT('',(32.,12.));
#15034 = VECTOR('',#15035,1.);
#15035 = DIRECTION('',(0.,1.));
#15036 = ( GEOMETRIC_REPRESENTATION_CONTEXT(2) 
PARAMETRIC_REPRESENTATION_CONTEXT() REPRESENTATION_CONTEXT('2D SPACE',''
  ) );
#15037 = ORIENTED_EDGE('',*,*,#14645,.T.);
#15038 = ORIENTED_EDGE('',*,*,#15039,.F.);
#15039 = EDGE_CURVE('',#14995,#14623,#15040,.T.);
#15040 = SURFACE_CURVE('',#15041,(#15045,#15052),.PCURVE_S1.);
#15041 = LINE('',#15042,#15043);
#15042 = CARTESIAN_POINT('',(128.,-21.,55.3));
#15043 = VECTOR('',#15044,1.);
#15044 = DIRECTION('',(1.,0.,0.));
#15045 = PCURVE('',#14659,#15046);
#15046 = DEFINITIONAL_REPRESENTATION('',(#15047),#15051);
#15047 = LINE('',#15048,#15049);
#15048 = CARTESIAN_POINT('',(0.,8.));
#15049 = VECTOR('',#15050,1.);
#15050 = DIRECTION('',(1.,0.));
#15051 = ( GEOMETRIC_REPRESENTATION_CONTEXT(2) 
PARAMETRIC_REPRESENTATION_CONTEXT() REPRESENTATION_CONTEXT('2D SPACE',''
  ) );
#15052 = PCURVE('',#14513,#15053);
#15053 = DEFINITIONAL_REPRESENTATION('',(#15054),#15058);
#15054 = LINE('',#15055,#15056);
#15055 = CARTESIAN_POINT('',(28.,0.));
#15056 = VECTOR('',#15057,1.);
#15057 = DIRECTION('',(0.,1.));
#15058 = ( GEOMETRIC_REPRESENTATION_CONTEXT(2) 
PARAMETRIC_REPRESENTATION_CONTEXT() REPRESENTATION_CONTEXT('2D SPACE',''
  ) );
#15059 = ADVANCED_FACE('',(#15060),#14513,.T.);
#15060 = FACE_BOUND('',#15061,.T.);
#15061 = EDGE_LOOP('',(#15062,#15063,#15064,#15085));
#15062 = ORIENTED_EDGE('',*,*,#14622,.F.);
#15063 = ORIENTED_EDGE('',*,*,#14497,.T.);
#15064 = ORIENTED_EDGE('',*,*,#15065,.T.);
#15065 = EDGE_CURVE('',#14470,#14995,#15066,.T.);
#15066 = SURFACE_CURVE('',#15067,(#15071,#15078),.PCURVE_S1.);
#15067 = LINE('',#15068,#15069);
#15068 = CARTESIAN_POINT('',(128.,-21.,27.3));
#15069 = VECTOR('',#15070,1.);
#15070 = DIRECTION('',(0.,0.,1.));
#15071 = PCURVE('',#14513,#15072);
#15072 = DEFINITIONAL_REPRESENTATION('',(#15073),#15077);
#15073 = LINE('',#15074,#15075);
#15074 = CARTESIAN_POINT('',(0.,0.));
#15075 = VECTOR('',#15076,1.);
#15076 = DIRECTION('',(1.,0.));
#15077 = ( GEOMETRIC_REPRESENTATION_CONTEXT(2) 
PARAMETRIC_REPRESENTATION_CONTEXT() REPRESENTATION_CONTEXT('2D SPACE',''
  ) );
#15078 = PCURVE('',#14485,#15079);
#15079 = DEFINITIONAL_REPRESENTATION('',(#15080),#15084);
#15080 = LINE('',#15081,#15082);
#15081 = CARTESIAN_POINT('',(0.,-8.));
#15082 = VECTOR('',#15083,1.);
#15083 = DIRECTION('',(1.,0.));
#15084 = ( GEOMETRIC_REPRESENTATION_CONTEXT(2) 
PARAMETRIC_REPRESENTATION_CONTEXT() REPRESENTATION_CONTEXT('2D SPACE',''
  ) );
#15085 = ORIENTED_EDGE('',*,*,#15039,.T.);
#15086 = ADVANCED_FACE('',(#15087,#15113),#14485,.F.);
#15087 = FACE_BOUND('',#15088,.F.);
#15088 = EDGE_LOOP('',(#15089,#15110,#15111,#15112));
#15089 = ORIENTED_EDGE('',*,*,#15090,.F.);
#15090 = EDGE_CURVE('',#14447,#14993,#15091,.T.);
#15091 = SURFACE_CURVE('',#15092,(#15096,#15103),.PCURVE_S1.);
#15092 = LINE('',#15093,#15094);
#15093 = CARTESIAN_POINT('',(128.,-29.,27.3));
#15094 = VECTOR('',#15095,1.);
#15095 = DIRECTION('',(0.,0.,1.));
#15096 = PCURVE('',#14485,#15097);
#15097 = DEFINITIONAL_REPRESENTATION('',(#15098),#15102);
#15098 = LINE('',#15099,#15100);
#15099 = CARTESIAN_POINT('',(0.,0.));
#15100 = VECTOR('',#15101,1.);
#15101 = DIRECTION('',(1.,0.));
#15102 = ( GEOMETRIC_REPRESENTATION_CONTEXT(2) 
PARAMETRIC_REPRESENTATION_CONTEXT() REPRESENTATION_CONTEXT('2D SPACE',''
  ) );
#15103 = PCURVE('',#12433,#15104);
#15104 = DEFINITIONAL_REPRESENTATION('',(#15105),#15109);
#15105 = LINE('',#15106,#15107);
#15106 = CARTESIAN_POINT('',(4.,12.));
#15107 = VECTOR('',#15108,1.);
#15108 = DIRECTION('',(1.,0.));
#15109 = ( GEOMETRIC_REPRESENTATION_CONTEXT(2) 
PARAMETRIC_REPRESENTATION_CONTEXT() REPRESENTATION_CONTEXT('2D SPACE',''
  ) );
#15110 = ORIENTED_EDGE('',*,*,#14469,.T.);
#15111 = ORIENTED_EDGE('',*,*,#15065,.T.);
#15112 = ORIENTED_EDGE('',*,*,#14992,.F.);
#15113 = FACE_BOUND('',#15114,.F.);
#15114 = EDGE_LOOP('',(#15115,#15116,#15117,#15118));
#15115 = ORIENTED_EDGE('',*,*,#14966,.F.);
#15116 = ORIENTED_EDGE('',*,*,#14917,.F.);
#15117 = ORIENTED_EDGE('',*,*,#14889,.T.);
#15118 = ORIENTED_EDGE('',*,*,#14794,.F.);
#15119 = ADVANCED_FACE('',(#15120),#12433,.F.);
#15120 = FACE_BOUND('',#15121,.F.);
#15121 = EDGE_LOOP('',(#15122,#15123,#15124,#15125,#15126,#15127,#15128,
    #15129));
#15122 = ORIENTED_EDGE('',*,*,#13714,.F.);
#15123 = ORIENTED_EDGE('',*,*,#12531,.F.);
#15124 = ORIENTED_EDGE('',*,*,#12410,.T.);
#15125 = ORIENTED_EDGE('',*,*,#14446,.T.);
#15126 = ORIENTED_EDGE('',*,*,#15090,.T.);
#15127 = ORIENTED_EDGE('',*,*,#15017,.T.);
#15128 = ORIENTED_EDGE('',*,*,#14598,.F.);
#15129 = ORIENTED_EDGE('',*,*,#14553,.T.);
#15130 = ( GEOMETRIC_REPRESENTATION_CONTEXT(3) 
GLOBAL_UNCERTAINTY_ASSIGNED_CONTEXT((#15134)) 
GLOBAL_UNIT_ASSIGNED_CONTEXT((#15131,#15132,#15133)) 
REPRESENTATION_CONTEXT('Context #1',
  '3D Context with UNIT and UNCERTAINTY') );
#15131 = ( LENGTH_UNIT() NAMED_UNIT(*) SI_UNIT(.MILLI.,.METRE.) );
#15132 = ( NAMED_UNIT(*) PLANE_ANGLE_UNIT() SI_UNIT($,.RADIAN.) );
#15133 = ( NAMED_UNIT(*) SI_UNIT($,.STERADIAN.) SOLID_ANGLE_UNIT() );
#15134 = UNCERTAINTY_MEASURE_WITH_UNIT(LENGTH_MEASURE(1.E-07),#15131,
  'distance_accuracy_value','confusion accuracy');
#15135 = CONTEXT_DEPENDENT_SHAPE_REPRESENTATION(#15136,#15138);
#15136 = ( REPRESENTATION_RELATIONSHIP('','',#12403,#10) 
REPRESENTATION_RELATIONSHIP_WITH_TRANSFORMATION(#15137) 
SHAPE_REPRESENTATION_RELATIONSHIP() );
#15137 = ITEM_DEFINED_TRANSFORMATION('','',#11,#43);
#15138 = PRODUCT_DEFINITION_SHAPE('Placement','Placement of an item',
  #15139);
#15139 = NEXT_ASSEMBLY_USAGE_OCCURRENCE('8','saddle_foot','',#5,#12398,$
  );
#15140 = PRODUCT_RELATED_PRODUCT_CATEGORY('part',$,(#12400));
#15141 = SHAPE_DEFINITION_REPRESENTATION(#15142,#15148);
#15142 = PRODUCT_DEFINITION_SHAPE('','',#15143);
#15143 = PRODUCT_DEFINITION('design','',#15144,#15147);
#15144 = PRODUCT_DEFINITION_FORMATION('','',#15145);
#15145 = PRODUCT('saddle_cradle','saddle_cradle','',(#15146));
#15146 = PRODUCT_CONTEXT('',#2,'mechanical');
#15147 = PRODUCT_DEFINITION_CONTEXT('part definition',#2,'design');
#15148 = ADVANCED_BREP_SHAPE_REPRESENTATION('',(#11,#15149),#16761);
#15149 = MANIFOLD_SOLID_BREP('',#15150);
#15150 = CLOSED_SHELL('',(#15151,#15390,#15466,#15515,#15565,#15614,
    #15663,#15690,#15745,#15800,#16149,#16293,#16437,#16484,#16511,
    #16538,#16565,#16592,#16599,#16646,#16673,#16700,#16727,#16754));
#15151 = ADVANCED_FACE('',(#15152,#15328,#15359),#15166,.F.);
#15152 = FACE_BOUND('',#15153,.F.);
#15153 = EDGE_LOOP('',(#15154,#15189,#15217,#15245,#15273,#15301));
#15154 = ORIENTED_EDGE('',*,*,#15155,.F.);
#15155 = EDGE_CURVE('',#15156,#15158,#15160,.T.);
#15156 = VERTEX_POINT('',#15157);
#15157 = CARTESIAN_POINT('',(134.3,-29.,60.3));
#15158 = VERTEX_POINT('',#15159);
#15159 = CARTESIAN_POINT('',(134.3,-20.,60.3));
#15160 = SURFACE_CURVE('',#15161,(#15165,#15177),.PCURVE_S1.);
#15161 = LINE('',#15162,#15163);
#15162 = CARTESIAN_POINT('',(134.3,-29.,60.3));
#15163 = VECTOR('',#15164,1.);
#15164 = DIRECTION('',(0.,1.,0.));
#15165 = PCURVE('',#15166,#15171);
#15166 = PLANE('',#15167);
#15167 = AXIS2_PLACEMENT_3D('',#15168,#15169,#15170);
#15168 = CARTESIAN_POINT('',(134.3,-29.,36.3));
#15169 = DIRECTION('',(1.,0.,0.));
#15170 = DIRECTION('',(0.,0.,1.));
#15171 = DEFINITIONAL_REPRESENTATION('',(#15172),#15176);
#15172 = LINE('',#15173,#15174);
#15173 = CARTESIAN_POINT('',(24.,0.));
#15174 = VECTOR('',#15175,1.);
#15175 = DIRECTION('',(0.,-1.));
#15176 = ( GEOMETRIC_REPRESENTATION_CONTEXT(2) 
PARAMETRIC_REPRESENTATION_CONTEXT() REPRESENTATION_CONTEXT('2D SPACE',''
  ) );
#15177 = PCURVE('',#15178,#15183);
#15178 = PLANE('',#15179);
#15179 = AXIS2_PLACEMENT_3D('',#15180,#15181,#15182);
#15180 = CARTESIAN_POINT('',(134.3,-29.,60.3));
#15181 = DIRECTION('',(0.,0.,1.));
#15182 = DIRECTION('',(1.,0.,0.));
#15183 = DEFINITIONAL_REPRESENTATION('',(#15184),#15188);
#15184 = LINE('',#15185,#15186);
#15185 = CARTESIAN_POINT('',(0.,0.));
#15186 = VECTOR('',#15187,1.);
#15187 = DIRECTION('',(0.,1.));
#15188 = ( GEOMETRIC_REPRESENTATION_CONTEXT(2) 
PARAMETRIC_REPRESENTATION_CONTEXT() REPRESENTATION_CONTEXT('2D SPACE',''
  ) );
#15189 = ORIENTED_EDGE('',*,*,#15190,.F.);
#15190 = EDGE_CURVE('',#15191,#15156,#15193,.T.);
#15191 = VERTEX_POINT('',#15192);
#15192 = CARTESIAN_POINT('',(134.3,-29.,36.3));
#15193 = SURFACE_CURVE('',#15194,(#15198,#15205),.PCURVE_S1.);
#15194 = LINE('',#15195,#15196);
#15195 = CARTESIAN_POINT('',(134.3,-29.,36.3));
#15196 = VECTOR('',#15197,1.);
#15197 = DIRECTION('',(0.,0.,1.));
#15198 = PCURVE('',#15166,#15199);
#15199 = DEFINITIONAL_REPRESENTATION('',(#15200),#15204);
#15200 = LINE('',#15201,#15202);
#15201 = CARTESIAN_POINT('',(0.,0.));
#15202 = VECTOR('',#15203,1.);
#15203 = DIRECTION('',(1.,0.));
#15204 = ( GEOMETRIC_REPRESENTATION_CONTEXT(2) 
PARAMETRIC_REPRESENTATION_CONTEXT() REPRESENTATION_CONTEXT('2D SPACE',''
  ) );
#15205 = PCURVE('',#15206,#15211);
#15206 = PLANE('',#15207);
#15207 = AXIS2_PLACEMENT_3D('',#15208,#15209,#15210);
#15208 = CARTESIAN_POINT('',(134.3,-29.,36.3));
#15209 = DIRECTION('',(0.,1.,0.));
#15210 = DIRECTION('',(0.,0.,1.));
#15211 = DEFINITIONAL_REPRESENTATION('',(#15212),#15216);
#15212 = LINE('',#15213,#15214);
#15213 = CARTESIAN_POINT('',(0.,0.));
#15214 = VECTOR('',#15215,1.);
#15215 = DIRECTION('',(1.,0.));
#15216 = ( GEOMETRIC_REPRESENTATION_CONTEXT(2) 
PARAMETRIC_REPRESENTATION_CONTEXT() REPRESENTATION_CONTEXT('2D SPACE',''
  ) );
#15217 = ORIENTED_EDGE('',*,*,#15218,.T.);
#15218 = EDGE_CURVE('',#15191,#15219,#15221,.T.);
#15219 = VERTEX_POINT('',#15220);
#15220 = CARTESIAN_POINT('',(134.3,29.,36.3));
#15221 = SURFACE_CURVE('',#15222,(#15226,#15233),.PCURVE_S1.);
#15222 = LINE('',#15223,#15224);
#15223 = CARTESIAN_POINT('',(134.3,-29.,36.3));
#15224 = VECTOR('',#15225,1.);
#15225 = DIRECTION('',(0.,1.,0.));
#15226 = PCURVE('',#15166,#15227);
#15227 = DEFINITIONAL_REPRESENTATION('',(#15228),#15232);
#15228 = LINE('',#15229,#15230);
#15229 = CARTESIAN_POINT('',(0.,0.));
#15230 = VECTOR('',#15231,1.);
#15231 = DIRECTION('',(0.,-1.));
#15232 = ( GEOMETRIC_REPRESENTATION_CONTEXT(2) 
PARAMETRIC_REPRESENTATION_CONTEXT() REPRESENTATION_CONTEXT('2D SPACE',''
  ) );
#15233 = PCURVE('',#15234,#15239);
#15234 = PLANE('',#15235);
#15235 = AXIS2_PLACEMENT_3D('',#15236,#15237,#15238);
#15236 = CARTESIAN_POINT('',(134.3,-29.,36.3));
#15237 = DIRECTION('',(0.,0.,1.));
#15238 = DIRECTION('',(1.,0.,0.));
#15239 = DEFINITIONAL_REPRESENTATION('',(#15240),#15244);
#15240 = LINE('',#15241,#15242);
#15241 = CARTESIAN_POINT('',(0.,0.));
#15242 = VECTOR('',#15243,1.);
#15243 = DIRECTION('',(0.,1.));
#15244 = ( GEOMETRIC_REPRESENTATION_CONTEXT(2) 
PARAMETRIC_REPRESENTATION_CONTEXT() REPRESENTATION_CONTEXT('2D SPACE',''
  ) );
#15245 = ORIENTED_EDGE('',*,*,#15246,.T.);
#15246 = EDGE_CURVE('',#15219,#15247,#15249,.T.);
#15247 = VERTEX_POINT('',#15248);
#15248 = CARTESIAN_POINT('',(134.3,29.,60.3));
#15249 = SURFACE_CURVE('',#15250,(#15254,#15261),.PCURVE_S1.);
#15250 = LINE('',#15251,#15252);
#15251 = CARTESIAN_POINT('',(134.3,29.,36.3));
#15252 = VECTOR('',#15253,1.);
#15253 = DIRECTION('',(0.,0.,1.));
#15254 = PCURVE('',#15166,#15255);
#15255 = DEFINITIONAL_REPRESENTATION('',(#15256),#15260);
#15256 = LINE('',#15257,#15258);
#15257 = CARTESIAN_POINT('',(0.,-58.));
#15258 = VECTOR('',#15259,1.);
#15259 = DIRECTION('',(1.,0.));
#15260 = ( GEOMETRIC_REPRESENTATION_CONTEXT(2) 
PARAMETRIC_REPRESENTATION_CONTEXT() REPRESENTATION_CONTEXT('2D SPACE',''
  ) );
#15261 = PCURVE('',#15262,#15267);
#15262 = PLANE('',#15263);
#15263 = AXIS2_PLACEMENT_3D('',#15264,#15265,#15266);
#15264 = CARTESIAN_POINT('',(134.3,29.,36.3));
#15265 = DIRECTION('',(0.,1.,0.));
#15266 = DIRECTION('',(0.,0.,1.));
#15267 = DEFINITIONAL_REPRESENTATION('',(#15268),#15272);
#15268 = LINE('',#15269,#15270);
#15269 = CARTESIAN_POINT('',(0.,0.));
#15270 = VECTOR('',#15271,1.);
#15271 = DIRECTION('',(1.,0.));
#15272 = ( GEOMETRIC_REPRESENTATION_CONTEXT(2) 
PARAMETRIC_REPRESENTATION_CONTEXT() REPRESENTATION_CONTEXT('2D SPACE',''
  ) );
#15273 = ORIENTED_EDGE('',*,*,#15274,.F.);
#15274 = EDGE_CURVE('',#15275,#15247,#15277,.T.);
#15275 = VERTEX_POINT('',#15276);
#15276 = CARTESIAN_POINT('',(134.3,20.,60.3));
#15277 = SURFACE_CURVE('',#15278,(#15282,#15289),.PCURVE_S1.);
#15278 = LINE('',#15279,#15280);
#15279 = CARTESIAN_POINT('',(134.3,-29.,60.3));
#15280 = VECTOR('',#15281,1.);
#15281 = DIRECTION('',(0.,1.,0.));
#15282 = PCURVE('',#15166,#15283);
#15283 = DEFINITIONAL_REPRESENTATION('',(#15284),#15288);
#15284 = LINE('',#15285,#15286);
#15285 = CARTESIAN_POINT('',(24.,0.));
#15286 = VECTOR('',#15287,1.);
#15287 = DIRECTION('',(0.,-1.));
#15288 = ( GEOMETRIC_REPRESENTATION_CONTEXT(2) 
PARAMETRIC_REPRESENTATION_CONTEXT() REPRESENTATION_CONTEXT('2D SPACE',''
  ) );
#15289 = PCURVE('',#15290,#15295);
#15290 = PLANE('',#15291);
#15291 = AXIS2_PLACEMENT_3D('',#15292,#15293,#15294);
#15292 = CARTESIAN_POINT('',(134.3,-29.,60.3));
#15293 = DIRECTION('',(0.,0.,1.));
#15294 = DIRECTION('',(1.,0.,0.));
#15295 = DEFINITIONAL_REPRESENTATION('',(#15296),#15300);
#15296 = LINE('',#15297,#15298);
#15297 = CARTESIAN_POINT('',(0.,0.));
#15298 = VECTOR('',#15299,1.);
#15299 = DIRECTION('',(0.,1.));
#15300 = ( GEOMETRIC_REPRESENTATION_CONTEXT(2) 
PARAMETRIC_REPRESENTATION_CONTEXT() REPRESENTATION_CONTEXT('2D SPACE',''
  ) );
#15301 = ORIENTED_EDGE('',*,*,#15302,.F.);
#15302 = EDGE_CURVE('',#15158,#15275,#15303,.T.);
#15303 = SURFACE_CURVE('',#15304,(#15309,#15316),.PCURVE_S1.);
#15304 = CIRCLE('',#15305,20.);
#15305 = AXIS2_PLACEMENT_3D('',#15306,#15307,#15308);
#15306 = CARTESIAN_POINT('',(134.3,0.,60.3));
#15307 = DIRECTION('',(1.,0.,0.));
#15308 = DIRECTION('',(-0.,0.,1.));
#15309 = PCURVE('',#15166,#15310);
#15310 = DEFINITIONAL_REPRESENTATION('',(#15311),#15315);
#15311 = CIRCLE('',#15312,20.);
#15312 = AXIS2_PLACEMENT_2D('',#15313,#15314);
#15313 = CARTESIAN_POINT('',(24.,-29.));
#15314 = DIRECTION('',(1.,0.));
#15315 = ( GEOMETRIC_REPRESENTATION_CONTEXT(2) 
PARAMETRIC_REPRESENTATION_CONTEXT() REPRESENTATION_CONTEXT('2D SPACE',''
  ) );
#15316 = PCURVE('',#15317,#15322);
#15317 = CYLINDRICAL_SURFACE('',#15318,20.);
#15318 = AXIS2_PLACEMENT_3D('',#15319,#15320,#15321);
#15319 = CARTESIAN_POINT('',(133.3,0.,60.3));
#15320 = DIRECTION('',(1.,0.,0.));
#15321 = DIRECTION('',(-0.,0.,1.));
#15322 = DEFINITIONAL_REPRESENTATION('',(#15323),#15327);
#15323 = LINE('',#15324,#15325);
#15324 = CARTESIAN_POINT('',(0.,1.));
#15325 = VECTOR('',#15326,1.);
#15326 = DIRECTION('',(1.,0.));
#15327 = ( GEOMETRIC_REPRESENTATION_CONTEXT(2) 
PARAMETRIC_REPRESENTATION_CONTEXT() REPRESENTATION_CONTEXT('2D SPACE',''
  ) );
#15328 = FACE_BOUND('',#15329,.F.);
#15329 = EDGE_LOOP('',(#15330));
#15330 = ORIENTED_EDGE('',*,*,#15331,.F.);
#15331 = EDGE_CURVE('',#15332,#15332,#15334,.T.);
#15332 = VERTEX_POINT('',#15333);
#15333 = CARTESIAN_POINT('',(134.3,25.,45.));
#15334 = SURFACE_CURVE('',#15335,(#15340,#15347),.PCURVE_S1.);
#15335 = CIRCLE('',#15336,1.7);
#15336 = AXIS2_PLACEMENT_3D('',#15337,#15338,#15339);
#15337 = CARTESIAN_POINT('',(134.3,25.,43.3));
#15338 = DIRECTION('',(1.,0.,0.));
#15339 = DIRECTION('',(-0.,0.,1.));
#15340 = PCURVE('',#15166,#15341);
#15341 = DEFINITIONAL_REPRESENTATION('',(#15342),#15346);
#15342 = CIRCLE('',#15343,1.7);
#15343 = AXIS2_PLACEMENT_2D('',#15344,#15345);
#15344 = CARTESIAN_POINT('',(7.,-54.));
#15345 = DIRECTION('',(1.,0.));
#15346 = ( GEOMETRIC_REPRESENTATION_CONTEXT(2) 
PARAMETRIC_REPRESENTATION_CONTEXT() REPRESENTATION_CONTEXT('2D SPACE',''
  ) );
#15347 = PCURVE('',#15348,#15353);
#15348 = CYLINDRICAL_SURFACE('',#15349,1.7);
#15349 = AXIS2_PLACEMENT_3D('',#15350,#15351,#15352);
#15350 = CARTESIAN_POINT('',(133.3,25.,43.3));
#15351 = DIRECTION('',(1.,0.,0.));
#15352 = DIRECTION('',(-0.,0.,1.));
#15353 = DEFINITIONAL_REPRESENTATION('',(#15354),#15358);
#15354 = LINE('',#15355,#15356);
#15355 = CARTESIAN_POINT('',(0.,1.));
#15356 = VECTOR('',#15357,1.);
#15357 = DIRECTION('',(1.,0.));
#15358 = ( GEOMETRIC_REPRESENTATION_CONTEXT(2) 
PARAMETRIC_REPRESENTATION_CONTEXT() REPRESENTATION_CONTEXT('2D SPACE',''
  ) );
#15359 = FACE_BOUND('',#15360,.F.);
#15360 = EDGE_LOOP('',(#15361));
#15361 = ORIENTED_EDGE('',*,*,#15362,.F.);
#15362 = EDGE_CURVE('',#15363,#15363,#15365,.T.);
#15363 = VERTEX_POINT('',#15364);
#15364 = CARTESIAN_POINT('',(134.3,-25.,45.));
#15365 = SURFACE_CURVE('',#15366,(#15371,#15378),.PCURVE_S1.);
#15366 = CIRCLE('',#15367,1.7);
#15367 = AXIS2_PLACEMENT_3D('',#15368,#15369,#15370);
#15368 = CARTESIAN_POINT('',(134.3,-25.,43.3));
#15369 = DIRECTION('',(1.,0.,0.));
#15370 = DIRECTION('',(-0.,0.,1.));
#15371 = PCURVE('',#15166,#15372);
#15372 = DEFINITIONAL_REPRESENTATION('',(#15373),#15377);
#15373 = CIRCLE('',#15374,1.7);
#15374 = AXIS2_PLACEMENT_2D('',#15375,#15376);
#15375 = CARTESIAN_POINT('',(7.,-4.));
#15376 = DIRECTION('',(1.,0.));
#15377 = ( GEOMETRIC_REPRESENTATION_CONTEXT(2) 
PARAMETRIC_REPRESENTATION_CONTEXT() REPRESENTATION_CONTEXT('2D SPACE',''
  ) );
#15378 = PCURVE('',#15379,#15384);
#15379 = CYLINDRICAL_SURFACE('',#15380,1.7);
#15380 = AXIS2_PLACEMENT_3D('',#15381,#15382,#15383);
#15381 = CARTESIAN_POINT('',(133.3,-25.,43.3));
#15382 = DIRECTION('',(1.,0.,0.));
#15383 = DIRECTION('',(-0.,0.,1.));
#15384 = DEFINITIONAL_REPRESENTATION('',(#15385),#15389);
#15385 = LINE('',#15386,#15387);
#15386 = CARTESIAN_POINT('',(0.,1.));
#15387 = VECTOR('',#15388,1.);
#15388 = DIRECTION('',(1.,0.));
#15389 = ( GEOMETRIC_REPRESENTATION_CONTEXT(2) 
PARAMETRIC_REPRESENTATION_CONTEXT() REPRESENTATION_CONTEXT('2D SPACE',''
  ) );
#15390 = ADVANCED_FACE('',(#15391),#15178,.T.);
#15391 = FACE_BOUND('',#15392,.T.);
#15392 = EDGE_LOOP('',(#15393,#15394,#15417,#15445));
#15393 = ORIENTED_EDGE('',*,*,#15155,.F.);
#15394 = ORIENTED_EDGE('',*,*,#15395,.T.);
#15395 = EDGE_CURVE('',#15156,#15396,#15398,.T.);
#15396 = VERTEX_POINT('',#15397);
#15397 = CARTESIAN_POINT('',(142.3,-29.,60.3));
#15398 = SURFACE_CURVE('',#15399,(#15403,#15410),.PCURVE_S1.);
#15399 = LINE('',#15400,#15401);
#15400 = CARTESIAN_POINT('',(134.3,-29.,60.3));
#15401 = VECTOR('',#15402,1.);
#15402 = DIRECTION('',(1.,0.,0.));
#15403 = PCURVE('',#15178,#15404);
#15404 = DEFINITIONAL_REPRESENTATION('',(#15405),#15409);
#15405 = LINE('',#15406,#15407);
#15406 = CARTESIAN_POINT('',(0.,0.));
#15407 = VECTOR('',#15408,1.);
#15408 = DIRECTION('',(1.,0.));
#15409 = ( GEOMETRIC_REPRESENTATION_CONTEXT(2) 
PARAMETRIC_REPRESENTATION_CONTEXT() REPRESENTATION_CONTEXT('2D SPACE',''
  ) );
#15410 = PCURVE('',#15206,#15411);
#15411 = DEFINITIONAL_REPRESENTATION('',(#15412),#15416);
#15412 = LINE('',#15413,#15414);
#15413 = CARTESIAN_POINT('',(24.,0.));
#15414 = VECTOR('',#15415,1.);
#15415 = DIRECTION('',(0.,1.));
#15416 = ( GEOMETRIC_REPRESENTATION_CONTEXT(2) 
PARAMETRIC_REPRESENTATION_CONTEXT() REPRESENTATION_CONTEXT('2D SPACE',''
  ) );
#15417 = ORIENTED_EDGE('',*,*,#15418,.T.);
#15418 = EDGE_CURVE('',#15396,#15419,#15421,.T.);
#15419 = VERTEX_POINT('',#15420);
#15420 = CARTESIAN_POINT('',(142.3,-20.,60.3));
#15421 = SURFACE_CURVE('',#15422,(#15426,#15433),.PCURVE_S1.);
#15422 = LINE('',#15423,#15424);
#15423 = CARTESIAN_POINT('',(142.3,-29.,60.3));
#15424 = VECTOR('',#15425,1.);
#15425 = DIRECTION('',(0.,1.,0.));
#15426 = PCURVE('',#15178,#15427);
#15427 = DEFINITIONAL_REPRESENTATION('',(#15428),#15432);
#15428 = LINE('',#15429,#15430);
#15429 = CARTESIAN_POINT('',(8.,0.));
#15430 = VECTOR('',#15431,1.);
#15431 = DIRECTION('',(0.,1.));
#15432 = ( GEOMETRIC_REPRESENTATION_CONTEXT(2) 
PARAMETRIC_REPRESENTATION_CONTEXT() REPRESENTATION_CONTEXT('2D SPACE',''
  ) );
#15433 = PCURVE('',#15434,#15439);
#15434 = PLANE('',#15435);
#15435 = AXIS2_PLACEMENT_3D('',#15436,#15437,#15438);
#15436 = CARTESIAN_POINT('',(142.3,-29.,36.3));
#15437 = DIRECTION('',(1.,0.,0.));
#15438 = DIRECTION('',(0.,0.,1.));
#15439 = DEFINITIONAL_REPRESENTATION('',(#15440),#15444);
#15440 = LINE('',#15441,#15442);
#15441 = CARTESIAN_POINT('',(24.,0.));
#15442 = VECTOR('',#15443,1.);
#15443 = DIRECTION('',(0.,-1.));
#15444 = ( GEOMETRIC_REPRESENTATION_CONTEXT(2) 
PARAMETRIC_REPRESENTATION_CONTEXT() REPRESENTATION_CONTEXT('2D SPACE',''
  ) );
#15445 = ORIENTED_EDGE('',*,*,#15446,.F.);
#15446 = EDGE_CURVE('',#15158,#15419,#15447,.T.);
#15447 = SURFACE_CURVE('',#15448,(#15452,#15459),.PCURVE_S1.);
#15448 = LINE('',#15449,#15450);
#15449 = CARTESIAN_POINT('',(133.3,-20.,60.3));
#15450 = VECTOR('',#15451,1.);
#15451 = DIRECTION('',(1.,0.,0.));
#15452 = PCURVE('',#15178,#15453);
#15453 = DEFINITIONAL_REPRESENTATION('',(#15454),#15458);
#15454 = LINE('',#15455,#15456);
#15455 = CARTESIAN_POINT('',(-1.,9.));
#15456 = VECTOR('',#15457,1.);
#15457 = DIRECTION('',(1.,0.));
#15458 = ( GEOMETRIC_REPRESENTATION_CONTEXT(2) 
PARAMETRIC_REPRESENTATION_CONTEXT() REPRESENTATION_CONTEXT('2D SPACE',''
  ) );
#15459 = PCURVE('',#15317,#15460);
#15460 = DEFINITIONAL_REPRESENTATION('',(#15461),#15465);
#15461 = LINE('',#15462,#15463);
#15462 = CARTESIAN_POINT('',(1.570796326795,0.));
#15463 = VECTOR('',#15464,1.);
#15464 = DIRECTION('',(0.,1.));
#15465 = ( GEOMETRIC_REPRESENTATION_CONTEXT(2) 
PARAMETRIC_REPRESENTATION_CONTEXT() REPRESENTATION_CONTEXT('2D SPACE',''
  ) );
#15466 = ADVANCED_FACE('',(#15467),#15206,.F.);
#15467 = FACE_BOUND('',#15468,.F.);
#15468 = EDGE_LOOP('',(#15469,#15492,#15493,#15494));
#15469 = ORIENTED_EDGE('',*,*,#15470,.F.);
#15470 = EDGE_CURVE('',#15191,#15471,#15473,.T.);
#15471 = VERTEX_POINT('',#15472);
#15472 = CARTESIAN_POINT('',(142.3,-29.,36.3));
#15473 = SURFACE_CURVE('',#15474,(#15478,#15485),.PCURVE_S1.);
#15474 = LINE('',#15475,#15476);
#15475 = CARTESIAN_POINT('',(134.3,-29.,36.3));
#15476 = VECTOR('',#15477,1.);
#15477 = DIRECTION('',(1.,0.,0.));
#15478 = PCURVE('',#15206,#15479);
#15479 = DEFINITIONAL_REPRESENTATION('',(#15480),#15484);
#15480 = LINE('',#15481,#15482);
#15481 = CARTESIAN_POINT('',(0.,0.));
#15482 = VECTOR('',#15483,1.);
#15483 = DIRECTION('',(0.,1.));
#15484 = ( GEOMETRIC_REPRESENTATION_CONTEXT(2) 
PARAMETRIC_REPRESENTATION_CONTEXT() REPRESENTATION_CONTEXT('2D SPACE',''
  ) );
#15485 = PCURVE('',#15234,#15486);
#15486 = DEFINITIONAL_REPRESENTATION('',(#15487),#15491);
#15487 = LINE('',#15488,#15489);
#15488 = CARTESIAN_POINT('',(0.,0.));
#15489 = VECTOR('',#15490,1.);
#15490 = DIRECTION('',(1.,0.));
#15491 = ( GEOMETRIC_REPRESENTATION_CONTEXT(2) 
PARAMETRIC_REPRESENTATION_CONTEXT() REPRESENTATION_CONTEXT('2D SPACE',''
  ) );
#15492 = ORIENTED_EDGE('',*,*,#15190,.T.);
#15493 = ORIENTED_EDGE('',*,*,#15395,.T.);
#15494 = ORIENTED_EDGE('',*,*,#15495,.F.);
#15495 = EDGE_CURVE('',#15471,#15396,#15496,.T.);
#15496 = SURFACE_CURVE('',#15497,(#15501,#15508),.PCURVE_S1.);
#15497 = LINE('',#15498,#15499);
#15498 = CARTESIAN_POINT('',(142.3,-29.,36.3));
#15499 = VECTOR('',#15500,1.);
#15500 = DIRECTION('',(0.,0.,1.));
#15501 = PCURVE('',#15206,#15502);
#15502 = DEFINITIONAL_REPRESENTATION('',(#15503),#15507);
#15503 = LINE('',#15504,#15505);
#15504 = CARTESIAN_POINT('',(0.,8.));
#15505 = VECTOR('',#15506,1.);
#15506 = DIRECTION('',(1.,0.));
#15507 = ( GEOMETRIC_REPRESENTATION_CONTEXT(2) 
PARAMETRIC_REPRESENTATION_CONTEXT() REPRESENTATION_CONTEXT('2D SPACE',''
  ) );
#15508 = PCURVE('',#15434,#15509);
#15509 = DEFINITIONAL_REPRESENTATION('',(#15510),#15514);
#15510 = LINE('',#15511,#15512);
#15511 = CARTESIAN_POINT('',(0.,0.));
#15512 = VECTOR('',#15513,1.);
#15513 = DIRECTION('',(1.,0.));
#15514 = ( GEOMETRIC_REPRESENTATION_CONTEXT(2) 
PARAMETRIC_REPRESENTATION_CONTEXT() REPRESENTATION_CONTEXT('2D SPACE',''
  ) );
#15515 = ADVANCED_FACE('',(#15516),#15317,.F.);
#15516 = FACE_BOUND('',#15517,.F.);
#15517 = EDGE_LOOP('',(#15518,#15519,#15520,#15543));
#15518 = ORIENTED_EDGE('',*,*,#15446,.F.);
#15519 = ORIENTED_EDGE('',*,*,#15302,.T.);
#15520 = ORIENTED_EDGE('',*,*,#15521,.T.);
#15521 = EDGE_CURVE('',#15275,#15522,#15524,.T.);
#15522 = VERTEX_POINT('',#15523);
#15523 = CARTESIAN_POINT('',(142.3,20.,60.3));
#15524 = SURFACE_CURVE('',#15525,(#15529,#15536),.PCURVE_S1.);
#15525 = LINE('',#15526,#15527);
#15526 = CARTESIAN_POINT('',(133.3,20.,60.3));
#15527 = VECTOR('',#15528,1.);
#15528 = DIRECTION('',(1.,0.,0.));
#15529 = PCURVE('',#15317,#15530);
#15530 = DEFINITIONAL_REPRESENTATION('',(#15531),#15535);
#15531 = LINE('',#15532,#15533);
#15532 = CARTESIAN_POINT('',(4.712388980385,0.));
#15533 = VECTOR('',#15534,1.);
#15534 = DIRECTION('',(0.,1.));
#15535 = ( GEOMETRIC_REPRESENTATION_CONTEXT(2) 
PARAMETRIC_REPRESENTATION_CONTEXT() REPRESENTATION_CONTEXT('2D SPACE',''
  ) );
#15536 = PCURVE('',#15290,#15537);
#15537 = DEFINITIONAL_REPRESENTATION('',(#15538),#15542);
#15538 = LINE('',#15539,#15540);
#15539 = CARTESIAN_POINT('',(-1.,49.));
#15540 = VECTOR('',#15541,1.);
#15541 = DIRECTION('',(1.,0.));
#15542 = ( GEOMETRIC_REPRESENTATION_CONTEXT(2) 
PARAMETRIC_REPRESENTATION_CONTEXT() REPRESENTATION_CONTEXT('2D SPACE',''
  ) );
#15543 = ORIENTED_EDGE('',*,*,#15544,.F.);
#15544 = EDGE_CURVE('',#15419,#15522,#15545,.T.);
#15545 = SURFACE_CURVE('',#15546,(#15551,#15558),.PCURVE_S1.);
#15546 = CIRCLE('',#15547,20.);
#15547 = AXIS2_PLACEMENT_3D('',#15548,#15549,#15550);
#15548 = CARTESIAN_POINT('',(142.3,0.,60.3));
#15549 = DIRECTION('',(1.,0.,0.));
#15550 = DIRECTION('',(-0.,0.,1.));
#15551 = PCURVE('',#15317,#15552);
#15552 = DEFINITIONAL_REPRESENTATION('',(#15553),#15557);
#15553 = LINE('',#15554,#15555);
#15554 = CARTESIAN_POINT('',(0.,9.));
#15555 = VECTOR('',#15556,1.);
#15556 = DIRECTION('',(1.,0.));
#15557 = ( GEOMETRIC_REPRESENTATION_CONTEXT(2) 
PARAMETRIC_REPRESENTATION_CONTEXT() REPRESENTATION_CONTEXT('2D SPACE',''
  ) );
#15558 = PCURVE('',#15434,#15559);
#15559 = DEFINITIONAL_REPRESENTATION('',(#15560),#15564);
#15560 = CIRCLE('',#15561,20.);
#15561 = AXIS2_PLACEMENT_2D('',#15562,#15563);
#15562 = CARTESIAN_POINT('',(24.,-29.));
#15563 = DIRECTION('',(1.,0.));
#15564 = ( GEOMETRIC_REPRESENTATION_CONTEXT(2) 
PARAMETRIC_REPRESENTATION_CONTEXT() REPRESENTATION_CONTEXT('2D SPACE',''
  ) );
#15565 = ADVANCED_FACE('',(#15566),#15234,.F.);
#15566 = FACE_BOUND('',#15567,.F.);
#15567 = EDGE_LOOP('',(#15568,#15569,#15570,#15593));
#15568 = ORIENTED_EDGE('',*,*,#15218,.F.);
#15569 = ORIENTED_EDGE('',*,*,#15470,.T.);
#15570 = ORIENTED_EDGE('',*,*,#15571,.T.);
#15571 = EDGE_CURVE('',#15471,#15572,#15574,.T.);
#15572 = VERTEX_POINT('',#15573);
#15573 = CARTESIAN_POINT('',(142.3,29.,36.3));
#15574 = SURFACE_CURVE('',#15575,(#15579,#15586),.PCURVE_S1.);
#15575 = LINE('',#15576,#15577);
#15576 = CARTESIAN_POINT('',(142.3,-29.,36.3));
#15577 = VECTOR('',#15578,1.);
#15578 = DIRECTION('',(0.,1.,0.));
#15579 = PCURVE('',#15234,#15580);
#15580 = DEFINITIONAL_REPRESENTATION('',(#15581),#15585);
#15581 = LINE('',#15582,#15583);
#15582 = CARTESIAN_POINT('',(8.,0.));
#15583 = VECTOR('',#15584,1.);
#15584 = DIRECTION('',(0.,1.));
#15585 = ( GEOMETRIC_REPRESENTATION_CONTEXT(2) 
PARAMETRIC_REPRESENTATION_CONTEXT() REPRESENTATION_CONTEXT('2D SPACE',''
  ) );
#15586 = PCURVE('',#15434,#15587);
#15587 = DEFINITIONAL_REPRESENTATION('',(#15588),#15592);
#15588 = LINE('',#15589,#15590);
#15589 = CARTESIAN_POINT('',(0.,0.));
#15590 = VECTOR('',#15591,1.);
#15591 = DIRECTION('',(0.,-1.));
#15592 = ( GEOMETRIC_REPRESENTATION_CONTEXT(2) 
PARAMETRIC_REPRESENTATION_CONTEXT() REPRESENTATION_CONTEXT('2D SPACE',''
  ) );
#15593 = ORIENTED_EDGE('',*,*,#15594,.F.);
#15594 = EDGE_CURVE('',#15219,#15572,#15595,.T.);
#15595 = SURFACE_CURVE('',#15596,(#15600,#15607),.PCURVE_S1.);
#15596 = LINE('',#15597,#15598);
#15597 = CARTESIAN_POINT('',(134.3,29.,36.3));
#15598 = VECTOR('',#15599,1.);
#15599 = DIRECTION('',(1.,0.,0.));
#15600 = PCURVE('',#15234,#15601);
#15601 = DEFINITIONAL_REPRESENTATION('',(#15602),#15606);
#15602 = LINE('',#15603,#15604);
#15603 = CARTESIAN_POINT('',(0.,58.));
#15604 = VECTOR('',#15605,1.);
#15605 = DIRECTION('',(1.,0.));
#15606 = ( GEOMETRIC_REPRESENTATION_CONTEXT(2) 
PARAMETRIC_REPRESENTATION_CONTEXT() REPRESENTATION_CONTEXT('2D SPACE',''
  ) );
#15607 = PCURVE('',#15262,#15608);
#15608 = DEFINITIONAL_REPRESENTATION('',(#15609),#15613);
#15609 = LINE('',#15610,#15611);
#15610 = CARTESIAN_POINT('',(0.,0.));
#15611 = VECTOR('',#15612,1.);
#15612 = DIRECTION('',(0.,1.));
#15613 = ( GEOMETRIC_REPRESENTATION_CONTEXT(2) 
PARAMETRIC_REPRESENTATION_CONTEXT() REPRESENTATION_CONTEXT('2D SPACE',''
  ) );
#15614 = ADVANCED_FACE('',(#15615),#15290,.T.);
#15615 = FACE_BOUND('',#15616,.T.);
#15616 = EDGE_LOOP('',(#15617,#15618,#15619,#15642));
#15617 = ORIENTED_EDGE('',*,*,#15274,.F.);
#15618 = ORIENTED_EDGE('',*,*,#15521,.T.);
#15619 = ORIENTED_EDGE('',*,*,#15620,.T.);
#15620 = EDGE_CURVE('',#15522,#15621,#15623,.T.);
#15621 = VERTEX_POINT('',#15622);
#15622 = CARTESIAN_POINT('',(142.3,29.,60.3));
#15623 = SURFACE_CURVE('',#15624,(#15628,#15635),.PCURVE_S1.);
#15624 = LINE('',#15625,#15626);
#15625 = CARTESIAN_POINT('',(142.3,-29.,60.3));
#15626 = VECTOR('',#15627,1.);
#15627 = DIRECTION('',(0.,1.,0.));
#15628 = PCURVE('',#15290,#15629);
#15629 = DEFINITIONAL_REPRESENTATION('',(#15630),#15634);
#15630 = LINE('',#15631,#15632);
#15631 = CARTESIAN_POINT('',(8.,0.));
#15632 = VECTOR('',#15633,1.);
#15633 = DIRECTION('',(0.,1.));
#15634 = ( GEOMETRIC_REPRESENTATION_CONTEXT(2) 
PARAMETRIC_REPRESENTATION_CONTEXT() REPRESENTATION_CONTEXT('2D SPACE',''
  ) );
#15635 = PCURVE('',#15434,#15636);
#15636 = DEFINITIONAL_REPRESENTATION('',(#15637),#15641);
#15637 = LINE('',#15638,#15639);
#15638 = CARTESIAN_POINT('',(24.,0.));
#15639 = VECTOR('',#15640,1.);
#15640 = DIRECTION('',(0.,-1.));
#15641 = ( GEOMETRIC_REPRESENTATION_CONTEXT(2) 
PARAMETRIC_REPRESENTATION_CONTEXT() REPRESENTATION_CONTEXT('2D SPACE',''
  ) );
#15642 = ORIENTED_EDGE('',*,*,#15643,.F.);
#15643 = EDGE_CURVE('',#15247,#15621,#15644,.T.);
#15644 = SURFACE_CURVE('',#15645,(#15649,#15656),.PCURVE_S1.);
#15645 = LINE('',#15646,#15647);
#15646 = CARTESIAN_POINT('',(134.3,29.,60.3));
#15647 = VECTOR('',#15648,1.);
#15648 = DIRECTION('',(1.,0.,0.));
#15649 = PCURVE('',#15290,#15650);
#15650 = DEFINITIONAL_REPRESENTATION('',(#15651),#15655);
#15651 = LINE('',#15652,#15653);
#15652 = CARTESIAN_POINT('',(0.,58.));
#15653 = VECTOR('',#15654,1.);
#15654 = DIRECTION('',(1.,0.));
#15655 = ( GEOMETRIC_REPRESENTATION_CONTEXT(2) 
PARAMETRIC_REPRESENTATION_CONTEXT() REPRESENTATION_CONTEXT('2D SPACE',''
  ) );
#15656 = PCURVE('',#15262,#15657);
#15657 = DEFINITIONAL_REPRESENTATION('',(#15658),#15662);
#15658 = LINE('',#15659,#15660);
#15659 = CARTESIAN_POINT('',(24.,0.));
#15660 = VECTOR('',#15661,1.);
#15661 = DIRECTION('',(0.,1.));
#15662 = ( GEOMETRIC_REPRESENTATION_CONTEXT(2) 
PARAMETRIC_REPRESENTATION_CONTEXT() REPRESENTATION_CONTEXT('2D SPACE',''
  ) );
#15663 = ADVANCED_FACE('',(#15664),#15262,.T.);
#15664 = FACE_BOUND('',#15665,.T.);
#15665 = EDGE_LOOP('',(#15666,#15667,#15668,#15669));
#15666 = ORIENTED_EDGE('',*,*,#15594,.F.);
#15667 = ORIENTED_EDGE('',*,*,#15246,.T.);
#15668 = ORIENTED_EDGE('',*,*,#15643,.T.);
#15669 = ORIENTED_EDGE('',*,*,#15670,.F.);
#15670 = EDGE_CURVE('',#15572,#15621,#15671,.T.);
#15671 = SURFACE_CURVE('',#15672,(#15676,#15683),.PCURVE_S1.);
#15672 = LINE('',#15673,#15674);
#15673 = CARTESIAN_POINT('',(142.3,29.,36.3));
#15674 = VECTOR('',#15675,1.);
#15675 = DIRECTION('',(0.,0.,1.));
#15676 = PCURVE('',#15262,#15677);
#15677 = DEFINITIONAL_REPRESENTATION('',(#15678),#15682);
#15678 = LINE('',#15679,#15680);
#15679 = CARTESIAN_POINT('',(0.,8.));
#15680 = VECTOR('',#15681,1.);
#15681 = DIRECTION('',(1.,0.));
#15682 = ( GEOMETRIC_REPRESENTATION_CONTEXT(2) 
PARAMETRIC_REPRESENTATION_CONTEXT() REPRESENTATION_CONTEXT('2D SPACE',''
  ) );
#15683 = PCURVE('',#15434,#15684);
#15684 = DEFINITIONAL_REPRESENTATION('',(#15685),#15689);
#15685 = LINE('',#15686,#15687);
#15686 = CARTESIAN_POINT('',(0.,-58.));
#15687 = VECTOR('',#15688,1.);
#15688 = DIRECTION('',(1.,0.));
#15689 = ( GEOMETRIC_REPRESENTATION_CONTEXT(2) 
PARAMETRIC_REPRESENTATION_CONTEXT() REPRESENTATION_CONTEXT('2D SPACE',''
  ) );
#15690 = ADVANCED_FACE('',(#15691),#15348,.F.);
#15691 = FACE_BOUND('',#15692,.F.);
#15692 = EDGE_LOOP('',(#15693,#15722,#15743,#15744));
#15693 = ORIENTED_EDGE('',*,*,#15694,.F.);
#15694 = EDGE_CURVE('',#15695,#15695,#15697,.T.);
#15695 = VERTEX_POINT('',#15696);
#15696 = CARTESIAN_POINT('',(139.7,25.,45.));
#15697 = SURFACE_CURVE('',#15698,(#15703,#15710),.PCURVE_S1.);
#15698 = CIRCLE('',#15699,1.7);
#15699 = AXIS2_PLACEMENT_3D('',#15700,#15701,#15702);
#15700 = CARTESIAN_POINT('',(139.7,25.,43.3));
#15701 = DIRECTION('',(1.,0.,0.));
#15702 = DIRECTION('',(-0.,0.,1.));
#15703 = PCURVE('',#15348,#15704);
#15704 = DEFINITIONAL_REPRESENTATION('',(#15705),#15709);
#15705 = LINE('',#15706,#15707);
#15706 = CARTESIAN_POINT('',(0.,6.4));
#15707 = VECTOR('',#15708,1.);
#15708 = DIRECTION('',(1.,0.));
#15709 = ( GEOMETRIC_REPRESENTATION_CONTEXT(2) 
PARAMETRIC_REPRESENTATION_CONTEXT() REPRESENTATION_CONTEXT('2D SPACE',''
  ) );
#15710 = PCURVE('',#15711,#15716);
#15711 = PLANE('',#15712);
#15712 = AXIS2_PLACEMENT_3D('',#15713,#15714,#15715);
#15713 = CARTESIAN_POINT('',(139.7,25.,43.3));
#15714 = DIRECTION('',(1.,0.,0.));
#15715 = DIRECTION('',(-0.,0.,1.));
#15716 = DEFINITIONAL_REPRESENTATION('',(#15717),#15721);
#15717 = CIRCLE('',#15718,1.7);
#15718 = AXIS2_PLACEMENT_2D('',#15719,#15720);
#15719 = CARTESIAN_POINT('',(0.,0.));
#15720 = DIRECTION('',(1.,0.));
#15721 = ( GEOMETRIC_REPRESENTATION_CONTEXT(2) 
PARAMETRIC_REPRESENTATION_CONTEXT() REPRESENTATION_CONTEXT('2D SPACE',''
  ) );
#15722 = ORIENTED_EDGE('',*,*,#15723,.F.);
#15723 = EDGE_CURVE('',#15332,#15695,#15724,.T.);
#15724 = SEAM_CURVE('',#15725,(#15729,#15736),.PCURVE_S1.);
#15725 = LINE('',#15726,#15727);
#15726 = CARTESIAN_POINT('',(133.3,25.,45.));
#15727 = VECTOR('',#15728,1.);
#15728 = DIRECTION('',(1.,0.,0.));
#15729 = PCURVE('',#15348,#15730);
#15730 = DEFINITIONAL_REPRESENTATION('',(#15731),#15735);
#15731 = LINE('',#15732,#15733);
#15732 = CARTESIAN_POINT('',(6.28318530718,-0.));
#15733 = VECTOR('',#15734,1.);
#15734 = DIRECTION('',(0.,1.));
#15735 = ( GEOMETRIC_REPRESENTATION_CONTEXT(2) 
PARAMETRIC_REPRESENTATION_CONTEXT() REPRESENTATION_CONTEXT('2D SPACE',''
  ) );
#15736 = PCURVE('',#15348,#15737);
#15737 = DEFINITIONAL_REPRESENTATION('',(#15738),#15742);
#15738 = LINE('',#15739,#15740);
#15739 = CARTESIAN_POINT('',(0.,-0.));
#15740 = VECTOR('',#15741,1.);
#15741 = DIRECTION('',(0.,1.));
#15742 = ( GEOMETRIC_REPRESENTATION_CONTEXT(2) 
PARAMETRIC_REPRESENTATION_CONTEXT() REPRESENTATION_CONTEXT('2D SPACE',''
  ) );
#15743 = ORIENTED_EDGE('',*,*,#15331,.T.);
#15744 = ORIENTED_EDGE('',*,*,#15723,.T.);
#15745 = ADVANCED_FACE('',(#15746),#15379,.F.);
#15746 = FACE_BOUND('',#15747,.F.);
#15747 = EDGE_LOOP('',(#15748,#15777,#15798,#15799));
#15748 = ORIENTED_EDGE('',*,*,#15749,.F.);
#15749 = EDGE_CURVE('',#15750,#15750,#15752,.T.);
#15750 = VERTEX_POINT('',#15751);
#15751 = CARTESIAN_POINT('',(139.7,-25.,45.));
#15752 = SURFACE_CURVE('',#15753,(#15758,#15765),.PCURVE_S1.);
#15753 = CIRCLE('',#15754,1.7);
#15754 = AXIS2_PLACEMENT_3D('',#15755,#15756,#15757);
#15755 = CARTESIAN_POINT('',(139.7,-25.,43.3));
#15756 = DIRECTION('',(1.,0.,0.));
#15757 = DIRECTION('',(-0.,0.,1.));
#15758 = PCURVE('',#15379,#15759);
#15759 = DEFINITIONAL_REPRESENTATION('',(#15760),#15764);
#15760 = LINE('',#15761,#15762);
#15761 = CARTESIAN_POINT('',(0.,6.4));
#15762 = VECTOR('',#15763,1.);
#15763 = DIRECTION('',(1.,0.));
#15764 = ( GEOMETRIC_REPRESENTATION_CONTEXT(2) 
PARAMETRIC_REPRESENTATION_CONTEXT() REPRESENTATION_CONTEXT('2D SPACE',''
  ) );
#15765 = PCURVE('',#15766,#15771);
#15766 = PLANE('',#15767);
#15767 = AXIS2_PLACEMENT_3D('',#15768,#15769,#15770);
#15768 = CARTESIAN_POINT('',(139.7,-25.,43.3));
#15769 = DIRECTION('',(1.,0.,0.));
#15770 = DIRECTION('',(-0.,0.,1.));
#15771 = DEFINITIONAL_REPRESENTATION('',(#15772),#15776);
#15772 = CIRCLE('',#15773,1.7);
#15773 = AXIS2_PLACEMENT_2D('',#15774,#15775);
#15774 = CARTESIAN_POINT('',(0.,0.));
#15775 = DIRECTION('',(1.,0.));
#15776 = ( GEOMETRIC_REPRESENTATION_CONTEXT(2) 
PARAMETRIC_REPRESENTATION_CONTEXT() REPRESENTATION_CONTEXT('2D SPACE',''
  ) );
#15777 = ORIENTED_EDGE('',*,*,#15778,.F.);
#15778 = EDGE_CURVE('',#15363,#15750,#15779,.T.);
#15779 = SEAM_CURVE('',#15780,(#15784,#15791),.PCURVE_S1.);
#15780 = LINE('',#15781,#15782);
#15781 = CARTESIAN_POINT('',(133.3,-25.,45.));
#15782 = VECTOR('',#15783,1.);
#15783 = DIRECTION('',(1.,0.,0.));
#15784 = PCURVE('',#15379,#15785);
#15785 = DEFINITIONAL_REPRESENTATION('',(#15786),#15790);
#15786 = LINE('',#15787,#15788);
#15787 = CARTESIAN_POINT('',(6.28318530718,-0.));
#15788 = VECTOR('',#15789,1.);
#15789 = DIRECTION('',(0.,1.));
#15790 = ( GEOMETRIC_REPRESENTATION_CONTEXT(2) 
PARAMETRIC_REPRESENTATION_CONTEXT() REPRESENTATION_CONTEXT('2D SPACE',''
  ) );
#15791 = PCURVE('',#15379,#15792);
#15792 = DEFINITIONAL_REPRESENTATION('',(#15793),#15797);
#15793 = LINE('',#15794,#15795);
#15794 = CARTESIAN_POINT('',(0.,-0.));
#15795 = VECTOR('',#15796,1.);
#15796 = DIRECTION('',(0.,1.));
#15797 = ( GEOMETRIC_REPRESENTATION_CONTEXT(2) 
PARAMETRIC_REPRESENTATION_CONTEXT() REPRESENTATION_CONTEXT('2D SPACE',''
  ) );
#15798 = ORIENTED_EDGE('',*,*,#15362,.T.);
#15799 = ORIENTED_EDGE('',*,*,#15778,.T.);
#15800 = ADVANCED_FACE('',(#15801,#15809,#15979),#15434,.T.);
#15801 = FACE_BOUND('',#15802,.T.);
#15802 = EDGE_LOOP('',(#15803,#15804,#15805,#15806,#15807,#15808));
#15803 = ORIENTED_EDGE('',*,*,#15418,.F.);
#15804 = ORIENTED_EDGE('',*,*,#15495,.F.);
#15805 = ORIENTED_EDGE('',*,*,#15571,.T.);
#15806 = ORIENTED_EDGE('',*,*,#15670,.T.);
#15807 = ORIENTED_EDGE('',*,*,#15620,.F.);
#15808 = ORIENTED_EDGE('',*,*,#15544,.F.);
#15809 = FACE_BOUND('',#15810,.T.);
#15810 = EDGE_LOOP('',(#15811,#15841,#15869,#15897,#15925,#15953));
#15811 = ORIENTED_EDGE('',*,*,#15812,.T.);
#15812 = EDGE_CURVE('',#15813,#15815,#15817,.T.);
#15813 = VERTEX_POINT('',#15814);
#15814 = CARTESIAN_POINT('',(142.3,22.1,44.97431578065));
#15815 = VERTEX_POINT('',#15816);
#15816 = CARTESIAN_POINT('',(142.3,25.,46.6486315613));
#15817 = SURFACE_CURVE('',#15818,(#15822,#15829),.PCURVE_S1.);
#15818 = LINE('',#15819,#15820);
#15819 = CARTESIAN_POINT('',(142.3,2.509455543377,33.663709665047));
#15820 = VECTOR('',#15821,1.);
#15821 = DIRECTION('',(-0.,0.866025403784,0.5));
#15822 = PCURVE('',#15434,#15823);
#15823 = DEFINITIONAL_REPRESENTATION('',(#15824),#15828);
#15824 = LINE('',#15825,#15826);
#15825 = CARTESIAN_POINT('',(-2.636290334953,-31.50945554337));
#15826 = VECTOR('',#15827,1.);
#15827 = DIRECTION('',(0.5,-0.866025403784));
#15828 = ( GEOMETRIC_REPRESENTATION_CONTEXT(2) 
PARAMETRIC_REPRESENTATION_CONTEXT() REPRESENTATION_CONTEXT('2D SPACE',''
  ) );
#15829 = PCURVE('',#15830,#15835);
#15830 = PLANE('',#15831);
#15831 = AXIS2_PLACEMENT_3D('',#15832,#15833,#15834);
#15832 = CARTESIAN_POINT('',(139.7,25.,46.6486315613));
#15833 = DIRECTION('',(0.,0.5,-0.866025403784));
#15834 = DIRECTION('',(0.,-0.866025403784,-0.5));
#15835 = DEFINITIONAL_REPRESENTATION('',(#15836),#15840);
#15836 = LINE('',#15837,#15838);
#15837 = CARTESIAN_POINT('',(25.969843792505,-2.6));
#15838 = VECTOR('',#15839,1.);
#15839 = DIRECTION('',(-1.,0.));
#15840 = ( GEOMETRIC_REPRESENTATION_CONTEXT(2) 
PARAMETRIC_REPRESENTATION_CONTEXT() REPRESENTATION_CONTEXT('2D SPACE',''
  ) );
#15841 = ORIENTED_EDGE('',*,*,#15842,.T.);
#15842 = EDGE_CURVE('',#15815,#15843,#15845,.T.);
#15843 = VERTEX_POINT('',#15844);
#15844 = CARTESIAN_POINT('',(142.3,27.9,44.97431578065));
#15845 = SURFACE_CURVE('',#15846,(#15850,#15857),.PCURVE_S1.);
#15846 = LINE('',#15847,#15848);
#15847 = CARTESIAN_POINT('',(142.3,8.440544456623,56.209237676902));
#15848 = VECTOR('',#15849,1.);
#15849 = DIRECTION('',(0.,0.866025403784,-0.5));
#15850 = PCURVE('',#15434,#15851);
#15851 = DEFINITIONAL_REPRESENTATION('',(#15852),#15856);
#15852 = LINE('',#15853,#15854);
#15853 = CARTESIAN_POINT('',(19.909237676902,-37.44054445662));
#15854 = VECTOR('',#15855,1.);
#15855 = DIRECTION('',(-0.5,-0.866025403784));
#15856 = ( GEOMETRIC_REPRESENTATION_CONTEXT(2) 
PARAMETRIC_REPRESENTATION_CONTEXT() REPRESENTATION_CONTEXT('2D SPACE',''
  ) );
#15857 = PCURVE('',#15858,#15863);
#15858 = PLANE('',#15859);
#15859 = AXIS2_PLACEMENT_3D('',#15860,#15861,#15862);
#15860 = CARTESIAN_POINT('',(139.7,27.9,44.97431578065));
#15861 = DIRECTION('',(0.,-0.5,-0.866025403784));
#15862 = DIRECTION('',(0.,-0.866025403784,0.5));
#15863 = DEFINITIONAL_REPRESENTATION('',(#15864),#15868);
#15864 = LINE('',#15865,#15866);
#15865 = CARTESIAN_POINT('',(22.469843792505,-2.6));
#15866 = VECTOR('',#15867,1.);
#15867 = DIRECTION('',(-1.,-0.));
#15868 = ( GEOMETRIC_REPRESENTATION_CONTEXT(2) 
PARAMETRIC_REPRESENTATION_CONTEXT() REPRESENTATION_CONTEXT('2D SPACE',''
  ) );
#15869 = ORIENTED_EDGE('',*,*,#15870,.T.);
#15870 = EDGE_CURVE('',#15843,#15871,#15873,.T.);
#15871 = VERTEX_POINT('',#15872);
#15872 = CARTESIAN_POINT('',(142.3,27.9,41.62568421935));
#15873 = SURFACE_CURVE('',#15874,(#15878,#15885),.PCURVE_S1.);
#15874 = LINE('',#15875,#15876);
#15875 = CARTESIAN_POINT('',(142.3,27.9,38.962842109675));
#15876 = VECTOR('',#15877,1.);
#15877 = DIRECTION('',(0.,-3.978543489069E-16,-1.));
#15878 = PCURVE('',#15434,#15879);
#15879 = DEFINITIONAL_REPRESENTATION('',(#15880),#15884);
#15880 = LINE('',#15881,#15882);
#15881 = CARTESIAN_POINT('',(2.662842109675,-56.9));
#15882 = VECTOR('',#15883,1.);
#15883 = DIRECTION('',(-1.,3.978543489069E-16));
#15884 = ( GEOMETRIC_REPRESENTATION_CONTEXT(2) 
PARAMETRIC_REPRESENTATION_CONTEXT() REPRESENTATION_CONTEXT('2D SPACE',''
  ) );
#15885 = PCURVE('',#15886,#15891);
#15886 = PLANE('',#15887);
#15887 = AXIS2_PLACEMENT_3D('',#15888,#15889,#15890);
#15888 = CARTESIAN_POINT('',(139.7,27.9,41.62568421935));
#15889 = DIRECTION('',(0.,-1.,3.978543489069E-16));
#15890 = DIRECTION('',(0.,3.978543489069E-16,1.));
#15891 = DEFINITIONAL_REPRESENTATION('',(#15892),#15896);
#15892 = LINE('',#15893,#15894);
#15893 = CARTESIAN_POINT('',(-2.662842109675,-2.6));
#15894 = VECTOR('',#15895,1.);
#15895 = DIRECTION('',(-1.,-0.));
#15896 = ( GEOMETRIC_REPRESENTATION_CONTEXT(2) 
PARAMETRIC_REPRESENTATION_CONTEXT() REPRESENTATION_CONTEXT('2D SPACE',''
  ) );
#15897 = ORIENTED_EDGE('',*,*,#15898,.T.);
#15898 = EDGE_CURVE('',#15871,#15899,#15901,.T.);
#15899 = VERTEX_POINT('',#15900);
#15900 = CARTESIAN_POINT('',(142.3,25.,39.9513684387));
#15901 = SURFACE_CURVE('',#15902,(#15906,#15913),.PCURVE_S1.);
#15902 = LINE('',#15903,#15904);
#15903 = CARTESIAN_POINT('',(142.3,3.959455543377,27.803604432773));
#15904 = VECTOR('',#15905,1.);
#15905 = DIRECTION('',(0.,-0.866025403784,-0.5));
#15906 = PCURVE('',#15434,#15907);
#15907 = DEFINITIONAL_REPRESENTATION('',(#15908),#15912);
#15908 = LINE('',#15909,#15910);
#15909 = CARTESIAN_POINT('',(-8.496395567227,-32.95945554337));
#15910 = VECTOR('',#15911,1.);
#15911 = DIRECTION('',(-0.5,0.866025403784));
#15912 = ( GEOMETRIC_REPRESENTATION_CONTEXT(2) 
PARAMETRIC_REPRESENTATION_CONTEXT() REPRESENTATION_CONTEXT('2D SPACE',''
  ) );
#15913 = PCURVE('',#15914,#15919);
#15914 = PLANE('',#15915);
#15915 = AXIS2_PLACEMENT_3D('',#15916,#15917,#15918);
#15916 = CARTESIAN_POINT('',(139.7,25.,39.9513684387));
#15917 = DIRECTION('',(0.,-0.5,0.866025403784));
#15918 = DIRECTION('',(0.,0.866025403784,0.5));
#15919 = DEFINITIONAL_REPRESENTATION('',(#15920),#15924);
#15920 = LINE('',#15921,#15922);
#15921 = CARTESIAN_POINT('',(-24.29552801185,-2.6));
#15922 = VECTOR('',#15923,1.);
#15923 = DIRECTION('',(-1.,-0.));
#15924 = ( GEOMETRIC_REPRESENTATION_CONTEXT(2) 
PARAMETRIC_REPRESENTATION_CONTEXT() REPRESENTATION_CONTEXT('2D SPACE',''
  ) );
#15925 = ORIENTED_EDGE('',*,*,#15926,.T.);
#15926 = EDGE_CURVE('',#15899,#15927,#15929,.T.);
#15927 = VERTEX_POINT('',#15928);
#15928 = CARTESIAN_POINT('',(142.3,22.1,41.62568421935));
#15929 = SURFACE_CURVE('',#15930,(#15934,#15941),.PCURVE_S1.);
#15930 = LINE('',#15931,#15932);
#15931 = CARTESIAN_POINT('',(142.3,4.090544456623,52.023448225278));
#15932 = VECTOR('',#15933,1.);
#15933 = DIRECTION('',(0.,-0.866025403784,0.5));
#15934 = PCURVE('',#15434,#15935);
#15935 = DEFINITIONAL_REPRESENTATION('',(#15936),#15940);
#15936 = LINE('',#15937,#15938);
#15937 = CARTESIAN_POINT('',(15.723448225278,-33.09054445662));
#15938 = VECTOR('',#15939,1.);
#15939 = DIRECTION('',(0.5,0.866025403784));
#15940 = ( GEOMETRIC_REPRESENTATION_CONTEXT(2) 
PARAMETRIC_REPRESENTATION_CONTEXT() REPRESENTATION_CONTEXT('2D SPACE',''
  ) );
#15941 = PCURVE('',#15942,#15947);
#15942 = PLANE('',#15943);
#15943 = AXIS2_PLACEMENT_3D('',#15944,#15945,#15946);
#15944 = CARTESIAN_POINT('',(139.7,22.1,41.62568421935));
#15945 = DIRECTION('',(-0.,0.5,0.866025403784));
#15946 = DIRECTION('',(0.,0.866025403784,-0.5));
#15947 = DEFINITIONAL_REPRESENTATION('',(#15948),#15952);
#15948 = LINE('',#15949,#15950);
#15949 = CARTESIAN_POINT('',(-20.79552801185,-2.6));
#15950 = VECTOR('',#15951,1.);
#15951 = DIRECTION('',(-1.,-0.));
#15952 = ( GEOMETRIC_REPRESENTATION_CONTEXT(2) 
PARAMETRIC_REPRESENTATION_CONTEXT() REPRESENTATION_CONTEXT('2D SPACE',''
  ) );
#15953 = ORIENTED_EDGE('',*,*,#15954,.T.);
#15954 = EDGE_CURVE('',#15927,#15813,#15955,.T.);
#15955 = SURFACE_CURVE('',#15956,(#15960,#15967),.PCURVE_S1.);
#15956 = LINE('',#15957,#15958);
#15957 = CARTESIAN_POINT('',(142.3,22.1,40.637157890325));
#15958 = VECTOR('',#15959,1.);
#15959 = DIRECTION('',(0.,-1.326181163023E-16,1.));
#15960 = PCURVE('',#15434,#15961);
#15961 = DEFINITIONAL_REPRESENTATION('',(#15962),#15966);
#15962 = LINE('',#15963,#15964);
#15963 = CARTESIAN_POINT('',(4.337157890325,-51.1));
#15964 = VECTOR('',#15965,1.);
#15965 = DIRECTION('',(1.,1.326181163023E-16));
#15966 = ( GEOMETRIC_REPRESENTATION_CONTEXT(2) 
PARAMETRIC_REPRESENTATION_CONTEXT() REPRESENTATION_CONTEXT('2D SPACE',''
  ) );
#15967 = PCURVE('',#15968,#15973);
#15968 = PLANE('',#15969);
#15969 = AXIS2_PLACEMENT_3D('',#15970,#15971,#15972);
#15970 = CARTESIAN_POINT('',(139.7,22.1,44.97431578065));
#15971 = DIRECTION('',(-0.,1.,1.326181163023E-16));
#15972 = DIRECTION('',(0.,1.326181163023E-16,-1.));
#15973 = DEFINITIONAL_REPRESENTATION('',(#15974),#15978);
#15974 = LINE('',#15975,#15976);
#15975 = CARTESIAN_POINT('',(4.337157890325,-2.6));
#15976 = VECTOR('',#15977,1.);
#15977 = DIRECTION('',(-1.,-0.));
#15978 = ( GEOMETRIC_REPRESENTATION_CONTEXT(2) 
PARAMETRIC_REPRESENTATION_CONTEXT() REPRESENTATION_CONTEXT('2D SPACE',''
  ) );
#15979 = FACE_BOUND('',#15980,.T.);
#15980 = EDGE_LOOP('',(#15981,#16011,#16039,#16067,#16095,#16123));
#15981 = ORIENTED_EDGE('',*,*,#15982,.T.);
#15982 = EDGE_CURVE('',#15983,#15985,#15987,.T.);
#15983 = VERTEX_POINT('',#15984);
#15984 = CARTESIAN_POINT('',(142.3,-27.9,44.97431578065));
#15985 = VERTEX_POINT('',#15986);
#15986 = CARTESIAN_POINT('',(142.3,-25.,46.6486315613));
#15987 = SURFACE_CURVE('',#15988,(#15992,#15999),.PCURVE_S1.);
#15988 = LINE('',#15989,#15990);
#15989 = CARTESIAN_POINT('',(142.3,-28.74054445662,44.489027212353));
#15990 = VECTOR('',#15991,1.);
#15991 = DIRECTION('',(-0.,0.866025403784,0.5));
#15992 = PCURVE('',#15434,#15993);
#15993 = DEFINITIONAL_REPRESENTATION('',(#15994),#15998);
#15994 = LINE('',#15995,#15996);
#15995 = CARTESIAN_POINT('',(8.189027212353,-0.259455543377));
#15996 = VECTOR('',#15997,1.);
#15997 = DIRECTION('',(0.5,-0.866025403784));
#15998 = ( GEOMETRIC_REPRESENTATION_CONTEXT(2) 
PARAMETRIC_REPRESENTATION_CONTEXT() REPRESENTATION_CONTEXT('2D SPACE',''
  ) );
#15999 = PCURVE('',#16000,#16005);
#16000 = PLANE('',#16001);
#16001 = AXIS2_PLACEMENT_3D('',#16002,#16003,#16004);
#16002 = CARTESIAN_POINT('',(139.7,-25.,46.6486315613));
#16003 = DIRECTION('',(0.,0.5,-0.866025403784));
#16004 = DIRECTION('',(0.,-0.866025403784,-0.5));
#16005 = DEFINITIONAL_REPRESENTATION('',(#16006),#16010);
#16006 = LINE('',#16007,#16008);
#16007 = CARTESIAN_POINT('',(4.319208697894,-2.6));
#16008 = VECTOR('',#16009,1.);
#16009 = DIRECTION('',(-1.,0.));
#16010 = ( GEOMETRIC_REPRESENTATION_CONTEXT(2) 
PARAMETRIC_REPRESENTATION_CONTEXT() REPRESENTATION_CONTEXT('2D SPACE',''
  ) );
#16011 = ORIENTED_EDGE('',*,*,#16012,.T.);
#16012 = EDGE_CURVE('',#15985,#16013,#16015,.T.);
#16013 = VERTEX_POINT('',#16014);
#16014 = CARTESIAN_POINT('',(142.3,-22.1,44.97431578065));
#16015 = SURFACE_CURVE('',#16016,(#16020,#16027),.PCURVE_S1.);
#16016 = LINE('',#16017,#16018);
#16017 = CARTESIAN_POINT('',(142.3,-22.80945554337,45.383920129597));
#16018 = VECTOR('',#16019,1.);
#16019 = DIRECTION('',(0.,0.866025403784,-0.5));
#16020 = PCURVE('',#15434,#16021);
#16021 = DEFINITIONAL_REPRESENTATION('',(#16022),#16026);
#16022 = LINE('',#16023,#16024);
#16023 = CARTESIAN_POINT('',(9.083920129597,-6.190544456623));
#16024 = VECTOR('',#16025,1.);
#16025 = DIRECTION('',(-0.5,-0.866025403784));
#16026 = ( GEOMETRIC_REPRESENTATION_CONTEXT(2) 
PARAMETRIC_REPRESENTATION_CONTEXT() REPRESENTATION_CONTEXT('2D SPACE',''
  ) );
#16027 = PCURVE('',#16028,#16033);
#16028 = PLANE('',#16029);
#16029 = AXIS2_PLACEMENT_3D('',#16030,#16031,#16032);
#16030 = CARTESIAN_POINT('',(139.7,-22.1,44.97431578065));
#16031 = DIRECTION('',(0.,-0.5,-0.866025403784));
#16032 = DIRECTION('',(0.,-0.866025403784,0.5));
#16033 = DEFINITIONAL_REPRESENTATION('',(#16034),#16038);
#16034 = LINE('',#16035,#16036);
#16035 = CARTESIAN_POINT('',(0.819208697894,-2.6));
#16036 = VECTOR('',#16037,1.);
#16037 = DIRECTION('',(-1.,-0.));
#16038 = ( GEOMETRIC_REPRESENTATION_CONTEXT(2) 
PARAMETRIC_REPRESENTATION_CONTEXT() REPRESENTATION_CONTEXT('2D SPACE',''
  ) );
#16039 = ORIENTED_EDGE('',*,*,#16040,.T.);
#16040 = EDGE_CURVE('',#16013,#16041,#16043,.T.);
#16041 = VERTEX_POINT('',#16042);
#16042 = CARTESIAN_POINT('',(142.3,-22.1,41.62568421935));
#16043 = SURFACE_CURVE('',#16044,(#16048,#16055),.PCURVE_S1.);
#16044 = LINE('',#16045,#16046);
#16045 = CARTESIAN_POINT('',(142.3,-22.1,38.962842109675));
#16046 = VECTOR('',#16047,1.);
#16047 = DIRECTION('',(0.,-3.978543489069E-16,-1.));
#16048 = PCURVE('',#15434,#16049);
#16049 = DEFINITIONAL_REPRESENTATION('',(#16050),#16054);
#16050 = LINE('',#16051,#16052);
#16051 = CARTESIAN_POINT('',(2.662842109675,-6.9));
#16052 = VECTOR('',#16053,1.);
#16053 = DIRECTION('',(-1.,3.978543489069E-16));
#16054 = ( GEOMETRIC_REPRESENTATION_CONTEXT(2) 
PARAMETRIC_REPRESENTATION_CONTEXT() REPRESENTATION_CONTEXT('2D SPACE',''
  ) );
#16055 = PCURVE('',#16056,#16061);
#16056 = PLANE('',#16057);
#16057 = AXIS2_PLACEMENT_3D('',#16058,#16059,#16060);
#16058 = CARTESIAN_POINT('',(139.7,-22.1,41.62568421935));
#16059 = DIRECTION('',(0.,-1.,3.978543489069E-16));
#16060 = DIRECTION('',(0.,3.978543489069E-16,1.));
#16061 = DEFINITIONAL_REPRESENTATION('',(#16062),#16066);
#16062 = LINE('',#16063,#16064);
#16063 = CARTESIAN_POINT('',(-2.662842109675,-2.6));
#16064 = VECTOR('',#16065,1.);
#16065 = DIRECTION('',(-1.,-0.));
#16066 = ( GEOMETRIC_REPRESENTATION_CONTEXT(2) 
PARAMETRIC_REPRESENTATION_CONTEXT() REPRESENTATION_CONTEXT('2D SPACE',''
  ) );
#16067 = ORIENTED_EDGE('',*,*,#16068,.T.);
#16068 = EDGE_CURVE('',#16041,#16069,#16071,.T.);
#16069 = VERTEX_POINT('',#16070);
#16070 = CARTESIAN_POINT('',(142.3,-25.,39.9513684387));
#16071 = SURFACE_CURVE('',#16072,(#16076,#16083),.PCURVE_S1.);
#16072 = LINE('',#16073,#16074);
#16073 = CARTESIAN_POINT('',(142.3,-27.29054445662,38.628921980078));
#16074 = VECTOR('',#16075,1.);
#16075 = DIRECTION('',(0.,-0.866025403784,-0.5));
#16076 = PCURVE('',#15434,#16077);
#16077 = DEFINITIONAL_REPRESENTATION('',(#16078),#16082);
#16078 = LINE('',#16079,#16080);
#16079 = CARTESIAN_POINT('',(2.328921980078,-1.709455543377));
#16080 = VECTOR('',#16081,1.);
#16081 = DIRECTION('',(-0.5,0.866025403784));
#16082 = ( GEOMETRIC_REPRESENTATION_CONTEXT(2) 
PARAMETRIC_REPRESENTATION_CONTEXT() REPRESENTATION_CONTEXT('2D SPACE',''
  ) );
#16083 = PCURVE('',#16084,#16089);
#16084 = PLANE('',#16085);
#16085 = AXIS2_PLACEMENT_3D('',#16086,#16087,#16088);
#16086 = CARTESIAN_POINT('',(139.7,-25.,39.9513684387));
#16087 = DIRECTION('',(0.,-0.5,0.866025403784));
#16088 = DIRECTION('',(0.,0.866025403784,0.5));
#16089 = DEFINITIONAL_REPRESENTATION('',(#16090),#16094);
#16090 = LINE('',#16091,#16092);
#16091 = CARTESIAN_POINT('',(-2.644892917244,-2.6));
#16092 = VECTOR('',#16093,1.);
#16093 = DIRECTION('',(-1.,-0.));
#16094 = ( GEOMETRIC_REPRESENTATION_CONTEXT(2) 
PARAMETRIC_REPRESENTATION_CONTEXT() REPRESENTATION_CONTEXT('2D SPACE',''
  ) );
#16095 = ORIENTED_EDGE('',*,*,#16096,.T.);
#16096 = EDGE_CURVE('',#16069,#16097,#16099,.T.);
#16097 = VERTEX_POINT('',#16098);
#16098 = CARTESIAN_POINT('',(142.3,-27.9,41.62568421935));
#16099 = SURFACE_CURVE('',#16100,(#16104,#16111),.PCURVE_S1.);
#16100 = LINE('',#16101,#16102);
#16101 = CARTESIAN_POINT('',(142.3,-27.15945554337,41.198130677972));
#16102 = VECTOR('',#16103,1.);
#16103 = DIRECTION('',(0.,-0.866025403784,0.5));
#16104 = PCURVE('',#15434,#16105);
#16105 = DEFINITIONAL_REPRESENTATION('',(#16106),#16110);
#16106 = LINE('',#16107,#16108);
#16107 = CARTESIAN_POINT('',(4.898130677972,-1.840544456623));
#16108 = VECTOR('',#16109,1.);
#16109 = DIRECTION('',(0.5,0.866025403784));
#16110 = ( GEOMETRIC_REPRESENTATION_CONTEXT(2) 
PARAMETRIC_REPRESENTATION_CONTEXT() REPRESENTATION_CONTEXT('2D SPACE',''
  ) );
#16111 = PCURVE('',#16112,#16117);
#16112 = PLANE('',#16113);
#16113 = AXIS2_PLACEMENT_3D('',#16114,#16115,#16116);
#16114 = CARTESIAN_POINT('',(139.7,-27.9,41.62568421935));
#16115 = DIRECTION('',(-0.,0.5,0.866025403784));
#16116 = DIRECTION('',(0.,0.866025403784,-0.5));
#16117 = DEFINITIONAL_REPRESENTATION('',(#16118),#16122);
#16118 = LINE('',#16119,#16120);
#16119 = CARTESIAN_POINT('',(0.855107082756,-2.6));
#16120 = VECTOR('',#16121,1.);
#16121 = DIRECTION('',(-1.,-0.));
#16122 = ( GEOMETRIC_REPRESENTATION_CONTEXT(2) 
PARAMETRIC_REPRESENTATION_CONTEXT() REPRESENTATION_CONTEXT('2D SPACE',''
  ) );
#16123 = ORIENTED_EDGE('',*,*,#16124,.T.);
#16124 = EDGE_CURVE('',#16097,#15983,#16125,.T.);
#16125 = SURFACE_CURVE('',#16126,(#16130,#16137),.PCURVE_S1.);
#16126 = LINE('',#16127,#16128);
#16127 = CARTESIAN_POINT('',(142.3,-27.9,40.637157890325));
#16128 = VECTOR('',#16129,1.);
#16129 = DIRECTION('',(0.,-1.326181163023E-16,1.));
#16130 = PCURVE('',#15434,#16131);
#16131 = DEFINITIONAL_REPRESENTATION('',(#16132),#16136);
#16132 = LINE('',#16133,#16134);
#16133 = CARTESIAN_POINT('',(4.337157890325,-1.1));
#16134 = VECTOR('',#16135,1.);
#16135 = DIRECTION('',(1.,1.326181163023E-16));
#16136 = ( GEOMETRIC_REPRESENTATION_CONTEXT(2) 
PARAMETRIC_REPRESENTATION_CONTEXT() REPRESENTATION_CONTEXT('2D SPACE',''
  ) );
#16137 = PCURVE('',#16138,#16143);
#16138 = PLANE('',#16139);
#16139 = AXIS2_PLACEMENT_3D('',#16140,#16141,#16142);
#16140 = CARTESIAN_POINT('',(139.7,-27.9,44.97431578065));
#16141 = DIRECTION('',(-0.,1.,1.326181163023E-16));
#16142 = DIRECTION('',(0.,1.326181163023E-16,-1.));
#16143 = DEFINITIONAL_REPRESENTATION('',(#16144),#16148);
#16144 = LINE('',#16145,#16146);
#16145 = CARTESIAN_POINT('',(4.337157890325,-2.6));
#16146 = VECTOR('',#16147,1.);
#16147 = DIRECTION('',(-1.,-0.));
#16148 = ( GEOMETRIC_REPRESENTATION_CONTEXT(2) 
PARAMETRIC_REPRESENTATION_CONTEXT() REPRESENTATION_CONTEXT('2D SPACE',''
  ) );
#16149 = ADVANCED_FACE('',(#16150,#16290),#15711,.T.);
#16150 = FACE_BOUND('',#16151,.T.);
#16151 = EDGE_LOOP('',(#16152,#16177,#16200,#16223,#16246,#16269));
#16152 = ORIENTED_EDGE('',*,*,#16153,.T.);
#16153 = EDGE_CURVE('',#16154,#16156,#16158,.T.);
#16154 = VERTEX_POINT('',#16155);
#16155 = CARTESIAN_POINT('',(139.7,27.9,44.97431578065));
#16156 = VERTEX_POINT('',#16157);
#16157 = CARTESIAN_POINT('',(139.7,25.,46.6486315613));
#16158 = SURFACE_CURVE('',#16159,(#16163,#16170),.PCURVE_S1.);
#16159 = LINE('',#16160,#16161);
#16160 = CARTESIAN_POINT('',(139.7,27.9,44.97431578065));
#16161 = VECTOR('',#16162,1.);
#16162 = DIRECTION('',(0.,-0.866025403784,0.5));
#16163 = PCURVE('',#15711,#16164);
#16164 = DEFINITIONAL_REPRESENTATION('',(#16165),#16169);
#16165 = LINE('',#16166,#16167);
#16166 = CARTESIAN_POINT('',(1.67431578065,-2.9));
#16167 = VECTOR('',#16168,1.);
#16168 = DIRECTION('',(0.5,0.866025403784));
#16169 = ( GEOMETRIC_REPRESENTATION_CONTEXT(2) 
PARAMETRIC_REPRESENTATION_CONTEXT() REPRESENTATION_CONTEXT('2D SPACE',''
  ) );
#16170 = PCURVE('',#15858,#16171);
#16171 = DEFINITIONAL_REPRESENTATION('',(#16172),#16176);
#16172 = LINE('',#16173,#16174);
#16173 = CARTESIAN_POINT('',(0.,0.));
#16174 = VECTOR('',#16175,1.);
#16175 = DIRECTION('',(1.,0.));
#16176 = ( GEOMETRIC_REPRESENTATION_CONTEXT(2) 
PARAMETRIC_REPRESENTATION_CONTEXT() REPRESENTATION_CONTEXT('2D SPACE',''
  ) );
#16177 = ORIENTED_EDGE('',*,*,#16178,.T.);
#16178 = EDGE_CURVE('',#16156,#16179,#16181,.T.);
#16179 = VERTEX_POINT('',#16180);
#16180 = CARTESIAN_POINT('',(139.7,22.1,44.97431578065));
#16181 = SURFACE_CURVE('',#16182,(#16186,#16193),.PCURVE_S1.);
#16182 = LINE('',#16183,#16184);
#16183 = CARTESIAN_POINT('',(139.7,25.,46.6486315613));
#16184 = VECTOR('',#16185,1.);
#16185 = DIRECTION('',(0.,-0.866025403784,-0.5));
#16186 = PCURVE('',#15711,#16187);
#16187 = DEFINITIONAL_REPRESENTATION('',(#16188),#16192);
#16188 = LINE('',#16189,#16190);
#16189 = CARTESIAN_POINT('',(3.3486315613,0.));
#16190 = VECTOR('',#16191,1.);
#16191 = DIRECTION('',(-0.5,0.866025403784));
#16192 = ( GEOMETRIC_REPRESENTATION_CONTEXT(2) 
PARAMETRIC_REPRESENTATION_CONTEXT() REPRESENTATION_CONTEXT('2D SPACE',''
  ) );
#16193 = PCURVE('',#15830,#16194);
#16194 = DEFINITIONAL_REPRESENTATION('',(#16195),#16199);
#16195 = LINE('',#16196,#16197);
#16196 = CARTESIAN_POINT('',(0.,0.));
#16197 = VECTOR('',#16198,1.);
#16198 = DIRECTION('',(1.,0.));
#16199 = ( GEOMETRIC_REPRESENTATION_CONTEXT(2) 
PARAMETRIC_REPRESENTATION_CONTEXT() REPRESENTATION_CONTEXT('2D SPACE',''
  ) );
#16200 = ORIENTED_EDGE('',*,*,#16201,.T.);
#16201 = EDGE_CURVE('',#16179,#16202,#16204,.T.);
#16202 = VERTEX_POINT('',#16203);
#16203 = CARTESIAN_POINT('',(139.7,22.1,41.62568421935));
#16204 = SURFACE_CURVE('',#16205,(#16209,#16216),.PCURVE_S1.);
#16205 = LINE('',#16206,#16207);
#16206 = CARTESIAN_POINT('',(139.7,22.1,44.97431578065));
#16207 = VECTOR('',#16208,1.);
#16208 = DIRECTION('',(0.,1.326181163023E-16,-1.));
#16209 = PCURVE('',#15711,#16210);
#16210 = DEFINITIONAL_REPRESENTATION('',(#16211),#16215);
#16211 = LINE('',#16212,#16213);
#16212 = CARTESIAN_POINT('',(1.67431578065,2.9));
#16213 = VECTOR('',#16214,1.);
#16214 = DIRECTION('',(-1.,-1.326181163023E-16));
#16215 = ( GEOMETRIC_REPRESENTATION_CONTEXT(2) 
PARAMETRIC_REPRESENTATION_CONTEXT() REPRESENTATION_CONTEXT('2D SPACE',''
  ) );
#16216 = PCURVE('',#15968,#16217);
#16217 = DEFINITIONAL_REPRESENTATION('',(#16218),#16222);
#16218 = LINE('',#16219,#16220);
#16219 = CARTESIAN_POINT('',(0.,0.));
#16220 = VECTOR('',#16221,1.);
#16221 = DIRECTION('',(1.,0.));
#16222 = ( GEOMETRIC_REPRESENTATION_CONTEXT(2) 
PARAMETRIC_REPRESENTATION_CONTEXT() REPRESENTATION_CONTEXT('2D SPACE',''
  ) );
#16223 = ORIENTED_EDGE('',*,*,#16224,.T.);
#16224 = EDGE_CURVE('',#16202,#16225,#16227,.T.);
#16225 = VERTEX_POINT('',#16226);
#16226 = CARTESIAN_POINT('',(139.7,25.,39.9513684387));
#16227 = SURFACE_CURVE('',#16228,(#16232,#16239),.PCURVE_S1.);
#16228 = LINE('',#16229,#16230);
#16229 = CARTESIAN_POINT('',(139.7,22.1,41.62568421935));
#16230 = VECTOR('',#16231,1.);
#16231 = DIRECTION('',(0.,0.866025403784,-0.5));
#16232 = PCURVE('',#15711,#16233);
#16233 = DEFINITIONAL_REPRESENTATION('',(#16234),#16238);
#16234 = LINE('',#16235,#16236);
#16235 = CARTESIAN_POINT('',(-1.67431578065,2.9));
#16236 = VECTOR('',#16237,1.);
#16237 = DIRECTION('',(-0.5,-0.866025403784));
#16238 = ( GEOMETRIC_REPRESENTATION_CONTEXT(2) 
PARAMETRIC_REPRESENTATION_CONTEXT() REPRESENTATION_CONTEXT('2D SPACE',''
  ) );
#16239 = PCURVE('',#15942,#16240);
#16240 = DEFINITIONAL_REPRESENTATION('',(#16241),#16245);
#16241 = LINE('',#16242,#16243);
#16242 = CARTESIAN_POINT('',(0.,0.));
#16243 = VECTOR('',#16244,1.);
#16244 = DIRECTION('',(1.,0.));
#16245 = ( GEOMETRIC_REPRESENTATION_CONTEXT(2) 
PARAMETRIC_REPRESENTATION_CONTEXT() REPRESENTATION_CONTEXT('2D SPACE',''
  ) );
#16246 = ORIENTED_EDGE('',*,*,#16247,.T.);
#16247 = EDGE_CURVE('',#16225,#16248,#16250,.T.);
#16248 = VERTEX_POINT('',#16249);
#16249 = CARTESIAN_POINT('',(139.7,27.9,41.62568421935));
#16250 = SURFACE_CURVE('',#16251,(#16255,#16262),.PCURVE_S1.);
#16251 = LINE('',#16252,#16253);
#16252 = CARTESIAN_POINT('',(139.7,25.,39.9513684387));
#16253 = VECTOR('',#16254,1.);
#16254 = DIRECTION('',(0.,0.866025403784,0.5));
#16255 = PCURVE('',#15711,#16256);
#16256 = DEFINITIONAL_REPRESENTATION('',(#16257),#16261);
#16257 = LINE('',#16258,#16259);
#16258 = CARTESIAN_POINT('',(-3.3486315613,0.));
#16259 = VECTOR('',#16260,1.);
#16260 = DIRECTION('',(0.5,-0.866025403784));
#16261 = ( GEOMETRIC_REPRESENTATION_CONTEXT(2) 
PARAMETRIC_REPRESENTATION_CONTEXT() REPRESENTATION_CONTEXT('2D SPACE',''
  ) );
#16262 = PCURVE('',#15914,#16263);
#16263 = DEFINITIONAL_REPRESENTATION('',(#16264),#16268);
#16264 = LINE('',#16265,#16266);
#16265 = CARTESIAN_POINT('',(0.,0.));
#16266 = VECTOR('',#16267,1.);
#16267 = DIRECTION('',(1.,0.));
#16268 = ( GEOMETRIC_REPRESENTATION_CONTEXT(2) 
PARAMETRIC_REPRESENTATION_CONTEXT() REPRESENTATION_CONTEXT('2D SPACE',''
  ) );
#16269 = ORIENTED_EDGE('',*,*,#16270,.T.);
#16270 = EDGE_CURVE('',#16248,#16154,#16271,.T.);
#16271 = SURFACE_CURVE('',#16272,(#16276,#16283),.PCURVE_S1.);
#16272 = LINE('',#16273,#16274);
#16273 = CARTESIAN_POINT('',(139.7,27.9,41.62568421935));
#16274 = VECTOR('',#16275,1.);
#16275 = DIRECTION('',(0.,3.978543489069E-16,1.));
#16276 = PCURVE('',#15711,#16277);
#16277 = DEFINITIONAL_REPRESENTATION('',(#16278),#16282);
#16278 = LINE('',#16279,#16280);
#16279 = CARTESIAN_POINT('',(-1.67431578065,-2.9));
#16280 = VECTOR('',#16281,1.);
#16281 = DIRECTION('',(1.,-3.978543489069E-16));
#16282 = ( GEOMETRIC_REPRESENTATION_CONTEXT(2) 
PARAMETRIC_REPRESENTATION_CONTEXT() REPRESENTATION_CONTEXT('2D SPACE',''
  ) );
#16283 = PCURVE('',#15886,#16284);
#16284 = DEFINITIONAL_REPRESENTATION('',(#16285),#16289);
#16285 = LINE('',#16286,#16287);
#16286 = CARTESIAN_POINT('',(0.,0.));
#16287 = VECTOR('',#16288,1.);
#16288 = DIRECTION('',(1.,0.));
#16289 = ( GEOMETRIC_REPRESENTATION_CONTEXT(2) 
PARAMETRIC_REPRESENTATION_CONTEXT() REPRESENTATION_CONTEXT('2D SPACE',''
  ) );
#16290 = FACE_BOUND('',#16291,.T.);
#16291 = EDGE_LOOP('',(#16292));
#16292 = ORIENTED_EDGE('',*,*,#15694,.F.);
#16293 = ADVANCED_FACE('',(#16294,#16434),#15766,.T.);
#16294 = FACE_BOUND('',#16295,.T.);
#16295 = EDGE_LOOP('',(#16296,#16321,#16344,#16367,#16390,#16413));
#16296 = ORIENTED_EDGE('',*,*,#16297,.T.);
#16297 = EDGE_CURVE('',#16298,#16300,#16302,.T.);
#16298 = VERTEX_POINT('',#16299);
#16299 = CARTESIAN_POINT('',(139.7,-22.1,44.97431578065));
#16300 = VERTEX_POINT('',#16301);
#16301 = CARTESIAN_POINT('',(139.7,-25.,46.6486315613));
#16302 = SURFACE_CURVE('',#16303,(#16307,#16314),.PCURVE_S1.);
#16303 = LINE('',#16304,#16305);
#16304 = CARTESIAN_POINT('',(139.7,-22.1,44.97431578065));
#16305 = VECTOR('',#16306,1.);
#16306 = DIRECTION('',(0.,-0.866025403784,0.5));
#16307 = PCURVE('',#15766,#16308);
#16308 = DEFINITIONAL_REPRESENTATION('',(#16309),#16313);
#16309 = LINE('',#16310,#16311);
#16310 = CARTESIAN_POINT('',(1.67431578065,-2.9));
#16311 = VECTOR('',#16312,1.);
#16312 = DIRECTION('',(0.5,0.866025403784));
#16313 = ( GEOMETRIC_REPRESENTATION_CONTEXT(2) 
PARAMETRIC_REPRESENTATION_CONTEXT() REPRESENTATION_CONTEXT('2D SPACE',''
  ) );
#16314 = PCURVE('',#16028,#16315);
#16315 = DEFINITIONAL_REPRESENTATION('',(#16316),#16320);
#16316 = LINE('',#16317,#16318);
#16317 = CARTESIAN_POINT('',(0.,0.));
#16318 = VECTOR('',#16319,1.);
#16319 = DIRECTION('',(1.,0.));
#16320 = ( GEOMETRIC_REPRESENTATION_CONTEXT(2) 
PARAMETRIC_REPRESENTATION_CONTEXT() REPRESENTATION_CONTEXT('2D SPACE',''
  ) );
#16321 = ORIENTED_EDGE('',*,*,#16322,.T.);
#16322 = EDGE_CURVE('',#16300,#16323,#16325,.T.);
#16323 = VERTEX_POINT('',#16324);
#16324 = CARTESIAN_POINT('',(139.7,-27.9,44.97431578065));
#16325 = SURFACE_CURVE('',#16326,(#16330,#16337),.PCURVE_S1.);
#16326 = LINE('',#16327,#16328);
#16327 = CARTESIAN_POINT('',(139.7,-25.,46.6486315613));
#16328 = VECTOR('',#16329,1.);
#16329 = DIRECTION('',(0.,-0.866025403784,-0.5));
#16330 = PCURVE('',#15766,#16331);
#16331 = DEFINITIONAL_REPRESENTATION('',(#16332),#16336);
#16332 = LINE('',#16333,#16334);
#16333 = CARTESIAN_POINT('',(3.3486315613,0.));
#16334 = VECTOR('',#16335,1.);
#16335 = DIRECTION('',(-0.5,0.866025403784));
#16336 = ( GEOMETRIC_REPRESENTATION_CONTEXT(2) 
PARAMETRIC_REPRESENTATION_CONTEXT() REPRESENTATION_CONTEXT('2D SPACE',''
  ) );
#16337 = PCURVE('',#16000,#16338);
#16338 = DEFINITIONAL_REPRESENTATION('',(#16339),#16343);
#16339 = LINE('',#16340,#16341);
#16340 = CARTESIAN_POINT('',(0.,0.));
#16341 = VECTOR('',#16342,1.);
#16342 = DIRECTION('',(1.,0.));
#16343 = ( GEOMETRIC_REPRESENTATION_CONTEXT(2) 
PARAMETRIC_REPRESENTATION_CONTEXT() REPRESENTATION_CONTEXT('2D SPACE',''
  ) );
#16344 = ORIENTED_EDGE('',*,*,#16345,.T.);
#16345 = EDGE_CURVE('',#16323,#16346,#16348,.T.);
#16346 = VERTEX_POINT('',#16347);
#16347 = CARTESIAN_POINT('',(139.7,-27.9,41.62568421935));
#16348 = SURFACE_CURVE('',#16349,(#16353,#16360),.PCURVE_S1.);
#16349 = LINE('',#16350,#16351);
#16350 = CARTESIAN_POINT('',(139.7,-27.9,44.97431578065));
#16351 = VECTOR('',#16352,1.);
#16352 = DIRECTION('',(0.,1.326181163023E-16,-1.));
#16353 = PCURVE('',#15766,#16354);
#16354 = DEFINITIONAL_REPRESENTATION('',(#16355),#16359);
#16355 = LINE('',#16356,#16357);
#16356 = CARTESIAN_POINT('',(1.67431578065,2.9));
#16357 = VECTOR('',#16358,1.);
#16358 = DIRECTION('',(-1.,-1.326181163023E-16));
#16359 = ( GEOMETRIC_REPRESENTATION_CONTEXT(2) 
PARAMETRIC_REPRESENTATION_CONTEXT() REPRESENTATION_CONTEXT('2D SPACE',''
  ) );
#16360 = PCURVE('',#16138,#16361);
#16361 = DEFINITIONAL_REPRESENTATION('',(#16362),#16366);
#16362 = LINE('',#16363,#16364);
#16363 = CARTESIAN_POINT('',(0.,0.));
#16364 = VECTOR('',#16365,1.);
#16365 = DIRECTION('',(1.,0.));
#16366 = ( GEOMETRIC_REPRESENTATION_CONTEXT(2) 
PARAMETRIC_REPRESENTATION_CONTEXT() REPRESENTATION_CONTEXT('2D SPACE',''
  ) );
#16367 = ORIENTED_EDGE('',*,*,#16368,.T.);
#16368 = EDGE_CURVE('',#16346,#16369,#16371,.T.);
#16369 = VERTEX_POINT('',#16370);
#16370 = CARTESIAN_POINT('',(139.7,-25.,39.9513684387));
#16371 = SURFACE_CURVE('',#16372,(#16376,#16383),.PCURVE_S1.);
#16372 = LINE('',#16373,#16374);
#16373 = CARTESIAN_POINT('',(139.7,-27.9,41.62568421935));
#16374 = VECTOR('',#16375,1.);
#16375 = DIRECTION('',(0.,0.866025403784,-0.5));
#16376 = PCURVE('',#15766,#16377);
#16377 = DEFINITIONAL_REPRESENTATION('',(#16378),#16382);
#16378 = LINE('',#16379,#16380);
#16379 = CARTESIAN_POINT('',(-1.67431578065,2.9));
#16380 = VECTOR('',#16381,1.);
#16381 = DIRECTION('',(-0.5,-0.866025403784));
#16382 = ( GEOMETRIC_REPRESENTATION_CONTEXT(2) 
PARAMETRIC_REPRESENTATION_CONTEXT() REPRESENTATION_CONTEXT('2D SPACE',''
  ) );
#16383 = PCURVE('',#16112,#16384);
#16384 = DEFINITIONAL_REPRESENTATION('',(#16385),#16389);
#16385 = LINE('',#16386,#16387);
#16386 = CARTESIAN_POINT('',(0.,0.));
#16387 = VECTOR('',#16388,1.);
#16388 = DIRECTION('',(1.,0.));
#16389 = ( GEOMETRIC_REPRESENTATION_CONTEXT(2) 
PARAMETRIC_REPRESENTATION_CONTEXT() REPRESENTATION_CONTEXT('2D SPACE',''
  ) );
#16390 = ORIENTED_EDGE('',*,*,#16391,.T.);
#16391 = EDGE_CURVE('',#16369,#16392,#16394,.T.);
#16392 = VERTEX_POINT('',#16393);
#16393 = CARTESIAN_POINT('',(139.7,-22.1,41.62568421935));
#16394 = SURFACE_CURVE('',#16395,(#16399,#16406),.PCURVE_S1.);
#16395 = LINE('',#16396,#16397);
#16396 = CARTESIAN_POINT('',(139.7,-25.,39.9513684387));
#16397 = VECTOR('',#16398,1.);
#16398 = DIRECTION('',(0.,0.866025403784,0.5));
#16399 = PCURVE('',#15766,#16400);
#16400 = DEFINITIONAL_REPRESENTATION('',(#16401),#16405);
#16401 = LINE('',#16402,#16403);
#16402 = CARTESIAN_POINT('',(-3.3486315613,0.));
#16403 = VECTOR('',#16404,1.);
#16404 = DIRECTION('',(0.5,-0.866025403784));
#16405 = ( GEOMETRIC_REPRESENTATION_CONTEXT(2) 
PARAMETRIC_REPRESENTATION_CONTEXT() REPRESENTATION_CONTEXT('2D SPACE',''
  ) );
#16406 = PCURVE('',#16084,#16407);
#16407 = DEFINITIONAL_REPRESENTATION('',(#16408),#16412);
#16408 = LINE('',#16409,#16410);
#16409 = CARTESIAN_POINT('',(0.,0.));
#16410 = VECTOR('',#16411,1.);
#16411 = DIRECTION('',(1.,0.));
#16412 = ( GEOMETRIC_REPRESENTATION_CONTEXT(2) 
PARAMETRIC_REPRESENTATION_CONTEXT() REPRESENTATION_CONTEXT('2D SPACE',''
  ) );
#16413 = ORIENTED_EDGE('',*,*,#16414,.T.);
#16414 = EDGE_CURVE('',#16392,#16298,#16415,.T.);
#16415 = SURFACE_CURVE('',#16416,(#16420,#16427),.PCURVE_S1.);
#16416 = LINE('',#16417,#16418);
#16417 = CARTESIAN_POINT('',(139.7,-22.1,41.62568421935));
#16418 = VECTOR('',#16419,1.);
#16419 = DIRECTION('',(0.,3.978543489069E-16,1.));
#16420 = PCURVE('',#15766,#16421);
#16421 = DEFINITIONAL_REPRESENTATION('',(#16422),#16426);
#16422 = LINE('',#16423,#16424);
#16423 = CARTESIAN_POINT('',(-1.67431578065,-2.9));
#16424 = VECTOR('',#16425,1.);
#16425 = DIRECTION('',(1.,-3.978543489069E-16));
#16426 = ( GEOMETRIC_REPRESENTATION_CONTEXT(2) 
PARAMETRIC_REPRESENTATION_CONTEXT() REPRESENTATION_CONTEXT('2D SPACE',''
  ) );
#16427 = PCURVE('',#16056,#16428);
#16428 = DEFINITIONAL_REPRESENTATION('',(#16429),#16433);
#16429 = LINE('',#16430,#16431);
#16430 = CARTESIAN_POINT('',(0.,0.));
#16431 = VECTOR('',#16432,1.);
#16432 = DIRECTION('',(1.,0.));
#16433 = ( GEOMETRIC_REPRESENTATION_CONTEXT(2) 
PARAMETRIC_REPRESENTATION_CONTEXT() REPRESENTATION_CONTEXT('2D SPACE',''
  ) );
#16434 = FACE_BOUND('',#16435,.T.);
#16435 = EDGE_LOOP('',(#16436));
#16436 = ORIENTED_EDGE('',*,*,#15749,.F.);
#16437 = ADVANCED_FACE('',(#16438),#15830,.T.);
#16438 = FACE_BOUND('',#16439,.T.);
#16439 = EDGE_LOOP('',(#16440,#16441,#16462,#16463));
#16440 = ORIENTED_EDGE('',*,*,#16178,.F.);
#16441 = ORIENTED_EDGE('',*,*,#16442,.T.);
#16442 = EDGE_CURVE('',#16156,#15815,#16443,.T.);
#16443 = SURFACE_CURVE('',#16444,(#16448,#16455),.PCURVE_S1.);
#16444 = LINE('',#16445,#16446);
#16445 = CARTESIAN_POINT('',(139.7,25.,46.6486315613));
#16446 = VECTOR('',#16447,1.);
#16447 = DIRECTION('',(1.,0.,0.));
#16448 = PCURVE('',#15830,#16449);
#16449 = DEFINITIONAL_REPRESENTATION('',(#16450),#16454);
#16450 = LINE('',#16451,#16452);
#16451 = CARTESIAN_POINT('',(0.,0.));
#16452 = VECTOR('',#16453,1.);
#16453 = DIRECTION('',(0.,-1.));
#16454 = ( GEOMETRIC_REPRESENTATION_CONTEXT(2) 
PARAMETRIC_REPRESENTATION_CONTEXT() REPRESENTATION_CONTEXT('2D SPACE',''
  ) );
#16455 = PCURVE('',#15858,#16456);
#16456 = DEFINITIONAL_REPRESENTATION('',(#16457),#16461);
#16457 = LINE('',#16458,#16459);
#16458 = CARTESIAN_POINT('',(3.3486315613,0.));
#16459 = VECTOR('',#16460,1.);
#16460 = DIRECTION('',(0.,-1.));
#16461 = ( GEOMETRIC_REPRESENTATION_CONTEXT(2) 
PARAMETRIC_REPRESENTATION_CONTEXT() REPRESENTATION_CONTEXT('2D SPACE',''
  ) );
#16462 = ORIENTED_EDGE('',*,*,#15812,.F.);
#16463 = ORIENTED_EDGE('',*,*,#16464,.F.);
#16464 = EDGE_CURVE('',#16179,#15813,#16465,.T.);
#16465 = SURFACE_CURVE('',#16466,(#16470,#16477),.PCURVE_S1.);
#16466 = LINE('',#16467,#16468);
#16467 = CARTESIAN_POINT('',(139.7,22.1,44.97431578065));
#16468 = VECTOR('',#16469,1.);
#16469 = DIRECTION('',(1.,0.,0.));
#16470 = PCURVE('',#15830,#16471);
#16471 = DEFINITIONAL_REPRESENTATION('',(#16472),#16476);
#16472 = LINE('',#16473,#16474);
#16473 = CARTESIAN_POINT('',(3.3486315613,0.));
#16474 = VECTOR('',#16475,1.);
#16475 = DIRECTION('',(0.,-1.));
#16476 = ( GEOMETRIC_REPRESENTATION_CONTEXT(2) 
PARAMETRIC_REPRESENTATION_CONTEXT() REPRESENTATION_CONTEXT('2D SPACE',''
  ) );
#16477 = PCURVE('',#15968,#16478);
#16478 = DEFINITIONAL_REPRESENTATION('',(#16479),#16483);
#16479 = LINE('',#16480,#16481);
#16480 = CARTESIAN_POINT('',(0.,0.));
#16481 = VECTOR('',#16482,1.);
#16482 = DIRECTION('',(0.,-1.));
#16483 = ( GEOMETRIC_REPRESENTATION_CONTEXT(2) 
PARAMETRIC_REPRESENTATION_CONTEXT() REPRESENTATION_CONTEXT('2D SPACE',''
  ) );
#16484 = ADVANCED_FACE('',(#16485),#15968,.T.);
#16485 = FACE_BOUND('',#16486,.T.);
#16486 = EDGE_LOOP('',(#16487,#16488,#16489,#16490));
#16487 = ORIENTED_EDGE('',*,*,#16201,.F.);
#16488 = ORIENTED_EDGE('',*,*,#16464,.T.);
#16489 = ORIENTED_EDGE('',*,*,#15954,.F.);
#16490 = ORIENTED_EDGE('',*,*,#16491,.F.);
#16491 = EDGE_CURVE('',#16202,#15927,#16492,.T.);
#16492 = SURFACE_CURVE('',#16493,(#16497,#16504),.PCURVE_S1.);
#16493 = LINE('',#16494,#16495);
#16494 = CARTESIAN_POINT('',(139.7,22.1,41.62568421935));
#16495 = VECTOR('',#16496,1.);
#16496 = DIRECTION('',(1.,0.,0.));
#16497 = PCURVE('',#15968,#16498);
#16498 = DEFINITIONAL_REPRESENTATION('',(#16499),#16503);
#16499 = LINE('',#16500,#16501);
#16500 = CARTESIAN_POINT('',(3.3486315613,0.));
#16501 = VECTOR('',#16502,1.);
#16502 = DIRECTION('',(0.,-1.));
#16503 = ( GEOMETRIC_REPRESENTATION_CONTEXT(2) 
PARAMETRIC_REPRESENTATION_CONTEXT() REPRESENTATION_CONTEXT('2D SPACE',''
  ) );
#16504 = PCURVE('',#15942,#16505);
#16505 = DEFINITIONAL_REPRESENTATION('',(#16506),#16510);
#16506 = LINE('',#16507,#16508);
#16507 = CARTESIAN_POINT('',(0.,0.));
#16508 = VECTOR('',#16509,1.);
#16509 = DIRECTION('',(0.,-1.));
#16510 = ( GEOMETRIC_REPRESENTATION_CONTEXT(2) 
PARAMETRIC_REPRESENTATION_CONTEXT() REPRESENTATION_CONTEXT('2D SPACE',''
  ) );
#16511 = ADVANCED_FACE('',(#16512),#15942,.T.);
#16512 = FACE_BOUND('',#16513,.T.);
#16513 = EDGE_LOOP('',(#16514,#16515,#16516,#16517));
#16514 = ORIENTED_EDGE('',*,*,#16224,.F.);
#16515 = ORIENTED_EDGE('',*,*,#16491,.T.);
#16516 = ORIENTED_EDGE('',*,*,#15926,.F.);
#16517 = ORIENTED_EDGE('',*,*,#16518,.F.);
#16518 = EDGE_CURVE('',#16225,#15899,#16519,.T.);
#16519 = SURFACE_CURVE('',#16520,(#16524,#16531),.PCURVE_S1.);
#16520 = LINE('',#16521,#16522);
#16521 = CARTESIAN_POINT('',(139.7,25.,39.9513684387));
#16522 = VECTOR('',#16523,1.);
#16523 = DIRECTION('',(1.,0.,0.));
#16524 = PCURVE('',#15942,#16525);
#16525 = DEFINITIONAL_REPRESENTATION('',(#16526),#16530);
#16526 = LINE('',#16527,#16528);
#16527 = CARTESIAN_POINT('',(3.3486315613,0.));
#16528 = VECTOR('',#16529,1.);
#16529 = DIRECTION('',(0.,-1.));
#16530 = ( GEOMETRIC_REPRESENTATION_CONTEXT(2) 
PARAMETRIC_REPRESENTATION_CONTEXT() REPRESENTATION_CONTEXT('2D SPACE',''
  ) );
#16531 = PCURVE('',#15914,#16532);
#16532 = DEFINITIONAL_REPRESENTATION('',(#16533),#16537);
#16533 = LINE('',#16534,#16535);
#16534 = CARTESIAN_POINT('',(0.,0.));
#16535 = VECTOR('',#16536,1.);
#16536 = DIRECTION('',(0.,-1.));
#16537 = ( GEOMETRIC_REPRESENTATION_CONTEXT(2) 
PARAMETRIC_REPRESENTATION_CONTEXT() REPRESENTATION_CONTEXT('2D SPACE',''
  ) );
#16538 = ADVANCED_FACE('',(#16539),#15914,.T.);
#16539 = FACE_BOUND('',#16540,.T.);
#16540 = EDGE_LOOP('',(#16541,#16542,#16543,#16544));
#16541 = ORIENTED_EDGE('',*,*,#16247,.F.);
#16542 = ORIENTED_EDGE('',*,*,#16518,.T.);
#16543 = ORIENTED_EDGE('',*,*,#15898,.F.);
#16544 = ORIENTED_EDGE('',*,*,#16545,.F.);
#16545 = EDGE_CURVE('',#16248,#15871,#16546,.T.);
#16546 = SURFACE_CURVE('',#16547,(#16551,#16558),.PCURVE_S1.);
#16547 = LINE('',#16548,#16549);
#16548 = CARTESIAN_POINT('',(139.7,27.9,41.62568421935));
#16549 = VECTOR('',#16550,1.);
#16550 = DIRECTION('',(1.,0.,0.));
#16551 = PCURVE('',#15914,#16552);
#16552 = DEFINITIONAL_REPRESENTATION('',(#16553),#16557);
#16553 = LINE('',#16554,#16555);
#16554 = CARTESIAN_POINT('',(3.3486315613,0.));
#16555 = VECTOR('',#16556,1.);
#16556 = DIRECTION('',(0.,-1.));
#16557 = ( GEOMETRIC_REPRESENTATION_CONTEXT(2) 
PARAMETRIC_REPRESENTATION_CONTEXT() REPRESENTATION_CONTEXT('2D SPACE',''
  ) );
#16558 = PCURVE('',#15886,#16559);
#16559 = DEFINITIONAL_REPRESENTATION('',(#16560),#16564);
#16560 = LINE('',#16561,#16562);
#16561 = CARTESIAN_POINT('',(0.,0.));
#16562 = VECTOR('',#16563,1.);
#16563 = DIRECTION('',(0.,-1.));
#16564 = ( GEOMETRIC_REPRESENTATION_CONTEXT(2) 
PARAMETRIC_REPRESENTATION_CONTEXT() REPRESENTATION_CONTEXT('2D SPACE',''
  ) );
#16565 = ADVANCED_FACE('',(#16566),#15886,.T.);
#16566 = FACE_BOUND('',#16567,.T.);
#16567 = EDGE_LOOP('',(#16568,#16569,#16570,#16571));
#16568 = ORIENTED_EDGE('',*,*,#16270,.F.);
#16569 = ORIENTED_EDGE('',*,*,#16545,.T.);
#16570 = ORIENTED_EDGE('',*,*,#15870,.F.);
#16571 = ORIENTED_EDGE('',*,*,#16572,.F.);
#16572 = EDGE_CURVE('',#16154,#15843,#16573,.T.);
#16573 = SURFACE_CURVE('',#16574,(#16578,#16585),.PCURVE_S1.);
#16574 = LINE('',#16575,#16576);
#16575 = CARTESIAN_POINT('',(139.7,27.9,44.97431578065));
#16576 = VECTOR('',#16577,1.);
#16577 = DIRECTION('',(1.,0.,0.));
#16578 = PCURVE('',#15886,#16579);
#16579 = DEFINITIONAL_REPRESENTATION('',(#16580),#16584);
#16580 = LINE('',#16581,#16582);
#16581 = CARTESIAN_POINT('',(3.3486315613,0.));
#16582 = VECTOR('',#16583,1.);
#16583 = DIRECTION('',(0.,-1.));
#16584 = ( GEOMETRIC_REPRESENTATION_CONTEXT(2) 
PARAMETRIC_REPRESENTATION_CONTEXT() REPRESENTATION_CONTEXT('2D SPACE',''
  ) );
#16585 = PCURVE('',#15858,#16586);
#16586 = DEFINITIONAL_REPRESENTATION('',(#16587),#16591);
#16587 = LINE('',#16588,#16589);
#16588 = CARTESIAN_POINT('',(0.,0.));
#16589 = VECTOR('',#16590,1.);
#16590 = DIRECTION('',(0.,-1.));
#16591 = ( GEOMETRIC_REPRESENTATION_CONTEXT(2) 
PARAMETRIC_REPRESENTATION_CONTEXT() REPRESENTATION_CONTEXT('2D SPACE',''
  ) );
#16592 = ADVANCED_FACE('',(#16593),#15858,.T.);
#16593 = FACE_BOUND('',#16594,.T.);
#16594 = EDGE_LOOP('',(#16595,#16596,#16597,#16598));
#16595 = ORIENTED_EDGE('',*,*,#16153,.F.);
#16596 = ORIENTED_EDGE('',*,*,#16572,.T.);
#16597 = ORIENTED_EDGE('',*,*,#15842,.F.);
#16598 = ORIENTED_EDGE('',*,*,#16442,.F.);
#16599 = ADVANCED_FACE('',(#16600),#16000,.T.);
#16600 = FACE_BOUND('',#16601,.T.);
#16601 = EDGE_LOOP('',(#16602,#16603,#16624,#16625));
#16602 = ORIENTED_EDGE('',*,*,#16322,.F.);
#16603 = ORIENTED_EDGE('',*,*,#16604,.T.);
#16604 = EDGE_CURVE('',#16300,#15985,#16605,.T.);
#16605 = SURFACE_CURVE('',#16606,(#16610,#16617),.PCURVE_S1.);
#16606 = LINE('',#16607,#16608);
#16607 = CARTESIAN_POINT('',(139.7,-25.,46.6486315613));
#16608 = VECTOR('',#16609,1.);
#16609 = DIRECTION('',(1.,0.,0.));
#16610 = PCURVE('',#16000,#16611);
#16611 = DEFINITIONAL_REPRESENTATION('',(#16612),#16616);
#16612 = LINE('',#16613,#16614);
#16613 = CARTESIAN_POINT('',(0.,0.));
#16614 = VECTOR('',#16615,1.);
#16615 = DIRECTION('',(0.,-1.));
#16616 = ( GEOMETRIC_REPRESENTATION_CONTEXT(2) 
PARAMETRIC_REPRESENTATION_CONTEXT() REPRESENTATION_CONTEXT('2D SPACE',''
  ) );
#16617 = PCURVE('',#16028,#16618);
#16618 = DEFINITIONAL_REPRESENTATION('',(#16619),#16623);
#16619 = LINE('',#16620,#16621);
#16620 = CARTESIAN_POINT('',(3.3486315613,0.));
#16621 = VECTOR('',#16622,1.);
#16622 = DIRECTION('',(0.,-1.));
#16623 = ( GEOMETRIC_REPRESENTATION_CONTEXT(2) 
PARAMETRIC_REPRESENTATION_CONTEXT() REPRESENTATION_CONTEXT('2D SPACE',''
  ) );
#16624 = ORIENTED_EDGE('',*,*,#15982,.F.);
#16625 = ORIENTED_EDGE('',*,*,#16626,.F.);
#16626 = EDGE_CURVE('',#16323,#15983,#16627,.T.);
#16627 = SURFACE_CURVE('',#16628,(#16632,#16639),.PCURVE_S1.);
#16628 = LINE('',#16629,#16630);
#16629 = CARTESIAN_POINT('',(139.7,-27.9,44.97431578065));
#16630 = VECTOR('',#16631,1.);
#16631 = DIRECTION('',(1.,0.,0.));
#16632 = PCURVE('',#16000,#16633);
#16633 = DEFINITIONAL_REPRESENTATION('',(#16634),#16638);
#16634 = LINE('',#16635,#16636);
#16635 = CARTESIAN_POINT('',(3.3486315613,0.));
#16636 = VECTOR('',#16637,1.);
#16637 = DIRECTION('',(0.,-1.));
#16638 = ( GEOMETRIC_REPRESENTATION_CONTEXT(2) 
PARAMETRIC_REPRESENTATION_CONTEXT() REPRESENTATION_CONTEXT('2D SPACE',''
  ) );
#16639 = PCURVE('',#16138,#16640);
#16640 = DEFINITIONAL_REPRESENTATION('',(#16641),#16645);
#16641 = LINE('',#16642,#16643);
#16642 = CARTESIAN_POINT('',(0.,0.));
#16643 = VECTOR('',#16644,1.);
#16644 = DIRECTION('',(0.,-1.));
#16645 = ( GEOMETRIC_REPRESENTATION_CONTEXT(2) 
PARAMETRIC_REPRESENTATION_CONTEXT() REPRESENTATION_CONTEXT('2D SPACE',''
  ) );
#16646 = ADVANCED_FACE('',(#16647),#16138,.T.);
#16647 = FACE_BOUND('',#16648,.T.);
#16648 = EDGE_LOOP('',(#16649,#16650,#16651,#16652));
#16649 = ORIENTED_EDGE('',*,*,#16345,.F.);
#16650 = ORIENTED_EDGE('',*,*,#16626,.T.);
#16651 = ORIENTED_EDGE('',*,*,#16124,.F.);
#16652 = ORIENTED_EDGE('',*,*,#16653,.F.);
#16653 = EDGE_CURVE('',#16346,#16097,#16654,.T.);
#16654 = SURFACE_CURVE('',#16655,(#16659,#16666),.PCURVE_S1.);
#16655 = LINE('',#16656,#16657);
#16656 = CARTESIAN_POINT('',(139.7,-27.9,41.62568421935));
#16657 = VECTOR('',#16658,1.);
#16658 = DIRECTION('',(1.,0.,0.));
#16659 = PCURVE('',#16138,#16660);
#16660 = DEFINITIONAL_REPRESENTATION('',(#16661),#16665);
#16661 = LINE('',#16662,#16663);
#16662 = CARTESIAN_POINT('',(3.3486315613,0.));
#16663 = VECTOR('',#16664,1.);
#16664 = DIRECTION('',(0.,-1.));
#16665 = ( GEOMETRIC_REPRESENTATION_CONTEXT(2) 
PARAMETRIC_REPRESENTATION_CONTEXT() REPRESENTATION_CONTEXT('2D SPACE',''
  ) );
#16666 = PCURVE('',#16112,#16667);
#16667 = DEFINITIONAL_REPRESENTATION('',(#16668),#16672);
#16668 = LINE('',#16669,#16670);
#16669 = CARTESIAN_POINT('',(0.,0.));
#16670 = VECTOR('',#16671,1.);
#16671 = DIRECTION('',(0.,-1.));
#16672 = ( GEOMETRIC_REPRESENTATION_CONTEXT(2) 
PARAMETRIC_REPRESENTATION_CONTEXT() REPRESENTATION_CONTEXT('2D SPACE',''
  ) );
#16673 = ADVANCED_FACE('',(#16674),#16028,.T.);
#16674 = FACE_BOUND('',#16675,.T.);
#16675 = EDGE_LOOP('',(#16676,#16677,#16698,#16699));
#16676 = ORIENTED_EDGE('',*,*,#16297,.F.);
#16677 = ORIENTED_EDGE('',*,*,#16678,.T.);
#16678 = EDGE_CURVE('',#16298,#16013,#16679,.T.);
#16679 = SURFACE_CURVE('',#16680,(#16684,#16691),.PCURVE_S1.);
#16680 = LINE('',#16681,#16682);
#16681 = CARTESIAN_POINT('',(139.7,-22.1,44.97431578065));
#16682 = VECTOR('',#16683,1.);
#16683 = DIRECTION('',(1.,0.,0.));
#16684 = PCURVE('',#16028,#16685);
#16685 = DEFINITIONAL_REPRESENTATION('',(#16686),#16690);
#16686 = LINE('',#16687,#16688);
#16687 = CARTESIAN_POINT('',(0.,0.));
#16688 = VECTOR('',#16689,1.);
#16689 = DIRECTION('',(0.,-1.));
#16690 = ( GEOMETRIC_REPRESENTATION_CONTEXT(2) 
PARAMETRIC_REPRESENTATION_CONTEXT() REPRESENTATION_CONTEXT('2D SPACE',''
  ) );
#16691 = PCURVE('',#16056,#16692);
#16692 = DEFINITIONAL_REPRESENTATION('',(#16693),#16697);
#16693 = LINE('',#16694,#16695);
#16694 = CARTESIAN_POINT('',(3.3486315613,0.));
#16695 = VECTOR('',#16696,1.);
#16696 = DIRECTION('',(0.,-1.));
#16697 = ( GEOMETRIC_REPRESENTATION_CONTEXT(2) 
PARAMETRIC_REPRESENTATION_CONTEXT() REPRESENTATION_CONTEXT('2D SPACE',''
  ) );
#16698 = ORIENTED_EDGE('',*,*,#16012,.F.);
#16699 = ORIENTED_EDGE('',*,*,#16604,.F.);
#16700 = ADVANCED_FACE('',(#16701),#16112,.T.);
#16701 = FACE_BOUND('',#16702,.T.);
#16702 = EDGE_LOOP('',(#16703,#16704,#16705,#16706));
#16703 = ORIENTED_EDGE('',*,*,#16368,.F.);
#16704 = ORIENTED_EDGE('',*,*,#16653,.T.);
#16705 = ORIENTED_EDGE('',*,*,#16096,.F.);
#16706 = ORIENTED_EDGE('',*,*,#16707,.F.);
#16707 = EDGE_CURVE('',#16369,#16069,#16708,.T.);
#16708 = SURFACE_CURVE('',#16709,(#16713,#16720),.PCURVE_S1.);
#16709 = LINE('',#16710,#16711);
#16710 = CARTESIAN_POINT('',(139.7,-25.,39.9513684387));
#16711 = VECTOR('',#16712,1.);
#16712 = DIRECTION('',(1.,0.,0.));
#16713 = PCURVE('',#16112,#16714);
#16714 = DEFINITIONAL_REPRESENTATION('',(#16715),#16719);
#16715 = LINE('',#16716,#16717);
#16716 = CARTESIAN_POINT('',(3.3486315613,0.));
#16717 = VECTOR('',#16718,1.);
#16718 = DIRECTION('',(0.,-1.));
#16719 = ( GEOMETRIC_REPRESENTATION_CONTEXT(2) 
PARAMETRIC_REPRESENTATION_CONTEXT() REPRESENTATION_CONTEXT('2D SPACE',''
  ) );
#16720 = PCURVE('',#16084,#16721);
#16721 = DEFINITIONAL_REPRESENTATION('',(#16722),#16726);
#16722 = LINE('',#16723,#16724);
#16723 = CARTESIAN_POINT('',(0.,0.));
#16724 = VECTOR('',#16725,1.);
#16725 = DIRECTION('',(0.,-1.));
#16726 = ( GEOMETRIC_REPRESENTATION_CONTEXT(2) 
PARAMETRIC_REPRESENTATION_CONTEXT() REPRESENTATION_CONTEXT('2D SPACE',''
  ) );
#16727 = ADVANCED_FACE('',(#16728),#16056,.T.);
#16728 = FACE_BOUND('',#16729,.T.);
#16729 = EDGE_LOOP('',(#16730,#16731,#16752,#16753));
#16730 = ORIENTED_EDGE('',*,*,#16414,.F.);
#16731 = ORIENTED_EDGE('',*,*,#16732,.T.);
#16732 = EDGE_CURVE('',#16392,#16041,#16733,.T.);
#16733 = SURFACE_CURVE('',#16734,(#16738,#16745),.PCURVE_S1.);
#16734 = LINE('',#16735,#16736);
#16735 = CARTESIAN_POINT('',(139.7,-22.1,41.62568421935));
#16736 = VECTOR('',#16737,1.);
#16737 = DIRECTION('',(1.,0.,0.));
#16738 = PCURVE('',#16056,#16739);
#16739 = DEFINITIONAL_REPRESENTATION('',(#16740),#16744);
#16740 = LINE('',#16741,#16742);
#16741 = CARTESIAN_POINT('',(0.,0.));
#16742 = VECTOR('',#16743,1.);
#16743 = DIRECTION('',(0.,-1.));
#16744 = ( GEOMETRIC_REPRESENTATION_CONTEXT(2) 
PARAMETRIC_REPRESENTATION_CONTEXT() REPRESENTATION_CONTEXT('2D SPACE',''
  ) );
#16745 = PCURVE('',#16084,#16746);
#16746 = DEFINITIONAL_REPRESENTATION('',(#16747),#16751);
#16747 = LINE('',#16748,#16749);
#16748 = CARTESIAN_POINT('',(3.3486315613,0.));
#16749 = VECTOR('',#16750,1.);
#16750 = DIRECTION('',(0.,-1.));
#16751 = ( GEOMETRIC_REPRESENTATION_CONTEXT(2) 
PARAMETRIC_REPRESENTATION_CONTEXT() REPRESENTATION_CONTEXT('2D SPACE',''
  ) );
#16752 = ORIENTED_EDGE('',*,*,#16040,.F.);
#16753 = ORIENTED_EDGE('',*,*,#16678,.F.);
#16754 = ADVANCED_FACE('',(#16755),#16084,.T.);
#16755 = FACE_BOUND('',#16756,.T.);
#16756 = EDGE_LOOP('',(#16757,#16758,#16759,#16760));
#16757 = ORIENTED_EDGE('',*,*,#16391,.F.);
#16758 = ORIENTED_EDGE('',*,*,#16707,.T.);
#16759 = ORIENTED_EDGE('',*,*,#16068,.F.);
#16760 = ORIENTED_EDGE('',*,*,#16732,.F.);
#16761 = ( GEOMETRIC_REPRESENTATION_CONTEXT(3) 
GLOBAL_UNCERTAINTY_ASSIGNED_CONTEXT((#16765)) 
GLOBAL_UNIT_ASSIGNED_CONTEXT((#16762,#16763,#16764)) 
REPRESENTATION_CONTEXT('Context #1',
  '3D Context with UNIT and UNCERTAINTY') );
#16762 = ( LENGTH_UNIT() NAMED_UNIT(*) SI_UNIT(.MILLI.,.METRE.) );
#16763 = ( NAMED_UNIT(*) PLANE_ANGLE_UNIT() SI_UNIT($,.RADIAN.) );
#16764 = ( NAMED_UNIT(*) SI_UNIT($,.STERADIAN.) SOLID_ANGLE_UNIT() );
#16765 = UNCERTAINTY_MEASURE_WITH_UNIT(LENGTH_MEASURE(1.E-07),#16762,
  'distance_accuracy_value','confusion accuracy');
#16766 = CONTEXT_DEPENDENT_SHAPE_REPRESENTATION(#16767,#16769);
#16767 = ( REPRESENTATION_RELATIONSHIP('','',#15148,#10) 
REPRESENTATION_RELATIONSHIP_WITH_TRANSFORMATION(#16768) 
SHAPE_REPRESENTATION_RELATIONSHIP() );
#16768 = ITEM_DEFINED_TRANSFORMATION('','',#11,#47);
#16769 = PRODUCT_DEFINITION_SHAPE('Placement','Placement of an item',
  #16770);
#16770 = NEXT_ASSEMBLY_USAGE_OCCURRENCE('9','saddle_cradle','',#5,#15143
  ,$);
#16771 = PRODUCT_RELATED_PRODUCT_CATEGORY('part',$,(#15145));
#16772 = SHAPE_DEFINITION_REPRESENTATION(#16773,#16779);
#16773 = PRODUCT_DEFINITION_SHAPE('','',#16774);
#16774 = PRODUCT_DEFINITION('design','',#16775,#16778);
#16775 = PRODUCT_DEFINITION_FORMATION('','',#16776);
#16776 = PRODUCT('soft_liner','soft_liner','',(#16777));
#16777 = PRODUCT_CONTEXT('',#2,'mechanical');
#16778 = PRODUCT_DEFINITION_CONTEXT('part definition',#2,'design');
#16779 = ADVANCED_BREP_SHAPE_REPRESENTATION('',(#11,#16780),#17114);
#16780 = MANIFOLD_SOLID_BREP('',#16781);
#16781 = CLOSED_SHELL('',(#16782,#16904,#16981,#17030,#17080,#17107));
#16782 = ADVANCED_FACE('',(#16783),#16798,.T.);
#16783 = FACE_BOUND('',#16784,.T.);
#16784 = EDGE_LOOP('',(#16785,#16821,#16849,#16878));
#16785 = ORIENTED_EDGE('',*,*,#16786,.F.);
#16786 = EDGE_CURVE('',#16787,#16789,#16791,.T.);
#16787 = VERTEX_POINT('',#16788);
#16788 = CARTESIAN_POINT('',(142.3,-17.32050807568,50.3));
#16789 = VERTEX_POINT('',#16790);
#16790 = CARTESIAN_POINT('',(142.3,17.320508075689,50.3));
#16791 = SURFACE_CURVE('',#16792,(#16797,#16809),.PCURVE_S1.);
#16792 = CIRCLE('',#16793,20.);
#16793 = AXIS2_PLACEMENT_3D('',#16794,#16795,#16796);
#16794 = CARTESIAN_POINT('',(142.3,0.,60.3));
#16795 = DIRECTION('',(1.,0.,0.));
#16796 = DIRECTION('',(-0.,0.,1.));
#16797 = PCURVE('',#16798,#16803);
#16798 = CYLINDRICAL_SURFACE('',#16799,20.);
#16799 = AXIS2_PLACEMENT_3D('',#16800,#16801,#16802);
#16800 = CARTESIAN_POINT('',(134.3,0.,60.3));
#16801 = DIRECTION('',(1.,0.,0.));
#16802 = DIRECTION('',(-0.,0.,1.));
#16803 = DEFINITIONAL_REPRESENTATION('',(#16804),#16808);
#16804 = LINE('',#16805,#16806);
#16805 = CARTESIAN_POINT('',(0.,8.));
#16806 = VECTOR('',#16807,1.);
#16807 = DIRECTION('',(1.,0.));
#16808 = ( GEOMETRIC_REPRESENTATION_CONTEXT(2) 
PARAMETRIC_REPRESENTATION_CONTEXT() REPRESENTATION_CONTEXT('2D SPACE',''
  ) );
#16809 = PCURVE('',#16810,#16815);
#16810 = PLANE('',#16811);
#16811 = AXIS2_PLACEMENT_3D('',#16812,#16813,#16814);
#16812 = CARTESIAN_POINT('',(142.3,0.,60.3));
#16813 = DIRECTION('',(1.,0.,0.));
#16814 = DIRECTION('',(-0.,0.,1.));
#16815 = DEFINITIONAL_REPRESENTATION('',(#16816),#16820);
#16816 = CIRCLE('',#16817,20.);
#16817 = AXIS2_PLACEMENT_2D('',#16818,#16819);
#16818 = CARTESIAN_POINT('',(0.,0.));
#16819 = DIRECTION('',(1.,0.));
#16820 = ( GEOMETRIC_REPRESENTATION_CONTEXT(2) 
PARAMETRIC_REPRESENTATION_CONTEXT() REPRESENTATION_CONTEXT('2D SPACE',''
  ) );
#16821 = ORIENTED_EDGE('',*,*,#16822,.F.);
#16822 = EDGE_CURVE('',#16823,#16787,#16825,.T.);
#16823 = VERTEX_POINT('',#16824);
#16824 = CARTESIAN_POINT('',(134.3,-17.32050807568,50.3));
#16825 = SURFACE_CURVE('',#16826,(#16830,#16837),.PCURVE_S1.);
#16826 = LINE('',#16827,#16828);
#16827 = CARTESIAN_POINT('',(134.3,-17.32050807568,50.3));
#16828 = VECTOR('',#16829,1.);
#16829 = DIRECTION('',(1.,0.,0.));
#16830 = PCURVE('',#16798,#16831);
#16831 = DEFINITIONAL_REPRESENTATION('',(#16832),#16836);
#16832 = LINE('',#16833,#16834);
#16833 = CARTESIAN_POINT('',(2.094395102393,0.));
#16834 = VECTOR('',#16835,1.);
#16835 = DIRECTION('',(0.,1.));
#16836 = ( GEOMETRIC_REPRESENTATION_CONTEXT(2) 
PARAMETRIC_REPRESENTATION_CONTEXT() REPRESENTATION_CONTEXT('2D SPACE',''
  ) );
#16837 = PCURVE('',#16838,#16843);
#16838 = PLANE('',#16839);
#16839 = AXIS2_PLACEMENT_3D('',#16840,#16841,#16842);
#16840 = CARTESIAN_POINT('',(133.3,0.,60.3));
#16841 = DIRECTION('',(0.,0.5,-0.866025403784));
#16842 = DIRECTION('',(0.,-0.866025403784,-0.5));
#16843 = DEFINITIONAL_REPRESENTATION('',(#16844),#16848);
#16844 = LINE('',#16845,#16846);
#16845 = CARTESIAN_POINT('',(20.,-1.));
#16846 = VECTOR('',#16847,1.);
#16847 = DIRECTION('',(0.,-1.));
#16848 = ( GEOMETRIC_REPRESENTATION_CONTEXT(2) 
PARAMETRIC_REPRESENTATION_CONTEXT() REPRESENTATION_CONTEXT('2D SPACE',''
  ) );
#16849 = ORIENTED_EDGE('',*,*,#16850,.T.);
#16850 = EDGE_CURVE('',#16823,#16851,#16853,.T.);
#16851 = VERTEX_POINT('',#16852);
#16852 = CARTESIAN_POINT('',(134.3,17.320508075689,50.3));
#16853 = SURFACE_CURVE('',#16854,(#16859,#16866),.PCURVE_S1.);
#16854 = CIRCLE('',#16855,20.);
#16855 = AXIS2_PLACEMENT_3D('',#16856,#16857,#16858);
#16856 = CARTESIAN_POINT('',(134.3,0.,60.3));
#16857 = DIRECTION('',(1.,0.,0.));
#16858 = DIRECTION('',(-0.,0.,1.));
#16859 = PCURVE('',#16798,#16860);
#16860 = DEFINITIONAL_REPRESENTATION('',(#16861),#16865);
#16861 = LINE('',#16862,#16863);
#16862 = CARTESIAN_POINT('',(0.,0.));
#16863 = VECTOR('',#16864,1.);
#16864 = DIRECTION('',(1.,0.));
#16865 = ( GEOMETRIC_REPRESENTATION_CONTEXT(2) 
PARAMETRIC_REPRESENTATION_CONTEXT() REPRESENTATION_CONTEXT('2D SPACE',''
  ) );
#16866 = PCURVE('',#16867,#16872);
#16867 = PLANE('',#16868);
#16868 = AXIS2_PLACEMENT_3D('',#16869,#16870,#16871);
#16869 = CARTESIAN_POINT('',(134.3,0.,60.3));
#16870 = DIRECTION('',(1.,0.,0.));
#16871 = DIRECTION('',(-0.,0.,1.));
#16872 = DEFINITIONAL_REPRESENTATION('',(#16873),#16877);
#16873 = CIRCLE('',#16874,20.);
#16874 = AXIS2_PLACEMENT_2D('',#16875,#16876);
#16875 = CARTESIAN_POINT('',(0.,0.));
#16876 = DIRECTION('',(1.,0.));
#16877 = ( GEOMETRIC_REPRESENTATION_CONTEXT(2) 
PARAMETRIC_REPRESENTATION_CONTEXT() REPRESENTATION_CONTEXT('2D SPACE',''
  ) );
#16878 = ORIENTED_EDGE('',*,*,#16879,.T.);
#16879 = EDGE_CURVE('',#16851,#16789,#16880,.T.);
#16880 = SURFACE_CURVE('',#16881,(#16885,#16892),.PCURVE_S1.);
#16881 = LINE('',#16882,#16883);
#16882 = CARTESIAN_POINT('',(134.3,17.320508075689,50.3));
#16883 = VECTOR('',#16884,1.);
#16884 = DIRECTION('',(1.,0.,0.));
#16885 = PCURVE('',#16798,#16886);
#16886 = DEFINITIONAL_REPRESENTATION('',(#16887),#16891);
#16887 = LINE('',#16888,#16889);
#16888 = CARTESIAN_POINT('',(4.188790204786,0.));
#16889 = VECTOR('',#16890,1.);
#16890 = DIRECTION('',(0.,1.));
#16891 = ( GEOMETRIC_REPRESENTATION_CONTEXT(2) 
PARAMETRIC_REPRESENTATION_CONTEXT() REPRESENTATION_CONTEXT('2D SPACE',''
  ) );
#16892 = PCURVE('',#16893,#16898);
#16893 = PLANE('',#16894);
#16894 = AXIS2_PLACEMENT_3D('',#16895,#16896,#16897);
#16895 = CARTESIAN_POINT('',(133.3,50.,31.432486540519));
#16896 = DIRECTION('',(0.,-0.5,-0.866025403784));
#16897 = DIRECTION('',(0.,-0.866025403784,0.5));
#16898 = DEFINITIONAL_REPRESENTATION('',(#16899),#16903);
#16899 = LINE('',#16900,#16901);
#16900 = CARTESIAN_POINT('',(37.735026918963,-1.));
#16901 = VECTOR('',#16902,1.);
#16902 = DIRECTION('',(0.,-1.));
#16903 = ( GEOMETRIC_REPRESENTATION_CONTEXT(2) 
PARAMETRIC_REPRESENTATION_CONTEXT() REPRESENTATION_CONTEXT('2D SPACE',''
  ) );
#16904 = ADVANCED_FACE('',(#16905),#16810,.T.);
#16905 = FACE_BOUND('',#16906,.T.);
#16906 = EDGE_LOOP('',(#16907,#16930,#16931,#16954));
#16907 = ORIENTED_EDGE('',*,*,#16908,.F.);
#16908 = EDGE_CURVE('',#16787,#16909,#16911,.T.);
#16909 = VERTEX_POINT('',#16910);
#16910 = CARTESIAN_POINT('',(142.3,-16.4544826719,50.8));
#16911 = SURFACE_CURVE('',#16912,(#16916,#16923),.PCURVE_S1.);
#16912 = LINE('',#16913,#16914);
#16913 = CARTESIAN_POINT('',(142.3,0.,60.3));
#16914 = VECTOR('',#16915,1.);
#16915 = DIRECTION('',(-0.,0.866025403784,0.5));
#16916 = PCURVE('',#16810,#16917);
#16917 = DEFINITIONAL_REPRESENTATION('',(#16918),#16922);
#16918 = LINE('',#16919,#16920);
#16919 = CARTESIAN_POINT('',(0.,0.));
#16920 = VECTOR('',#16921,1.);
#16921 = DIRECTION('',(0.5,-0.866025403784));
#16922 = ( GEOMETRIC_REPRESENTATION_CONTEXT(2) 
PARAMETRIC_REPRESENTATION_CONTEXT() REPRESENTATION_CONTEXT('2D SPACE',''
  ) );
#16923 = PCURVE('',#16838,#16924);
#16924 = DEFINITIONAL_REPRESENTATION('',(#16925),#16929);
#16925 = LINE('',#16926,#16927);
#16926 = CARTESIAN_POINT('',(0.,-9.));
#16927 = VECTOR('',#16928,1.);
#16928 = DIRECTION('',(-1.,0.));
#16929 = ( GEOMETRIC_REPRESENTATION_CONTEXT(2) 
PARAMETRIC_REPRESENTATION_CONTEXT() REPRESENTATION_CONTEXT('2D SPACE',''
  ) );
#16930 = ORIENTED_EDGE('',*,*,#16786,.T.);
#16931 = ORIENTED_EDGE('',*,*,#16932,.F.);
#16932 = EDGE_CURVE('',#16933,#16789,#16935,.T.);
#16933 = VERTEX_POINT('',#16934);
#16934 = CARTESIAN_POINT('',(142.3,16.454482671904,50.8));
#16935 = SURFACE_CURVE('',#16936,(#16940,#16947),.PCURVE_S1.);
#16936 = LINE('',#16937,#16938);
#16937 = CARTESIAN_POINT('',(142.3,25.,45.866243270259));
#16938 = VECTOR('',#16939,1.);
#16939 = DIRECTION('',(0.,0.866025403784,-0.5));
#16940 = PCURVE('',#16810,#16941);
#16941 = DEFINITIONAL_REPRESENTATION('',(#16942),#16946);
#16942 = LINE('',#16943,#16944);
#16943 = CARTESIAN_POINT('',(-14.43375672974,-25.));
#16944 = VECTOR('',#16945,1.);
#16945 = DIRECTION('',(-0.5,-0.866025403784));
#16946 = ( GEOMETRIC_REPRESENTATION_CONTEXT(2) 
PARAMETRIC_REPRESENTATION_CONTEXT() REPRESENTATION_CONTEXT('2D SPACE',''
  ) );
#16947 = PCURVE('',#16893,#16948);
#16948 = DEFINITIONAL_REPRESENTATION('',(#16949),#16953);
#16949 = LINE('',#16950,#16951);
#16950 = CARTESIAN_POINT('',(28.867513459481,-9.));
#16951 = VECTOR('',#16952,1.);
#16952 = DIRECTION('',(-1.,-0.));
#16953 = ( GEOMETRIC_REPRESENTATION_CONTEXT(2) 
PARAMETRIC_REPRESENTATION_CONTEXT() REPRESENTATION_CONTEXT('2D SPACE',''
  ) );
#16954 = ORIENTED_EDGE('',*,*,#16955,.F.);
#16955 = EDGE_CURVE('',#16909,#16933,#16956,.T.);
#16956 = SURFACE_CURVE('',#16957,(#16962,#16969),.PCURVE_S1.);
#16957 = CIRCLE('',#16958,19.);
#16958 = AXIS2_PLACEMENT_3D('',#16959,#16960,#16961);
#16959 = CARTESIAN_POINT('',(142.3,0.,60.3));
#16960 = DIRECTION('',(1.,0.,0.));
#16961 = DIRECTION('',(-0.,0.,1.));
#16962 = PCURVE('',#16810,#16963);
#16963 = DEFINITIONAL_REPRESENTATION('',(#16964),#16968);
#16964 = CIRCLE('',#16965,19.);
#16965 = AXIS2_PLACEMENT_2D('',#16966,#16967);
#16966 = CARTESIAN_POINT('',(0.,0.));
#16967 = DIRECTION('',(1.,0.));
#16968 = ( GEOMETRIC_REPRESENTATION_CONTEXT(2) 
PARAMETRIC_REPRESENTATION_CONTEXT() REPRESENTATION_CONTEXT('2D SPACE',''
  ) );
#16969 = PCURVE('',#16970,#16975);
#16970 = CYLINDRICAL_SURFACE('',#16971,19.);
#16971 = AXIS2_PLACEMENT_3D('',#16972,#16973,#16974);
#16972 = CARTESIAN_POINT('',(133.3,0.,60.3));
#16973 = DIRECTION('',(1.,0.,0.));
#16974 = DIRECTION('',(-0.,0.,1.));
#16975 = DEFINITIONAL_REPRESENTATION('',(#16976),#16980);
#16976 = LINE('',#16977,#16978);
#16977 = CARTESIAN_POINT('',(0.,9.));
#16978 = VECTOR('',#16979,1.);
#16979 = DIRECTION('',(1.,0.));
#16980 = ( GEOMETRIC_REPRESENTATION_CONTEXT(2) 
PARAMETRIC_REPRESENTATION_CONTEXT() REPRESENTATION_CONTEXT('2D SPACE',''
  ) );
#16981 = ADVANCED_FACE('',(#16982),#16893,.F.);
#16982 = FACE_BOUND('',#16983,.F.);
#16983 = EDGE_LOOP('',(#16984,#17007,#17008,#17009));
#16984 = ORIENTED_EDGE('',*,*,#16985,.T.);
#16985 = EDGE_CURVE('',#16986,#16851,#16988,.T.);
#16986 = VERTEX_POINT('',#16987);
#16987 = CARTESIAN_POINT('',(134.3,16.454482671904,50.8));
#16988 = SURFACE_CURVE('',#16989,(#16993,#17000),.PCURVE_S1.);
#16989 = LINE('',#16990,#16991);
#16990 = CARTESIAN_POINT('',(134.3,25.,45.866243270259));
#16991 = VECTOR('',#16992,1.);
#16992 = DIRECTION('',(0.,0.866025403784,-0.5));
#16993 = PCURVE('',#16893,#16994);
#16994 = DEFINITIONAL_REPRESENTATION('',(#16995),#16999);
#16995 = LINE('',#16996,#16997);
#16996 = CARTESIAN_POINT('',(28.867513459481,-1.));
#16997 = VECTOR('',#16998,1.);
#16998 = DIRECTION('',(-1.,-0.));
#16999 = ( GEOMETRIC_REPRESENTATION_CONTEXT(2) 
PARAMETRIC_REPRESENTATION_CONTEXT() REPRESENTATION_CONTEXT('2D SPACE',''
  ) );
#17000 = PCURVE('',#16867,#17001);
#17001 = DEFINITIONAL_REPRESENTATION('',(#17002),#17006);
#17002 = LINE('',#17003,#17004);
#17003 = CARTESIAN_POINT('',(-14.43375672974,-25.));
#17004 = VECTOR('',#17005,1.);
#17005 = DIRECTION('',(-0.5,-0.866025403784));
#17006 = ( GEOMETRIC_REPRESENTATION_CONTEXT(2) 
PARAMETRIC_REPRESENTATION_CONTEXT() REPRESENTATION_CONTEXT('2D SPACE',''
  ) );
#17007 = ORIENTED_EDGE('',*,*,#16879,.T.);
#17008 = ORIENTED_EDGE('',*,*,#16932,.F.);
#17009 = ORIENTED_EDGE('',*,*,#17010,.F.);
#17010 = EDGE_CURVE('',#16986,#16933,#17011,.T.);
#17011 = SURFACE_CURVE('',#17012,(#17016,#17023),.PCURVE_S1.);
#17012 = LINE('',#17013,#17014);
#17013 = CARTESIAN_POINT('',(133.3,16.454482671904,50.8));
#17014 = VECTOR('',#17015,1.);
#17015 = DIRECTION('',(1.,0.,0.));
#17016 = PCURVE('',#16893,#17017);
#17017 = DEFINITIONAL_REPRESENTATION('',(#17018),#17022);
#17018 = LINE('',#17019,#17020);
#17019 = CARTESIAN_POINT('',(38.735026918963,0.));
#17020 = VECTOR('',#17021,1.);
#17021 = DIRECTION('',(0.,-1.));
#17022 = ( GEOMETRIC_REPRESENTATION_CONTEXT(2) 
PARAMETRIC_REPRESENTATION_CONTEXT() REPRESENTATION_CONTEXT('2D SPACE',''
  ) );
#17023 = PCURVE('',#16970,#17024);
#17024 = DEFINITIONAL_REPRESENTATION('',(#17025),#17029);
#17025 = LINE('',#17026,#17027);
#17026 = CARTESIAN_POINT('',(4.188790204786,0.));
#17027 = VECTOR('',#17028,1.);
#17028 = DIRECTION('',(0.,1.));
#17029 = ( GEOMETRIC_REPRESENTATION_CONTEXT(2) 
PARAMETRIC_REPRESENTATION_CONTEXT() REPRESENTATION_CONTEXT('2D SPACE',''
  ) );
#17030 = ADVANCED_FACE('',(#17031),#16867,.F.);
#17031 = FACE_BOUND('',#17032,.F.);
#17032 = EDGE_LOOP('',(#17033,#17056,#17057,#17058));
#17033 = ORIENTED_EDGE('',*,*,#17034,.F.);
#17034 = EDGE_CURVE('',#16823,#17035,#17037,.T.);
#17035 = VERTEX_POINT('',#17036);
#17036 = CARTESIAN_POINT('',(134.3,-16.4544826719,50.8));
#17037 = SURFACE_CURVE('',#17038,(#17042,#17049),.PCURVE_S1.);
#17038 = LINE('',#17039,#17040);
#17039 = CARTESIAN_POINT('',(134.3,0.,60.3));
#17040 = VECTOR('',#17041,1.);
#17041 = DIRECTION('',(-0.,0.866025403784,0.5));
#17042 = PCURVE('',#16867,#17043);
#17043 = DEFINITIONAL_REPRESENTATION('',(#17044),#17048);
#17044 = LINE('',#17045,#17046);
#17045 = CARTESIAN_POINT('',(0.,0.));
#17046 = VECTOR('',#17047,1.);
#17047 = DIRECTION('',(0.5,-0.866025403784));
#17048 = ( GEOMETRIC_REPRESENTATION_CONTEXT(2) 
PARAMETRIC_REPRESENTATION_CONTEXT() REPRESENTATION_CONTEXT('2D SPACE',''
  ) );
#17049 = PCURVE('',#16838,#17050);
#17050 = DEFINITIONAL_REPRESENTATION('',(#17051),#17055);
#17051 = LINE('',#17052,#17053);
#17052 = CARTESIAN_POINT('',(0.,-1.));
#17053 = VECTOR('',#17054,1.);
#17054 = DIRECTION('',(-1.,0.));
#17055 = ( GEOMETRIC_REPRESENTATION_CONTEXT(2) 
PARAMETRIC_REPRESENTATION_CONTEXT() REPRESENTATION_CONTEXT('2D SPACE',''
  ) );
#17056 = ORIENTED_EDGE('',*,*,#16850,.T.);
#17057 = ORIENTED_EDGE('',*,*,#16985,.F.);
#17058 = ORIENTED_EDGE('',*,*,#17059,.F.);
#17059 = EDGE_CURVE('',#17035,#16986,#17060,.T.);
#17060 = SURFACE_CURVE('',#17061,(#17066,#17073),.PCURVE_S1.);
#17061 = CIRCLE('',#17062,19.);
#17062 = AXIS2_PLACEMENT_3D('',#17063,#17064,#17065);
#17063 = CARTESIAN_POINT('',(134.3,0.,60.3));
#17064 = DIRECTION('',(1.,0.,0.));
#17065 = DIRECTION('',(-0.,0.,1.));
#17066 = PCURVE('',#16867,#17067);
#17067 = DEFINITIONAL_REPRESENTATION('',(#17068),#17072);
#17068 = CIRCLE('',#17069,19.);
#17069 = AXIS2_PLACEMENT_2D('',#17070,#17071);
#17070 = CARTESIAN_POINT('',(0.,0.));
#17071 = DIRECTION('',(1.,0.));
#17072 = ( GEOMETRIC_REPRESENTATION_CONTEXT(2) 
PARAMETRIC_REPRESENTATION_CONTEXT() REPRESENTATION_CONTEXT('2D SPACE',''
  ) );
#17073 = PCURVE('',#16970,#17074);
#17074 = DEFINITIONAL_REPRESENTATION('',(#17075),#17079);
#17075 = LINE('',#17076,#17077);
#17076 = CARTESIAN_POINT('',(0.,1.));
#17077 = VECTOR('',#17078,1.);
#17078 = DIRECTION('',(1.,0.));
#17079 = ( GEOMETRIC_REPRESENTATION_CONTEXT(2) 
PARAMETRIC_REPRESENTATION_CONTEXT() REPRESENTATION_CONTEXT('2D SPACE',''
  ) );
#17080 = ADVANCED_FACE('',(#17081),#16838,.F.);
#17081 = FACE_BOUND('',#17082,.F.);
#17082 = EDGE_LOOP('',(#17083,#17084,#17085,#17106));
#17083 = ORIENTED_EDGE('',*,*,#16822,.F.);
#17084 = ORIENTED_EDGE('',*,*,#17034,.T.);
#17085 = ORIENTED_EDGE('',*,*,#17086,.T.);
#17086 = EDGE_CURVE('',#17035,#16909,#17087,.T.);
#17087 = SURFACE_CURVE('',#17088,(#17092,#17099),.PCURVE_S1.);
#17088 = LINE('',#17089,#17090);
#17089 = CARTESIAN_POINT('',(133.3,-16.4544826719,50.8));
#17090 = VECTOR('',#17091,1.);
#17091 = DIRECTION('',(1.,0.,0.));
#17092 = PCURVE('',#16838,#17093);
#17093 = DEFINITIONAL_REPRESENTATION('',(#17094),#17098);
#17094 = LINE('',#17095,#17096);
#17095 = CARTESIAN_POINT('',(19.,0.));
#17096 = VECTOR('',#17097,1.);
#17097 = DIRECTION('',(0.,-1.));
#17098 = ( GEOMETRIC_REPRESENTATION_CONTEXT(2) 
PARAMETRIC_REPRESENTATION_CONTEXT() REPRESENTATION_CONTEXT('2D SPACE',''
  ) );
#17099 = PCURVE('',#16970,#17100);
#17100 = DEFINITIONAL_REPRESENTATION('',(#17101),#17105);
#17101 = LINE('',#17102,#17103);
#17102 = CARTESIAN_POINT('',(2.094395102393,0.));
#17103 = VECTOR('',#17104,1.);
#17104 = DIRECTION('',(0.,1.));
#17105 = ( GEOMETRIC_REPRESENTATION_CONTEXT(2) 
PARAMETRIC_REPRESENTATION_CONTEXT() REPRESENTATION_CONTEXT('2D SPACE',''
  ) );
#17106 = ORIENTED_EDGE('',*,*,#16908,.F.);
#17107 = ADVANCED_FACE('',(#17108),#16970,.F.);
#17108 = FACE_BOUND('',#17109,.F.);
#17109 = EDGE_LOOP('',(#17110,#17111,#17112,#17113));
#17110 = ORIENTED_EDGE('',*,*,#16955,.F.);
#17111 = ORIENTED_EDGE('',*,*,#17086,.F.);
#17112 = ORIENTED_EDGE('',*,*,#17059,.T.);
#17113 = ORIENTED_EDGE('',*,*,#17010,.T.);
#17114 = ( GEOMETRIC_REPRESENTATION_CONTEXT(3) 
GLOBAL_UNCERTAINTY_ASSIGNED_CONTEXT((#17118)) 
GLOBAL_UNIT_ASSIGNED_CONTEXT((#17115,#17116,#17117)) 
REPRESENTATION_CONTEXT('Context #1',
  '3D Context with UNIT and UNCERTAINTY') );
#17115 = ( LENGTH_UNIT() NAMED_UNIT(*) SI_UNIT(.MILLI.,.METRE.) );
#17116 = ( NAMED_UNIT(*) PLANE_ANGLE_UNIT() SI_UNIT($,.RADIAN.) );
#17117 = ( NAMED_UNIT(*) SI_UNIT($,.STERADIAN.) SOLID_ANGLE_UNIT() );
#17118 = UNCERTAINTY_MEASURE_WITH_UNIT(LENGTH_MEASURE(2.E-07),#17115,
  'distance_accuracy_value','confusion accuracy');
#17119 = CONTEXT_DEPENDENT_SHAPE_REPRESENTATION(#17120,#17122);
#17120 = ( REPRESENTATION_RELATIONSHIP('','',#16779,#10) 
REPRESENTATION_RELATIONSHIP_WITH_TRANSFORMATION(#17121) 
SHAPE_REPRESENTATION_RELATIONSHIP() );
#17121 = ITEM_DEFINED_TRANSFORMATION('','',#11,#51);
#17122 = PRODUCT_DEFINITION_SHAPE('Placement','Placement of an item',
  #17123);
#17123 = NEXT_ASSEMBLY_USAGE_OCCURRENCE('10','soft_liner','',#5,#16774,$
  );
#17124 = PRODUCT_RELATED_PRODUCT_CATEGORY('part',$,(#16776));
ENDSEC;
END-ISO-10303-21;
